db_name,table_name,column_name,data_type,is_primary_key,foreign_key_ref
debit_card_specializing,customers,CustomerID,INT,yes,
debit_card_specializing,customers,client segment,TEXT,no,
debit_card_specializing,customers,Currency,TEXT,no,
debit_card_specializing,gasstations,Gas Station ID,INT,yes,
debit_card_specializing,gasstations,Chain ID,INT,no,
debit_card_specializing,gasstations,Country,TEXT,no,
debit_card_specializing,gasstations,chain segment,TEXT,no,
debit_card_specializing,products,Product ID,INT,yes,
debit_card_specializing,products,Description,TEXT,no,
debit_card_specializing,transactions_1k,Transaction ID,INT,yes,
debit_card_specializing,transactions_1k,Date,TEXT,no,
debit_card_specializing,transactions_1k,Time,TEXT,no,
debit_card_specializing,transactions_1k,Customer ID,INT,no,
debit_card_specializing,transactions_1k,Card ID,INT,no,
debit_card_specializing,transactions_1k,Gas Station ID,INT,no,
debit_card_specializing,transactions_1k,Product ID,INT,no,
debit_card_specializing,transactions_1k,Amount,INT,no,
debit_card_specializing,transactions_1k,Price,REAL,no,
debit_card_specializing,yearmonth,Customer ID,INT,yes,customers.CustomerID
debit_card_specializing,yearmonth,Date,TEXT,yes,
debit_card_specializing,yearmonth,Consumption,REAL,no,
financial,account,account id,INT,yes,
financial,account,location of branch,INT,no,district.location of branch
financial,account,frequency,TEXT,no,
financial,account,date,TEXT,no,
financial,card,credit card id,INT,yes,
financial,card,disposition id,INT,no,disp.disposition id
financial,card,type,TEXT,no,
financial,card,issued,TEXT,no,
financial,client,client_id,INT,yes,
financial,client,gender,TEXT,no,
financial,client,birth_date,TEXT,no,
financial,client,location of branch,INT,no,district.location of branch
financial,disp,disposition id,INT,yes,
financial,disp,client_id,INT,no,client.client_id
financial,disp,account_id,INT,no,account.account id
financial,disp,type,TEXT,no,
financial,district,location of branch,INT,yes,
financial,district,district_name,TEXT,no,
financial,district,region,TEXT,no,
financial,district,number of inhabitants,TEXT,no,
financial,district,no. of municipalities with inhabitants < 499,TEXT,no,
financial,district,no. of municipalities with inhabitants 500-1999,TEXT,no,
financial,district,no. of municipalities with inhabitants 2000-9999,TEXT,no,
financial,district,no. of municipalities with inhabitants > 10000,INT,no,
financial,district,A9,INT,no,
financial,district,ratio of urban inhabitants,REAL,no,
financial,district,average salary,INT,no,
financial,district,unemployment rate 1995,REAL,no,
financial,district,unemployment rate 1996,REAL,no,
financial,district,no. of entrepreneurs per 1000 inhabitants,INT,no,
financial,district,no. of committed crimes 1995,INT,no,
financial,district,no. of committed crimes 1996,INT,no,
financial,loan,loan_id,INT,yes,
financial,loan,account_id,INT,no,account.account id
financial,loan,date,TEXT,no,
financial,loan,amount,INT,no,
financial,loan,duration,INT,no,
financial,loan,monthly payments,REAL,no,
financial,loan,status,TEXT,no,
financial,order,order_id,INT,yes,
financial,order,account_id,INT,no,account.account id
financial,order,bank of the recipient,TEXT,no,
financial,order,account of the recipient,INT,no,
financial,order,debited amount,REAL,no,
financial,order,characterization of the payment,TEXT,no,
financial,trans,transaction id,INT,yes,
financial,trans,account_id,INT,no,account.account id
financial,trans,date of transaction,TEXT,no,
financial,trans,+/- transaction,TEXT,no,
financial,trans,mode of transaction,TEXT,no,
financial,trans,amount of money,INT,no,
financial,trans,balance after transaction,INT,no,
financial,trans,characterization of the transaction,TEXT,no,
financial,trans,bank of the partner,TEXT,no,
financial,trans,account of the partner,INT,no,
formula_1,circuits,circuit Id,INT,yes,
formula_1,circuits,circuit reference name,TEXT,no,
formula_1,circuits,name,TEXT,no,
formula_1,circuits,location,TEXT,no,
formula_1,circuits,country,TEXT,no,
formula_1,circuits,latitude,REAL,no,
formula_1,circuits,longitude,REAL,no,
formula_1,circuits,alt,INT,no,
formula_1,circuits,url,TEXT,no,
formula_1,constructors,constructor Id,INT,yes,
formula_1,constructors,Constructor Reference name,TEXT,no,
formula_1,constructors,name,TEXT,no,
formula_1,constructors,nationality,TEXT,no,
formula_1,constructors,url,TEXT,no,
formula_1,drivers,driver ID,INT,yes,
formula_1,drivers,driver reference name,TEXT,no,
formula_1,drivers,number,INT,no,
formula_1,drivers,code,TEXT,no,
formula_1,drivers,forename,TEXT,no,
formula_1,drivers,surname,TEXT,no,
formula_1,drivers,date of birth,TEXT,no,
formula_1,drivers,nationality,TEXT,no,
formula_1,drivers,url,TEXT,no,
formula_1,seasons,race ID,INT,yes,
formula_1,seasons,url,TEXT,no,
formula_1,races,race ID,INT,yes,
formula_1,races,year,INT,no,seasons.race ID
formula_1,races,round,INT,no,
formula_1,races,Circuit Id,INT,no,circuits.circuit Id
formula_1,races,name,TEXT,no,
formula_1,races,date,TEXT,no,
formula_1,races,time,TEXT,no,
formula_1,races,url,TEXT,no,
formula_1,constructorresults,constructor Results Id,INT,yes,
formula_1,constructorresults,race Id,INT,no,races.race ID
formula_1,constructorresults,constructor Id,INT,no,constructors.constructor Id
formula_1,constructorresults,points,REAL,no,
formula_1,constructorresults,status,TEXT,no,
formula_1,constructorstandings,constructor Standings Id,INT,yes,
formula_1,constructorstandings,race id,INT,no,races.race ID
formula_1,constructorstandings,constructor id,INT,no,constructors.constructor Id
formula_1,constructorstandings,points,REAL,no,
formula_1,constructorstandings,position,INT,no,
formula_1,constructorstandings,position text,TEXT,no,
formula_1,constructorstandings,wins,INT,no,
formula_1,driverstandings,driver Standings Id,INT,yes,
formula_1,driverstandings,constructor Reference name,INT,no,races.race ID
formula_1,driverstandings,driverId,INT,no,drivers.driver ID
formula_1,driverstandings,points,REAL,no,
formula_1,driverstandings,position,INT,no,
formula_1,driverstandings,position text,TEXT,no,
formula_1,driverstandings,wins,INT,no,
formula_1,laptimes,race ID,INT,yes,races.race ID
formula_1,laptimes,driver ID,INT,yes,drivers.driver ID
formula_1,laptimes,lap,INT,yes,
formula_1,laptimes,position,INT,no,
formula_1,laptimes,time,TEXT,no,
formula_1,laptimes,milliseconds,INT,no,
formula_1,pitstops,race ID,INT,yes,races.race ID
formula_1,pitstops,driver ID,INT,yes,drivers.driver ID
formula_1,pitstops,stop,INT,yes,
formula_1,pitstops,lap,INT,no,
formula_1,pitstops,time,TEXT,no,
formula_1,pitstops,duration,TEXT,no,
formula_1,pitstops,milliseconds,INT,no,
formula_1,qualifying,qualify Id,INT,yes,
formula_1,qualifying,race Id,INT,no,races.race ID
formula_1,qualifying,driver Id,INT,no,drivers.driver ID
formula_1,qualifying,constructor id,INT,no,constructors.constructor Id
formula_1,qualifying,number,INT,no,
formula_1,qualifying,position,INT,no,
formula_1,qualifying,qualifying 1,TEXT,no,
formula_1,qualifying,qualifying 2,TEXT,no,
formula_1,qualifying,qualifying 3,TEXT,no,
formula_1,status,status ID,INT,yes,
formula_1,status,status,TEXT,no,
formula_1,results,Result ID,INT,yes,
formula_1,results,race ID,INT,no,races.race ID
formula_1,results,driver ID,INT,no,drivers.driver ID
formula_1,results,constructor Id,INT,no,constructors.constructor Id
formula_1,results,number,INT,no,
formula_1,results,grid,INT,no,
formula_1,results,position,INT,no,
formula_1,results,position text,TEXT,no,
formula_1,results,position order,INT,no,
formula_1,results,points,REAL,no,
formula_1,results,laps,INT,no,
formula_1,results,time,TEXT,no,
formula_1,results,milliseconds,INT,no,
formula_1,results,fastest lap,INT,no,
formula_1,results,rank,INT,no,
formula_1,results,fastest Lap Time,TEXT,no,
formula_1,results,fastest Lap Speed,TEXT,no,
formula_1,results,status Id,INT,no,status.status ID
california_schools,frpm,CDSCode,TEXT,yes,schools.CDSCode
california_schools,frpm,Academic Year,TEXT,no,
california_schools,frpm,County Code,TEXT,no,
california_schools,frpm,District Code,INT,no,
california_schools,frpm,School Code,TEXT,no,
california_schools,frpm,County Name,TEXT,no,
california_schools,frpm,District Name,TEXT,no,
california_schools,frpm,School Name,TEXT,no,
california_schools,frpm,District Type,TEXT,no,
california_schools,frpm,School Type,TEXT,no,
california_schools,frpm,Educational Option Type,TEXT,no,
california_schools,frpm,NSLP Provision Status,TEXT,no,
california_schools,frpm,Charter School (Y/N),INT,no,
california_schools,frpm,Charter School Number,TEXT,no,
california_schools,frpm,Charter Funding Type,TEXT,no,
california_schools,frpm,IRC,INT,no,
california_schools,frpm,Low Grade,TEXT,no,
california_schools,frpm,High Grade,TEXT,no,
california_schools,frpm,Enrollment (K-12),REAL,no,
california_schools,frpm,Free Meal Count (K-12),REAL,no,
california_schools,frpm,Percent (%) Eligible Free (K-12),REAL,no,
california_schools,frpm,FRPM Count (K-12),REAL,no,
california_schools,frpm,Percent (%) Eligible FRPM (K-12),REAL,no,
california_schools,frpm,Enrollment (Ages 5-17),REAL,no,
california_schools,frpm,Free Meal Count (Ages 5-17),REAL,no,
california_schools,frpm,Percent (%) Eligible Free (Ages 5-17),REAL,no,
california_schools,frpm,FRPM Count (Ages 5-17),REAL,no,
california_schools,frpm,Percent (%) Eligible FRPM (Ages 5-17),REAL,no,
california_schools,frpm,2013-14 CALPADS Fall 1 Certification Status,INT,no,
california_schools,satscores,cds,TEXT,yes,schools.CDSCode
california_schools,satscores,rtype,TEXT,no,
california_schools,satscores,school name,TEXT,no,
california_schools,satscores,district name,TEXT,no,
california_schools,satscores,county name,TEXT,no,
california_schools,satscores,enrollment (1st-12nd grade),INT,no,
california_schools,satscores,Number of Test Takers,INT,no,
california_schools,satscores,average scores in Reading,INT,no,
california_schools,satscores,average scores in Math,INT,no,
california_schools,satscores,average scores in writing,INT,no,
california_schools,satscores,Number of Test Takers Whose Total SAT Scores Are Greater or Equal to 1500,INT,no,
california_schools,schools,CDSCode,TEXT,yes,
california_schools,schools,National Center for Educational Statistics school district identification number,TEXT,no,
california_schools,schools,National Center for Educational Statistics school identification number,TEXT,no,
california_schools,schools,StatusType,TEXT,no,
california_schools,schools,County,TEXT,no,
california_schools,schools,District,TEXT,no,
california_schools,schools,School,TEXT,no,
california_schools,schools,Street,TEXT,no,
california_schools,schools,street address,TEXT,no,
california_schools,schools,City,TEXT,no,
california_schools,schools,Zip,TEXT,no,
california_schools,schools,State,TEXT,no,
california_schools,schools,MailStreet,TEXT,no,
california_schools,schools,mailing street address,TEXT,no,
california_schools,schools,mailing city,TEXT,no,
california_schools,schools,mailing zip,TEXT,no,
california_schools,schools,mailing state,TEXT,no,
california_schools,schools,Phone,TEXT,no,
california_schools,schools,extension,TEXT,no,
california_schools,schools,Website,TEXT,no,
california_schools,schools,OpenDate,TEXT,no,
california_schools,schools,ClosedDate,TEXT,no,
california_schools,schools,Charter,INT,no,
california_schools,schools,CharterNum,TEXT,no,
california_schools,schools,FundingType,TEXT,no,
california_schools,schools,District Ownership Code,TEXT,no,
california_schools,schools,The District Ownership Code Type,TEXT,no,
california_schools,schools,School Ownership Code,TEXT,no,
california_schools,schools,School Ownership Code Type,TEXT,no,
california_schools,schools,Education Option Code,TEXT,no,
california_schools,schools,Educational Option Name,TEXT,no,
california_schools,schools,Educational Instruction Level Code,TEXT,no,
california_schools,schools,Educational Instruction Level Name,TEXT,no,
california_schools,schools,grade span offered,TEXT,no,
california_schools,schools,grade span served.,TEXT,no,
california_schools,schools,Virtual,TEXT,no,
california_schools,schools,Magnet,INT,no,
california_schools,schools,Latitude,REAL,no,
california_schools,schools,Longitude,REAL,no,
california_schools,schools,administrator's first name 1,TEXT,no,
california_schools,schools,administrator's last name 1,TEXT,no,
california_schools,schools,administrator's email address 1,TEXT,no,
california_schools,schools,administrator's first name 2,TEXT,no,
california_schools,schools,administrator's last name 2,TEXT,no,
california_schools,schools,administrator's email address 2,TEXT,no,
california_schools,schools,administrator's first name 3,TEXT,no,
california_schools,schools,administrator's last name 3,TEXT,no,
california_schools,schools,administrator's email address 3,TEXT,no,
california_schools,schools,Last Update,TEXT,no,
card_games,cards,unique id number identifying the cards,INT,yes,
card_games,cards,artist,TEXT,no,
card_games,cards,ascii Name,TEXT,no,
card_games,cards,availability,TEXT,no,
card_games,cards,border Color,TEXT,no,
card_games,cards,card Kingdom Foil Id,TEXT,no,
card_games,cards,card Kingdom Id,TEXT,no,
card_games,cards,color Identity,TEXT,no,
card_games,cards,color Indicator,TEXT,no,
card_games,cards,colors,TEXT,no,
card_games,cards,converted Mana Cost,REAL,no,
card_games,cards,duel Deck,TEXT,no,
card_games,cards,rec Rank in edh,INT,no,
card_games,cards,face Converted Mana Cost,REAL,no,
card_games,cards,face Name,TEXT,no,
card_games,cards,flavor Name,TEXT,no,
card_games,cards,flavor Text,TEXT,no,
card_games,cards,frame Effects,TEXT,no,
card_games,cards,frame Version,TEXT,no,
card_games,cards,hand,TEXT,no,
card_games,cards,has Alternative Deck Limit,INT,no,
card_games,cards,has Content Warning,INT,no,
card_games,cards,has Foil,INT,no,
card_games,cards,has Non Foil,INT,no,
card_games,cards,is Alternative,INT,no,
card_games,cards,is Full Art,INT,no,
card_games,cards,is Online Only,INT,no,
card_games,cards,is Oversized,INT,no,
card_games,cards,is Promotion,INT,no,
card_games,cards,is Reprint,INT,no,
card_games,cards,is Reserved,INT,no,
card_games,cards,is Starter,INT,no,
card_games,cards,is Story Spotlight,INT,no,
card_games,cards,is Text less,INT,no,
card_games,cards,is Time shifted,INT,no,
card_games,cards,keywords,TEXT,no,
card_games,cards,layout,TEXT,no,
card_games,cards,leadership Skills,TEXT,no,
card_games,cards,life,TEXT,no,
card_games,cards,loyalty,TEXT,no,
card_games,cards,mana Cost,TEXT,no,
card_games,cards,mcmId,TEXT,no,
card_games,cards,mcmMetaId,TEXT,no,
card_games,cards,mtgArenaId,TEXT,no,
card_games,cards,mtgjsonV4Id,TEXT,no,
card_games,cards,mtgoFoilId,TEXT,no,
card_games,cards,mtgoId,TEXT,no,
card_games,cards,multiverseId,TEXT,no,
card_games,cards,name,TEXT,no,
card_games,cards,number,TEXT,no,
card_games,cards,originalReleaseDate,TEXT,no,
card_games,cards,originalText,TEXT,no,
card_games,cards,originalType,TEXT,no,
card_games,cards,otherFaceIds,TEXT,no,
card_games,cards,power,TEXT,no,
card_games,cards,printings,TEXT,no,
card_games,cards,promo Types,TEXT,no,
card_games,cards,purchase Urls,TEXT,no,
card_games,cards,rarity,TEXT,no,
card_games,cards,scryfallId,TEXT,no,
card_games,cards,scryfallIllustrationId,TEXT,no,
card_games,cards,scryfallOracleId,TEXT,no,
card_games,cards,Set Code,TEXT,no,
card_games,cards,side,TEXT,no,
card_games,cards,subtypes,TEXT,no,
card_games,cards,super types,TEXT,no,
card_games,cards,tcg player ProductId,TEXT,no,
card_games,cards,text,TEXT,no,
card_games,cards,toughness,TEXT,no,
card_games,cards,type,TEXT,no,
card_games,cards,types,TEXT,no,
card_games,cards,uuid,TEXT,no,
card_games,cards,variations,TEXT,no,
card_games,cards,watermark,TEXT,no,
card_games,foreign_data,id,INT,yes,
card_games,foreign_data,flavor Text,TEXT,no,
card_games,foreign_data,language,TEXT,no,
card_games,foreign_data,multiverseid,INT,no,
card_games,foreign_data,name,TEXT,no,
card_games,foreign_data,text,TEXT,no,
card_games,foreign_data,type,TEXT,no,
card_games,foreign_data,uuid,TEXT,no,cards.uuid
card_games,legalities,id,INT,yes,
card_games,legalities,format,TEXT,no,
card_games,legalities,status,TEXT,no,
card_games,legalities,uuid,TEXT,no,cards.uuid
card_games,sets,id,INT,yes,
card_games,sets,base Set Size,INT,no,
card_games,sets,block,TEXT,no,
card_games,sets,booster,TEXT,no,
card_games,sets,code,TEXT,no,
card_games,sets,is Foil Only,INT,no,
card_games,sets,is Foreign Only,INT,no,
card_games,sets,is Non Foil Only,INT,no,
card_games,sets,is Online Only,INT,no,
card_games,sets,is Partial Preview,INT,no,
card_games,sets,keyrune Code,TEXT,no,
card_games,sets,magic card market id,INT,no,
card_games,sets,magic card market ID Extras,INT,no,
card_games,sets,magic card market name,TEXT,no,
card_games,sets,magic the gathering online code,TEXT,no,
card_games,sets,name,TEXT,no,
card_games,sets,parent Code,TEXT,no,
card_games,sets,release Date,TEXT,no,
card_games,sets,tcg player Group Id,INT,no,
card_games,sets,total Set Size,INT,no,
card_games,sets,type,TEXT,no,
card_games,set_translations,id,INT,yes,
card_games,set_translations,language,TEXT,no,
card_games,set_translations,set code,TEXT,no,sets.code
card_games,set_translations,translation,TEXT,no,
card_games,ruling,id,INT,yes,
card_games,ruling,date,TEXT,no,
card_games,ruling,text,TEXT,no,
card_games,ruling,uuid,TEXT,no,cards.uuid
european_football_2,player_attributes,id,INT,yes,
european_football_2,player_attributes,player federation international football association api id,INT,no,player.player federation international football association api id
european_football_2,player_attributes,player api id,INT,no,player.player api id
european_football_2,player_attributes,date,TEXT,no,
european_football_2,player_attributes,overall_rating,INT,no,
european_football_2,player_attributes,potential,INT,no,
european_football_2,player_attributes,preferred foot,TEXT,no,
european_football_2,player_attributes,attacking work rate,TEXT,no,
european_football_2,player_attributes,defensive_work_rate,TEXT,no,
european_football_2,player_attributes,crossing,INT,no,
european_football_2,player_attributes,finishing,INT,no,
european_football_2,player_attributes,heading accuracy,INT,no,
european_football_2,player_attributes,short passing,INT,no,
european_football_2,player_attributes,volleys,INT,no,
european_football_2,player_attributes,dribbling,INT,no,
european_football_2,player_attributes,curve,INT,no,
european_football_2,player_attributes,free kick accuracy,INT,no,
european_football_2,player_attributes,long passing,INT,no,
european_football_2,player_attributes,ball control,INT,no,
european_football_2,player_attributes,acceleration,INT,no,
european_football_2,player_attributes,sprint speed,INT,no,
european_football_2,player_attributes,agility,INT,no,
european_football_2,player_attributes,reactions,INT,no,
european_football_2,player_attributes,balance,INT,no,
european_football_2,player_attributes,shot power,INT,no,
european_football_2,player_attributes,jumping,INT,no,
european_football_2,player_attributes,stamina,INT,no,
european_football_2,player_attributes,strength,INT,no,
european_football_2,player_attributes,long shots,INT,no,
european_football_2,player_attributes,aggression,INT,no,
european_football_2,player_attributes,interceptions,INT,no,
european_football_2,player_attributes,positioning,INT,no,
european_football_2,player_attributes,vision,INT,no,
european_football_2,player_attributes,penalties,INT,no,
european_football_2,player_attributes,marking,INT,no,
european_football_2,player_attributes,standing tackle,INT,no,
european_football_2,player_attributes,sliding tackle,INT,no,
european_football_2,player_attributes,goalkeep diving,INT,no,
european_football_2,player_attributes,goalkeep handling,INT,no,
european_football_2,player_attributes,goalkeep kicking,INT,no,
european_football_2,player_attributes,goalkeep positioning,INT,no,
european_football_2,player_attributes,goalkeep reflexes,INT,no,
european_football_2,player,id,INT,yes,
european_football_2,player,player api id,INT,no,
european_football_2,player,player name,TEXT,no,
european_football_2,player,player federation international football association api id,INT,no,
european_football_2,player,birthday,TEXT,no,
european_football_2,player,height,INT,no,
european_football_2,player,weight,INT,no,
european_football_2,league,id,INT,yes,
european_football_2,league,country id,INT,no,country.id
european_football_2,league,name,TEXT,no,
european_football_2,country,id,INT,yes,
european_football_2,country,name,TEXT,no,
european_football_2,team,id,INT,yes,
european_football_2,team,team api id,INT,no,
european_football_2,team,team federation international football association api id,INT,no,
european_football_2,team,team long name,TEXT,no,
european_football_2,team,team short name,TEXT,no,
european_football_2,team_attributes,id,INT,yes,
european_football_2,team_attributes,team federation international football association api id,INT,no,team.team federation international football association api id
european_football_2,team_attributes,team api id,INT,no,team.team api id
european_football_2,team_attributes,date,TEXT,no,
european_football_2,team_attributes,build Up Play Speed,INT,no,
european_football_2,team_attributes,build Up Play Speed Class,TEXT,no,
european_football_2,team_attributes,build Up Play Dribbling,INT,no,
european_football_2,team_attributes,build Up Play Dribbling Class,TEXT,no,
european_football_2,team_attributes,build Up Play Passing,INT,no,
european_football_2,team_attributes,build Up Play Passing Class,TEXT,no,
european_football_2,team_attributes,build Up Play Positioning Class,TEXT,no,
european_football_2,team_attributes,chance Creation Passing,INT,no,
european_football_2,team_attributes,chance Creation Passing Class,TEXT,no,
european_football_2,team_attributes,chance Creation Crossing,INT,no,
european_football_2,team_attributes,chance Creation Crossing Class,TEXT,no,
european_football_2,team_attributes,chance Creation Shooting,INT,no,
european_football_2,team_attributes,chance Creation Shooting Class,TEXT,no,
european_football_2,team_attributes,chance Creation Positioning Class,TEXT,no,
european_football_2,team_attributes,defence Pressure,INT,no,
european_football_2,team_attributes,defence Pressure Class,TEXT,no,
european_football_2,team_attributes,defence Aggression,INT,no,
european_football_2,team_attributes,defence Aggression Class,TEXT,no,
european_football_2,team_attributes,defence Team Width,INT,no,
european_football_2,team_attributes,defence Team Width Class,TEXT,no,
european_football_2,team_attributes,defence Defender Line Class,TEXT,no,
european_football_2,match,id,INT,yes,
european_football_2,match,country id,INT,no,
european_football_2,match,league id,INT,no,
european_football_2,match,season,TEXT,no,
european_football_2,match,stage,INT,no,
european_football_2,match,date,TEXT,no,
european_football_2,match,match api id,INT,no,
european_football_2,match,home team api id,INT,no,team.team api id
european_football_2,match,away team api id,INT,no,team.team api id
european_football_2,match,home team goal,INT,no,
european_football_2,match,away team goal,INT,no,
european_football_2,match,home_player_X1,INT,no,
european_football_2,match,home_player_X2,INT,no,
european_football_2,match,home_player_X3,INT,no,
european_football_2,match,home_player_X4,INT,no,
european_football_2,match,home_player_X5,INT,no,
european_football_2,match,home_player_X6,INT,no,
european_football_2,match,home_player_X7,INT,no,
european_football_2,match,home_player_X8,INT,no,
european_football_2,match,home_player_X9,INT,no,
european_football_2,match,home_player_X10,INT,no,
european_football_2,match,home_player_X11,INT,no,
european_football_2,match,away_player_X1,INT,no,
european_football_2,match,away_player_X2,INT,no,
european_football_2,match,away_player_X3,INT,no,
european_football_2,match,away_player_X4,INT,no,
european_football_2,match,away_player_X5,INT,no,
european_football_2,match,away_player_X6,INT,no,
european_football_2,match,away_player_X7,INT,no,
european_football_2,match,away_player_X8,INT,no,
european_football_2,match,away_player_X9,INT,no,
european_football_2,match,away_player_X10,INT,no,
european_football_2,match,away_player_X11,INT,no,
european_football_2,match,home_player_Y1,INT,no,
european_football_2,match,home_player_Y2,INT,no,
european_football_2,match,home_player_Y3,INT,no,
european_football_2,match,home_player_Y4,INT,no,
european_football_2,match,home_player_Y5,INT,no,
european_football_2,match,home_player_Y6,INT,no,
european_football_2,match,home_player_Y7,INT,no,
european_football_2,match,home_player_Y8,INT,no,
european_football_2,match,home_player_Y9,INT,no,
european_football_2,match,home_player_Y10,INT,no,
european_football_2,match,home_player_Y11,INT,no,
european_football_2,match,away_player_Y1,INT,no,
european_football_2,match,away_player_Y2,INT,no,
european_football_2,match,away_player_Y3,INT,no,
european_football_2,match,away_player_Y4,INT,no,
european_football_2,match,away_player_Y5,INT,no,
european_football_2,match,away_player_Y6,INT,no,
european_football_2,match,away_player_Y7,INT,no,
european_football_2,match,away_player_Y8,INT,no,
european_football_2,match,away_player_Y9,INT,no,
european_football_2,match,away_player_Y10,INT,no,
european_football_2,match,away_player_Y11,INT,no,
european_football_2,match,home_player_1,INT,no,player.player api id
european_football_2,match,home_player_2,INT,no,player.player api id
european_football_2,match,home_player_3,INT,no,player.player api id
european_football_2,match,home_player_4,INT,no,player.player api id
european_football_2,match,home_player_5,INT,no,player.player api id
european_football_2,match,home_player_6,INT,no,player.player api id
european_football_2,match,home_player_7,INT,no,player.player api id
european_football_2,match,home_player_8,INT,no,player.player api id
european_football_2,match,home_player_9,INT,no,player.player api id
european_football_2,match,home_player_10,INT,no,player.player api id
european_football_2,match,home_player_11,INT,no,player.player api id
european_football_2,match,away_player_1,INT,no,player.player api id
european_football_2,match,away_player_2,INT,no,player.player api id
european_football_2,match,away_player_3,INT,no,player.player api id
european_football_2,match,away_player_4,INT,no,player.player api id
european_football_2,match,away_player_5,INT,no,player.player api id
european_football_2,match,away_player_6,INT,no,player.player api id
european_football_2,match,away_player_7,INT,no,player.player api id
european_football_2,match,away_player_8,INT,no,player.player api id
european_football_2,match,away_player_9,INT,no,player.player api id
european_football_2,match,away_player_10,INT,no,player.player api id
european_football_2,match,away_player_11,INT,no,player.player api id
european_football_2,match,goal,TEXT,no,
european_football_2,match,shot on,TEXT,no,
european_football_2,match,shot off,TEXT,no,
european_football_2,match,foul commit,TEXT,no,
european_football_2,match,card,TEXT,no,
european_football_2,match,cross,TEXT,no,
european_football_2,match,corner,TEXT,no,
european_football_2,match,possession,TEXT,no,
european_football_2,match,B365H,REAL,no,
european_football_2,match,B365D,REAL,no,
european_football_2,match,B365A,REAL,no,
european_football_2,match,BWH,REAL,no,
european_football_2,match,BWD,REAL,no,
european_football_2,match,BWA,REAL,no,
european_football_2,match,IWH,REAL,no,
european_football_2,match,IWD,REAL,no,
european_football_2,match,IWA,REAL,no,
european_football_2,match,LBH,REAL,no,
european_football_2,match,LBD,REAL,no,
european_football_2,match,LBA,REAL,no,
european_football_2,match,PSH,REAL,no,
european_football_2,match,PSD,REAL,no,
european_football_2,match,PSA,REAL,no,
european_football_2,match,WHH,REAL,no,
european_football_2,match,WHD,REAL,no,
european_football_2,match,WHA,REAL,no,
european_football_2,match,SJH,REAL,no,
european_football_2,match,SJD,REAL,no,
european_football_2,match,SJA,REAL,no,
european_football_2,match,VCH,REAL,no,
european_football_2,match,VCD,REAL,no,
european_football_2,match,VCA,REAL,no,
european_football_2,match,GBH,REAL,no,
european_football_2,match,GBD,REAL,no,
european_football_2,match,GBA,REAL,no,
european_football_2,match,BSH,REAL,no,
european_football_2,match,BSD,REAL,no,
european_football_2,match,BSA,REAL,no,
thrombosis_prediction,examination,ID,INT,no,patient.ID
thrombosis_prediction,examination,Examination Date,TEXT,no,
thrombosis_prediction,examination,anti-Cardiolipin antibody (IgG),REAL,no,
thrombosis_prediction,examination,anti-Cardiolipin antibody (IgM),REAL,no,
thrombosis_prediction,examination,anti-nucleus antibody,INT,no,
thrombosis_prediction,examination,pattern observed in the sheet of ANA examination,TEXT,no,
thrombosis_prediction,examination,anti-Cardiolipin antibody (IgA) concentration,INT,no,
thrombosis_prediction,examination,Diagnosis,TEXT,no,
thrombosis_prediction,examination,measure of degree of coagulation,TEXT,no,
thrombosis_prediction,examination,measure of degree of coagulation,TEXT,no,
thrombosis_prediction,examination,measure of degree of coagulation,TEXT,no,
thrombosis_prediction,examination,Symptoms,TEXT,no,
thrombosis_prediction,examination,Thrombosis,INT,no,
thrombosis_prediction,patient,ID,INT,yes,
thrombosis_prediction,patient,SEX,TEXT,no,
thrombosis_prediction,patient,Birthday,TEXT,no,
thrombosis_prediction,patient,Description,TEXT,no,
thrombosis_prediction,patient,First Date,TEXT,no,
thrombosis_prediction,patient,Admission,TEXT,no,
thrombosis_prediction,patient,Diagnosis,TEXT,no,
thrombosis_prediction,laboratory,ID,INT,yes,patient.ID
thrombosis_prediction,laboratory,Date,TEXT,yes,
thrombosis_prediction,laboratory,AST glutamic oxaloacetic transaminase,INT,no,
thrombosis_prediction,laboratory,ALT glutamic pyruvic transaminase,INT,no,
thrombosis_prediction,laboratory,lactate dehydrogenase,INT,no,
thrombosis_prediction,laboratory,alkaliphophatase,INT,no,
thrombosis_prediction,laboratory,total protein,REAL,no,
thrombosis_prediction,laboratory,albumin,REAL,no,
thrombosis_prediction,laboratory,uric acid,REAL,no,
thrombosis_prediction,laboratory,urea nitrogen,INT,no,
thrombosis_prediction,laboratory,creatinine,REAL,no,
thrombosis_prediction,laboratory,total bilirubin,REAL,no,
thrombosis_prediction,laboratory,total cholesterol,INT,no,
thrombosis_prediction,laboratory,triglyceride,INT,no,
thrombosis_prediction,laboratory,creatinine phosphokinase,INT,no,
thrombosis_prediction,laboratory,blood glucose,INT,no,
thrombosis_prediction,laboratory,White blood cell,REAL,no,
thrombosis_prediction,laboratory,Red blood cell,REAL,no,
thrombosis_prediction,laboratory,Hemoglobin,REAL,no,
thrombosis_prediction,laboratory,Hematoclit,REAL,no,
thrombosis_prediction,laboratory,platelet,INT,no,
thrombosis_prediction,laboratory,prothrombin time,REAL,no,
thrombosis_prediction,laboratory,activated partial prothrombin time,INT,no,
thrombosis_prediction,laboratory,fibrinogen,REAL,no,
thrombosis_prediction,laboratory,PIC,INT,no,
thrombosis_prediction,laboratory,TAT,INT,no,
thrombosis_prediction,laboratory,TAT2,INT,no,
thrombosis_prediction,laboratory,proteinuria,TEXT,no,
thrombosis_prediction,laboratory,Ig G,INT,no,
thrombosis_prediction,laboratory,Ig A,INT,no,
thrombosis_prediction,laboratory,Ig M,INT,no,
thrombosis_prediction,laboratory,C-reactive protein,TEXT,no,
thrombosis_prediction,laboratory,Rhuematoid Factor,TEXT,no,
thrombosis_prediction,laboratory,RAHA,TEXT,no,
thrombosis_prediction,laboratory,complement 3,INT,no,
thrombosis_prediction,laboratory,complement 4,INT,no,
thrombosis_prediction,laboratory,anti-ribonuclear protein,TEXT,no,
thrombosis_prediction,laboratory,anti-SM,TEXT,no,
thrombosis_prediction,laboratory,anti-scl70,TEXT,no,
thrombosis_prediction,laboratory,anti-SSA,TEXT,no,
thrombosis_prediction,laboratory,anti-SSB,TEXT,no,
thrombosis_prediction,laboratory,anti-centromere,TEXT,no,
thrombosis_prediction,laboratory,anti-DNA,TEXT,no,
thrombosis_prediction,laboratory,anti-DNA,INT,no,
toxicology,atom,atom id,TEXT,yes,
toxicology,atom,molecule id,TEXT,no,molecule.molecule id
toxicology,atom,element,TEXT,no,
toxicology,bond,bond_id,TEXT,yes,
toxicology,bond,molecule_id,TEXT,no,molecule.molecule id
toxicology,bond,bond_type,TEXT,no,
toxicology,connected,atom id,TEXT,yes,atom.atom id
toxicology,connected,atom id 2,TEXT,yes,atom.atom id
toxicology,connected,bond id,TEXT,no,bond.bond_id
toxicology,molecule,molecule id,TEXT,yes,
toxicology,molecule,label,TEXT,no,
student_club,event,event id,TEXT,yes,
student_club,event,event name,TEXT,no,
student_club,event,event date,TEXT,no,
student_club,event,type,TEXT,no,
student_club,event,notes,TEXT,no,
student_club,event,location,TEXT,no,
student_club,event,status,TEXT,no,
student_club,major,major id,TEXT,yes,
student_club,major,major name,TEXT,no,
student_club,major,department,TEXT,no,
student_club,major,college,TEXT,no,
student_club,zip_code,zip code,INT,yes,
student_club,zip_code,type,TEXT,no,
student_club,zip_code,city,TEXT,no,
student_club,zip_code,county,TEXT,no,
student_club,zip_code,state,TEXT,no,
student_club,zip_code,short state,TEXT,no,
student_club,attendance,link to event,TEXT,yes,event.event id
student_club,attendance,link to member,TEXT,yes,member.member id
student_club,budget,budget id,TEXT,yes,
student_club,budget,category,TEXT,no,
student_club,budget,spent,REAL,no,
student_club,budget,remaining,REAL,no,
student_club,budget,amount,INT,no,
student_club,budget,event status,TEXT,no,
student_club,budget,link to event,TEXT,no,event.event id
student_club,expense,expense id,TEXT,yes,
student_club,expense,expense description,TEXT,no,
student_club,expense,expense date,TEXT,no,
student_club,expense,cost,REAL,no,
student_club,expense,approved,TEXT,no,
student_club,expense,link to member,TEXT,no,member.member id
student_club,expense,link to budget,TEXT,no,budget.budget id
student_club,income,income id,TEXT,yes,
student_club,income,date received,TEXT,no,
student_club,income,amount,INT,no,
student_club,income,source,TEXT,no,
student_club,income,notes,TEXT,no,
student_club,income,link to member,TEXT,no,member.member id
student_club,member,member id,TEXT,yes,
student_club,member,first name,TEXT,no,
student_club,member,last name,TEXT,no,
student_club,member,email,TEXT,no,
student_club,member,position,TEXT,no,
student_club,member,t_shirt_size,TEXT,no,
student_club,member,phone,TEXT,no,
student_club,member,zip,INT,no,zip_code.zip code
student_club,member,link to major,TEXT,no,major.major id
superhero,alignment,id,INT,yes,
superhero,alignment,alignment,TEXT,no,
superhero,attribute,id,INT,yes,
superhero,attribute,attribute name,TEXT,no,
superhero,colour,id,INT,yes,
superhero,colour,colour,TEXT,no,
superhero,gender,id,INT,yes,
superhero,gender,gender,TEXT,no,
superhero,publisher,id,INT,yes,
superhero,publisher,publisher_name,TEXT,no,
superhero,race,id,INT,yes,
superhero,race,race,TEXT,no,
superhero,superhero,id,INT,yes,
superhero,superhero,superhero name,TEXT,no,
superhero,superhero,full name,TEXT,no,
superhero,superhero,gender id,INT,no,gender.id
superhero,superhero,eye colour id,INT,no,colour.id
superhero,superhero,hair colour id,INT,no,colour.id
superhero,superhero,skin colour id,INT,no,colour.id
superhero,superhero,race id,INT,no,race.id
superhero,superhero,publisher id,INT,no,publisher.id
superhero,superhero,alignment id,INT,no,alignment.id
superhero,superhero,height cm,INT,no,
superhero,superhero,weight kg,INT,no,
superhero,hero_attribute,hero id,INT,no,superhero.id
superhero,hero_attribute,attribute id,INT,no,attribute.id
superhero,hero_attribute,attribute value,INT,no,
superhero,superpower,id,INT,yes,
superhero,superpower,power name,TEXT,no,
superhero,hero_power,hero id,INT,no,superhero.id
superhero,hero_power,power id,INT,no,superpower.id
codebase_community,badges,Id,INT,yes,
codebase_community,badges,User Id,INT,no,users.Id
codebase_community,badges,Name,TEXT,no,
codebase_community,badges,Date,TEXT,no,
codebase_community,comments,Id,INT,yes,
codebase_community,comments,Post Id,INT,no,posts.Id
codebase_community,comments,Score,INT,no,
codebase_community,comments,Text,TEXT,no,
codebase_community,comments,Creation Date,TEXT,no,
codebase_community,comments,User Id,INT,no,users.Id
codebase_community,comments,User Display Name,TEXT,no,
codebase_community,posthistory,Id,INT,yes,
codebase_community,posthistory,Post History Type Id,INT,no,
codebase_community,posthistory,Post Id,INT,no,posts.Id
codebase_community,posthistory,Revision GUID,TEXT,no,
codebase_community,posthistory,Creation Date,TEXT,no,
codebase_community,posthistory,User Id,INT,no,users.Id
codebase_community,posthistory,Text,TEXT,no,
codebase_community,posthistory,Comment,TEXT,no,
codebase_community,posthistory,User Display Name,TEXT,no,
codebase_community,postlinks,Id,INT,yes,
codebase_community,postlinks,Creation Date,TEXT,no,
codebase_community,postlinks,Post Id,INT,no,posts.Id
codebase_community,postlinks,Related Post Id,INT,no,posts.Id
codebase_community,postlinks,Link Type Id,INT,no,
codebase_community,posts,Id,INT,yes,
codebase_community,posts,Post Type Id,INT,no,
codebase_community,posts,Accepted Answer Id,INT,no,
codebase_community,posts,Creation Date,TEXT,no,
codebase_community,posts,Score,INT,no,
codebase_community,posts,View Count,INT,no,
codebase_community,posts,Body,TEXT,no,
codebase_community,posts,Owner User Id,INT,no,users.Id
codebase_community,posts,Last Activity Date,TEXT,no,
codebase_community,posts,Title,TEXT,no,
codebase_community,posts,Tags,TEXT,no,
codebase_community,posts,Answer Count,INT,no,
codebase_community,posts,Comment Count,INT,no,
codebase_community,posts,Favorite Count,INT,no,
codebase_community,posts,Last Editor User Id,INT,no,users.Id
codebase_community,posts,Last Edit Date,TEXT,no,
codebase_community,posts,Community Owned Date,TEXT,no,
codebase_community,posts,ParentId,INT,no,posts.Id
codebase_community,posts,Closed Date,TEXT,no,
codebase_community,posts,Owner Display Name,TEXT,no,
codebase_community,posts,Last Editor Display Name,TEXT,no,
codebase_community,tags,Id,INT,yes,
codebase_community,tags,Tag Name,TEXT,no,
codebase_community,tags,Count,INT,no,
codebase_community,tags,Excerpt Post Id,INT,no,posts.Id
codebase_community,tags,Wiki Post Id,INT,no,
codebase_community,users,Id,INT,yes,
codebase_community,users,Reputation,INT,no,
codebase_community,users,Creation Date,TEXT,no,
codebase_community,users,Display Name,TEXT,no,
codebase_community,users,Last Access Date,TEXT,no,
codebase_community,users,Website Url,TEXT,no,
codebase_community,users,Location,TEXT,no,
codebase_community,users,About Me,TEXT,no,
codebase_community,users,Views,INT,no,
codebase_community,users,UpVotes,INT,no,
codebase_community,users,DownVotes,INT,no,
codebase_community,users,Account Id,INT,no,
codebase_community,users,Age,INT,no,
codebase_community,users,Profile Image Url,TEXT,no,
codebase_community,votes,Id,INT,yes,
codebase_community,votes,Post Id,INT,no,posts.Id
codebase_community,votes,Vote Type Id,INT,no,
codebase_community,votes,Creation Date,TEXT,no,
codebase_community,votes,User Id,INT,no,users.Id
codebase_community,votes,Bounty Amount,INT,no,
european_football_1,divisions,division,TEXT,yes,
european_football_1,divisions,name,TEXT,no,
european_football_1,divisions,country,TEXT,no,
european_football_1,matchs,Division,TEXT,no,divisions.division
european_football_1,matchs,Date,TEXT,no,
european_football_1,matchs,HomeTeam,TEXT,no,
european_football_1,matchs,AwayTeam,TEXT,no,
european_football_1,matchs,Final-time Home-team Goals,INT,no,
european_football_1,matchs,Final-time Away-team Goals,INT,no,
european_football_1,matchs,Final-time Results,TEXT,no,
european_football_1,matchs,season,INT,no,
sales_in_weather,sales_in_weather,date,TEXT,yes,
sales_in_weather,sales_in_weather,store number,INT,yes,
sales_in_weather,sales_in_weather,item number,INT,yes,
sales_in_weather,sales_in_weather,units,INT,no,
sales_in_weather,weather,station number,INT,yes,
sales_in_weather,weather,date,TEXT,yes,
sales_in_weather,weather,temperature max,INT,no,
sales_in_weather,weather,temperature min,INT,no,
sales_in_weather,weather,temperature average,INT,no,
sales_in_weather,weather,departure from normal,INT,no,
sales_in_weather,weather,dew point,INT,no,
sales_in_weather,weather,wet bulb,INT,no,
sales_in_weather,weather,heat,INT,no,
sales_in_weather,weather,cool,INT,no,
sales_in_weather,weather,sunrise,TEXT,no,
sales_in_weather,weather,sunset,TEXT,no,
sales_in_weather,weather,code summarization,TEXT,no,
sales_in_weather,weather,snowfall,REAL,no,
sales_in_weather,weather,preciptotal,REAL,no,
sales_in_weather,weather,station pressure,REAL,no,
sales_in_weather,weather,sea level,REAL,no,
sales_in_weather,weather,resultant speed,REAL,no,
sales_in_weather,weather,resultant direction,INT,no,
sales_in_weather,weather,average speed,REAL,no,
sales_in_weather,relation,store number,INT,yes,sales_in_weather.store number
sales_in_weather,relation,station number,INT,no,weather.station number
craftbeer,breweries,id,INT,yes,
craftbeer,breweries,name,TEXT,no,
craftbeer,breweries,city,TEXT,no,
craftbeer,breweries,state,TEXT,no,
craftbeer,beers,id,INT,yes,
craftbeer,beers,brewery id,INT,no,
craftbeer,beers,alcohol by volume,REAL,no,
craftbeer,beers,International Bitterness Units,REAL,no,
craftbeer,beers,name,TEXT,no,
craftbeer,beers,style,TEXT,no,
craftbeer,beers,ounces,REAL,no,
soccer_2016,batting_style,batting id,INT,yes,
soccer_2016,batting_style,batting hand,TEXT,no,
soccer_2016,bowling_style,bowling id,INT,yes,
soccer_2016,bowling_style,bowling skill,TEXT,no,
soccer_2016,city,city id,INT,yes,
soccer_2016,city,city name,TEXT,no,
soccer_2016,city,country id,INT,no,
soccer_2016,country,country id,INT,yes,
soccer_2016,country,country name,TEXT,no,
soccer_2016,extra_type,extra id,INT,yes,
soccer_2016,extra_type,extra name,TEXT,no,
soccer_2016,extra_runs,match id,INT,yes,
soccer_2016,extra_runs,over id,INT,yes,
soccer_2016,extra_runs,ball id,INT,yes,
soccer_2016,extra_runs,extra type id,INT,no,extra_type.extra id
soccer_2016,extra_runs,extra runs,INT,no,
soccer_2016,extra_runs,innings number,INT,yes,
soccer_2016,out_type,out id,INT,yes,
soccer_2016,out_type,out name,TEXT,no,
soccer_2016,outcome,outcome id,INT,yes,
soccer_2016,outcome,outcome type,TEXT,no,
soccer_2016,player,player id,INT,yes,
soccer_2016,player,player name,TEXT,no,
soccer_2016,player,date of birth,TEXT,no,
soccer_2016,player,batting hand,INT,no,batting_style.batting id
soccer_2016,player,bowling skill,INT,no,bowling_style.bowling id
soccer_2016,player,country name,INT,no,country.country id
soccer_2016,rolee,role id,INT,yes,
soccer_2016,rolee,role description,TEXT,no,
soccer_2016,season,season id,INT,yes,
soccer_2016,season,man of the series,INT,no,
soccer_2016,season,orange cap,INT,no,
soccer_2016,season,purple cap,INT,no,
soccer_2016,season,season year,INT,no,
soccer_2016,team,team id,INT,yes,
soccer_2016,team,team name,TEXT,no,
soccer_2016,toss_decision,toss id,INT,yes,
soccer_2016,toss_decision,toss name,TEXT,no,
soccer_2016,umpire,umpire id,INT,yes,
soccer_2016,umpire,umpire name,TEXT,no,
soccer_2016,umpire,umpire country,INT,no,country.country id
soccer_2016,venue,venue id,INT,yes,
soccer_2016,venue,venue name,TEXT,no,
soccer_2016,venue,city id,INT,no,city.city id
soccer_2016,win_by,winning id,INT,yes,
soccer_2016,win_by,winning type,TEXT,no,
soccer_2016,match,Match_Id,INT,yes,
soccer_2016,match,team 1,INT,no,team.team id
soccer_2016,match,team 2,INT,no,team.team id
soccer_2016,match,match date,TEXT,no,
soccer_2016,match,season id,INT,no,season.season id
soccer_2016,match,venue id,INT,no,venue.venue id
soccer_2016,match,toss winner,INT,no,team.team id
soccer_2016,match,toss decide,INT,no,toss_decision.toss id
soccer_2016,match,winning type,INT,no,win_by.winning id
soccer_2016,match,winning margin,INT,no,
soccer_2016,match,outcome type,INT,no,out_type.out id
soccer_2016,match,match winner,INT,no,team.team id
soccer_2016,match,man of the match,INT,no,player.player id
soccer_2016,ball_by_ball,match id,INT,yes,match.Match_Id
soccer_2016,ball_by_ball,over id,INT,yes,
soccer_2016,ball_by_ball,ball id,INT,yes,
soccer_2016,ball_by_ball,innings number,INT,yes,
soccer_2016,ball_by_ball,team batting,INT,no,
soccer_2016,ball_by_ball,team bowling,INT,no,
soccer_2016,ball_by_ball,striker batting position,INT,no,
soccer_2016,ball_by_ball,Striker,INT,no,
soccer_2016,ball_by_ball,non striker,INT,no,
soccer_2016,ball_by_ball,Bowler,INT,no,
soccer_2016,batsman_scored,match id,INT,yes,match.Match_Id
soccer_2016,batsman_scored,over id,INT,yes,
soccer_2016,batsman_scored,ball id,INT,yes,
soccer_2016,batsman_scored,runs scored,INT,no,
soccer_2016,batsman_scored,innings number,INT,yes,
soccer_2016,player_match,match id,INT,yes,match.Match_Id
soccer_2016,player_match,player id,INT,yes,player.player id
soccer_2016,player_match,role id,INT,yes,rolee.role id
soccer_2016,player_match,team id,INT,no,team.team id
soccer_2016,wicket_taken,match id,INT,yes,match.Match_Id
soccer_2016,wicket_taken,over id,INT,yes,
soccer_2016,wicket_taken,ball id,INT,yes,
soccer_2016,wicket_taken,player out,INT,no,player.player id
soccer_2016,wicket_taken,kind out,INT,no,out_type.out id
soccer_2016,wicket_taken,Fielders,INT,no,player.player id
soccer_2016,wicket_taken,innings number,INT,yes,
restaurant,geographic,city,TEXT,yes,
restaurant,geographic,country,TEXT,no,
restaurant,geographic,region,TEXT,no,
restaurant,generalinfo,id restaurant,INT,yes,
restaurant,generalinfo,label,TEXT,no,
restaurant,generalinfo,food type,TEXT,no,
restaurant,generalinfo,city,TEXT,no,geographic.city
restaurant,generalinfo,review,REAL,no,
restaurant,location,id restaurant,INT,yes,generalinfo.id restaurant
restaurant,location,street number,INT,no,
restaurant,location,street name,TEXT,no,
restaurant,location,city,TEXT,no,geographic.city
movie,actor,actor id,INT,yes,
movie,actor,Name,TEXT,no,
movie,actor,date of birth,TEXT,no,
movie,actor,birth city,TEXT,no,
movie,actor,birth country,TEXT,no,
movie,actor,height inches,INT,no,
movie,actor,Biography,TEXT,no,
movie,actor,Gender,TEXT,no,
movie,actor,Ethnicity,TEXT,no,
movie,actor,NetWorth,TEXT,no,
movie,movie,movie id,INT,yes,
movie,movie,Title,TEXT,no,
movie,movie,motion picture association of america rating,TEXT,no,
movie,movie,Budget,INT,no,
movie,movie,Gross,INT,no,
movie,movie,Release Date,TEXT,no,
movie,movie,Genre,TEXT,no,
movie,movie,Runtime,INT,no,
movie,movie,Rating,REAL,no,
movie,movie,rating count,INT,no,
movie,movie,Summary,TEXT,no,
movie,characters,movie id,INT,yes,movie.movie id
movie,characters,actor id,INT,yes,actor.actor id
movie,characters,character name,TEXT,no,
movie,characters,credit order,INT,no,
movie,characters,pay,TEXT,no,
movie,characters,screentime,TEXT,no,
olympics,city,id,INT,yes,
olympics,city,city name,TEXT,no,
olympics,games,id,INT,yes,
olympics,games,games year,INT,no,
olympics,games,games name,TEXT,no,
olympics,games,season,TEXT,no,
olympics,games_city,games id,INT,no,games.id
olympics,games_city,city id,INT,no,city.id
olympics,medal,id,INT,yes,
olympics,medal,medal name,TEXT,no,
olympics,noc_region,id,INT,yes,
olympics,noc_region,noc,TEXT,no,
olympics,noc_region,region name,TEXT,no,
olympics,person,id,INT,yes,
olympics,person,full name,TEXT,no,
olympics,person,gender,TEXT,no,
olympics,person,height,INT,no,
olympics,person,weight,INT,no,
olympics,games_competitor,id,INT,yes,
olympics,games_competitor,games id,INT,no,games.id
olympics,games_competitor,person id,INT,no,person.id
olympics,games_competitor,age,INT,no,
olympics,person_region,person_id,INT,no,person.id
olympics,person_region,region_id,INT,no,noc_region.id
olympics,sport,id,INT,yes,
olympics,sport,sport name,TEXT,no,
olympics,event,id,INT,yes,
olympics,event,sport id,INT,no,sport.id
olympics,event,event name,TEXT,no,
olympics,competitor_event,event id,INT,no,event.id
olympics,competitor_event,competitor id,INT,no,games_competitor.id
olympics,competitor_event,medal id,INT,no,medal.id
language_corpus,langs,language id,INT,yes,
language_corpus,langs,language,TEXT,no,
language_corpus,langs,locale,TEXT,no,
language_corpus,langs,pages,INT,no,
language_corpus,langs,words,INT,no,
language_corpus,pages,page id,INT,yes,
language_corpus,pages,language id,INT,no,langs.language id
language_corpus,pages,page,INT,no,
language_corpus,pages,revision,INT,no,
language_corpus,pages,title,TEXT,no,
language_corpus,pages,words,INT,no,
language_corpus,words,word id,INT,yes,
language_corpus,words,word,TEXT,no,
language_corpus,words,occurrences,INT,no,
language_corpus,langs_words,language id,INT,yes,langs.language id
language_corpus,langs_words,word id,INT,yes,words.word id
language_corpus,langs_words,occurrences,INT,no,
language_corpus,pages_words,page id,INT,yes,pages.page id
language_corpus,pages_words,word id,INT,yes,words.word id
language_corpus,pages_words,occurrences,INT,no,
language_corpus,biwords,language id,INT,yes,langs.language id
language_corpus,biwords,word id of the first word,INT,yes,words.word id
language_corpus,biwords,word id of the second word,INT,yes,words.word id
language_corpus,biwords,occurrences,INT,no,
app_store,googleplaystore,App,TEXT,no,
app_store,googleplaystore,Category,TEXT,no,
app_store,googleplaystore,Rating,REAL,no,
app_store,googleplaystore,Reviews,INT,no,
app_store,googleplaystore,Size,TEXT,no,
app_store,googleplaystore,Installs,TEXT,no,
app_store,googleplaystore,Type,TEXT,no,
app_store,googleplaystore,Price,TEXT,no,
app_store,googleplaystore,Content Rating,TEXT,no,
app_store,googleplaystore,Genres,TEXT,no,
app_store,googleplaystore_user_reviews,App,TEXT,no,googleplaystore.App
app_store,googleplaystore_user_reviews,Translated_Review,TEXT,no,
app_store,googleplaystore_user_reviews,Sentiment,TEXT,no,
app_store,googleplaystore_user_reviews,Sentiment Polarity,TEXT,no,
app_store,googleplaystore_user_reviews,Sentiment Subjectivity,TEXT,no,
sales,customers,Customer ID,INT,yes,
sales,customers,First Name,TEXT,no,
sales,customers,Middle Initial,TEXT,no,
sales,customers,Last Name,TEXT,no,
sales,employees,Employee ID,INT,yes,
sales,employees,First Name,TEXT,no,
sales,employees,Middle Initial,TEXT,no,
sales,employees,Last Name,TEXT,no,
sales,products,Product ID,INT,yes,
sales,products,Name,TEXT,no,
sales,products,Price,REAL,no,
sales,sales,Sales ID,INT,yes,
sales,sales,SalesPerson ID,INT,no,employees.Employee ID
sales,sales,Customer ID,INT,no,customers.Customer ID
sales,sales,Product ID,INT,no,products.Product ID
sales,sales,Quantity,INT,no,
video_games,genre,id,INT,yes,
video_games,genre,genre_name,TEXT,no,
video_games,game,id,INT,yes,
video_games,game,genre id,INT,no,genre.id
video_games,game,game name,TEXT,no,
video_games,platform,id,INT,yes,
video_games,platform,platform_name,TEXT,no,
video_games,publisher,id,INT,yes,
video_games,publisher,publisher_name,TEXT,no,
video_games,game_publisher,id,INT,yes,
video_games,game_publisher,game id,INT,no,game.id
video_games,game_publisher,publisher id,INT,no,publisher.id
video_games,game_platform,id,INT,yes,
video_games,game_platform,game publisher id,INT,no,game_publisher.id
video_games,game_platform,platform id,INT,no,platform.id
video_games,game_platform,release year,INT,no,
video_games,region,id,INT,yes,
video_games,region,region_name,TEXT,no,
video_games,region_sales,region_id,INT,no,region.id
video_games,region_sales,game platform id,INT,no,game_platform.id
video_games,region_sales,number sales,REAL,no,
image_and_language,att_classes,ATTRIBUTE CLASS ID,INT,yes,
image_and_language,att_classes,ATTRIBUTE CLASS,TEXT,no,
image_and_language,obj_classes,OBJECT CLASS ID,INT,yes,
image_and_language,obj_classes,OBJECT CLASS,TEXT,no,
image_and_language,img_obj,IMAGE ID,INT,yes,
image_and_language,img_obj,OBJECT SAMPLE ID,INT,yes,
image_and_language,img_obj,OBJECT CLASS ID,INT,no,obj_classes.OBJECT CLASS ID
image_and_language,img_obj,X,INT,no,
image_and_language,img_obj,Y,INT,no,
image_and_language,img_obj,W,INT,no,
image_and_language,img_obj,H,INT,no,
image_and_language,img_obj_att,IMAGE ID,INT,yes,img_obj.IMAGE ID
image_and_language,img_obj_att,ATTRIBUTE CLASS ID,INT,yes,att_classes.ATTRIBUTE CLASS ID
image_and_language,img_obj_att,OBJECT SAMPLE ID,INT,yes,img_obj.OBJECT SAMPLE ID
image_and_language,pred_classes,PREDICTION CLASS ID,INT,yes,
image_and_language,pred_classes,PREDICTION CLASS,TEXT,no,
image_and_language,img_rel,IMAGE ID,INT,yes,img_obj.IMAGE ID
image_and_language,img_rel,PREDICTION CLASS ID,INT,yes,pred_classes.PREDICTION CLASS ID
image_and_language,img_rel,OBJECT1 SAMPLE ID,INT,yes,img_obj.OBJECT SAMPLE ID
image_and_language,img_rel,OBJECT2 SAMPLE ID,INT,yes,img_obj.OBJECT SAMPLE ID
software_company,demog,GEOGRAPHIC ID,INT,yes,
software_company,demog,INHABITANTS (THOUSANDS),REAL,no,
software_company,demog,INCOME (THOUSANDS),REAL,no,
software_company,demog,A_VAR1,REAL,no,
software_company,demog,A_VAR2,REAL,no,
software_company,demog,A_VAR3,REAL,no,
software_company,demog,A_VAR4,REAL,no,
software_company,demog,A_VAR5,REAL,no,
software_company,demog,A_VAR6,REAL,no,
software_company,demog,A_VAR7,REAL,no,
software_company,demog,A_VAR8,REAL,no,
software_company,demog,A_VAR9,REAL,no,
software_company,demog,A_VAR10,REAL,no,
software_company,demog,A_VAR11,REAL,no,
software_company,demog,A_VAR12,REAL,no,
software_company,demog,A_VAR13,REAL,no,
software_company,demog,A_VAR14,REAL,no,
software_company,demog,A_VAR15,REAL,no,
software_company,demog,A_VAR16,REAL,no,
software_company,demog,A_VAR17,REAL,no,
software_company,demog,A_VAR18,REAL,no,
software_company,mailings3,REFERENCE ID,INT,yes,
software_company,mailings3,REFERENCE DATE,TEXT,no,
software_company,mailings3,RESPONSE,TEXT,no,
software_company,customers,ID,INT,yes,
software_company,customers,SEX,TEXT,no,
software_company,customers,MARITAL STATUS,TEXT,no,
software_company,customers,GEOGRAPHIC ID,INT,no,
software_company,customers,EDUCATION NUMBER,INT,no,
software_company,customers,OCCUPATION,TEXT,no,
software_company,customers,age,INT,no,
software_company,mailings1_2,REFERENCE ID,INT,yes,
software_company,mailings1_2,REFERENCE DATE,TEXT,no,
software_company,mailings1_2,RESPONSE,TEXT,no,
software_company,sales,EVENT ID,INT,yes,
software_company,sales,REFERENCE ID,INT,no,
software_company,sales,EVENT DATE,TEXT,no,
software_company,sales,AMOUNT,REAL,no,
authors,author,Id,INT,yes,
authors,author,Name,TEXT,no,
authors,author,Affiliation,TEXT,no,
authors,conference,Id,INT,yes,
authors,conference,ShortName,TEXT,no,
authors,conference,FullName,TEXT,no,
authors,conference,HomePage,TEXT,no,
authors,journal,Id,INT,yes,
authors,journal,ShortName,TEXT,no,
authors,journal,FullName,TEXT,no,
authors,journal,HomePage,TEXT,no,
authors,paper,Id,INT,yes,
authors,paper,Title,TEXT,no,
authors,paper,Year,INT,no,
authors,paper,ConferenceId,INT,no,conference.Id
authors,paper,JournalId,INT,no,journal.Id
authors,paper,Keyword,TEXT,no,
authors,paperauthor,PaperId,INT,no,paper.Id
authors,paperauthor,AuthorId,INT,no,author.Id
authors,paperauthor,Name,TEXT,no,
authors,paperauthor,Affiliation,TEXT,no,
movies_4,country,country id,INT,yes,
movies_4,country,country iso code,TEXT,no,
movies_4,country,country name,TEXT,no,
movies_4,department,department id,INT,yes,
movies_4,department,department name,TEXT,no,
movies_4,gender,gender id,INT,yes,
movies_4,gender,gender,TEXT,no,
movies_4,genre,genre id,INT,yes,
movies_4,genre,genre_name,TEXT,no,
movies_4,keyword,keyword id,INT,yes,
movies_4,keyword,keyword name,TEXT,no,
movies_4,language,language id,INT,yes,
movies_4,language,language code,TEXT,no,
movies_4,language,language name,TEXT,no,
movies_4,language_role,role id,INT,yes,
movies_4,language_role,language role,TEXT,no,
movies_4,movie,movie id,INT,yes,
movies_4,movie,title,TEXT,no,
movies_4,movie,budget,INT,no,
movies_4,movie,homepage,TEXT,no,
movies_4,movie,overview,TEXT,no,
movies_4,movie,popularity,REAL,no,
movies_4,movie,release date,TEXT,no,
movies_4,movie,revenue,INT,no,
movies_4,movie,runtime,INT,no,
movies_4,movie,movie_status,TEXT,no,
movies_4,movie,tagline,TEXT,no,
movies_4,movie,vote average,REAL,no,
movies_4,movie,vote count,INT,no,
movies_4,movie_genres,movie id,INT,no,movie.movie id
movies_4,movie_genres,genre id,INT,no,genre.genre id
movies_4,movie_languages,movie id,INT,no,movie.movie id
movies_4,movie_languages,language id,INT,no,language.language id
movies_4,movie_languages,language role id,INT,no,language_role.role id
movies_4,person,person id,INT,yes,
movies_4,person,person name,TEXT,no,
movies_4,movie_crew,movie id,INT,no,movie.movie id
movies_4,movie_crew,person id,INT,no,person.person id
movies_4,movie_crew,department id,INT,no,department.department id
movies_4,movie_crew,job,TEXT,no,
movies_4,production_company,company id,INT,yes,
movies_4,production_company,company name,TEXT,no,
movies_4,production_country,mivie id,INT,no,movie.movie id
movies_4,production_country,country id,INT,no,country.country id
movies_4,movie_cast,movie id,INT,no,movie.movie id
movies_4,movie_cast,person id,INT,no,person.person id
movies_4,movie_cast,character name,TEXT,no,
movies_4,movie_cast,gender id,INT,no,gender.gender id
movies_4,movie_cast,cast order,INT,no,
movies_4,movie_keywords,movie id,INT,no,
movies_4,movie_keywords,keyword id,INT,no,
movies_4,movie_company,movie id,INT,no,
movies_4,movie_company,company id,INT,no,
social_media,location,location id,INT,yes,
social_media,location,Country,TEXT,no,
social_media,location,State,TEXT,no,
social_media,location,state code,TEXT,no,
social_media,location,City,TEXT,no,
social_media,user,user id,TEXT,yes,
social_media,user,Gender,TEXT,no,
social_media,twitter,tweet id,TEXT,yes,
social_media,twitter,Weekday,TEXT,no,
social_media,twitter,Hour,INT,no,
social_media,twitter,Day,INT,no,
social_media,twitter,language,TEXT,no,
social_media,twitter,is reshare,TEXT,no,
social_media,twitter,Reach,INT,no,
social_media,twitter,retweet count,INT,no,
social_media,twitter,Likes,INT,no,
social_media,twitter,Klout,INT,no,
social_media,twitter,Sentiment,REAL,no,
social_media,twitter,text,TEXT,no,
social_media,twitter,location id,INT,no,location.location id
social_media,twitter,user id,TEXT,no,user.user id
human_resources,location,location id,INT,yes,
human_resources,location,location city,TEXT,no,
human_resources,location,address,TEXT,no,
human_resources,location,state,TEXT,no,
human_resources,location,zip code,INT,no,
human_resources,location,office phone,TEXT,no,
human_resources,position,position id,INT,yes,
human_resources,position,position title,TEXT,no,
human_resources,position,education required,TEXT,no,
human_resources,position,minimum salary,TEXT,no,
human_resources,position,maximum salary,TEXT,no,
human_resources,employee,social security number,TEXT,yes,
human_resources,employee,last name,TEXT,no,
human_resources,employee,first name,TEXT,no,
human_resources,employee,hire date,TEXT,no,
human_resources,employee,salary,TEXT,no,
human_resources,employee,gender,TEXT,no,
human_resources,employee,performance,TEXT,no,
human_resources,employee,position id,INT,no,position.position id
human_resources,employee,location id,INT,no,location.location id
regional_sales,customers,customer id,INT,yes,
regional_sales,customers,customer names,TEXT,no,
regional_sales,products,product id,INT,yes,
regional_sales,products,product name,TEXT,no,
regional_sales,regions,state code,TEXT,yes,
regional_sales,regions,State,TEXT,no,
regional_sales,regions,Region,TEXT,no,
regional_sales,sales team,SalesTeam ID,INT,yes,
regional_sales,sales team,Sales Team,TEXT,no,
regional_sales,sales team,Region,TEXT,no,
regional_sales,store locations,Store ID,INT,yes,
regional_sales,store locations,City Name,TEXT,no,
regional_sales,store locations,County,TEXT,no,
regional_sales,store locations,State Code,TEXT,no,regions.state code
regional_sales,store locations,State,TEXT,no,
regional_sales,store locations,Type,TEXT,no,
regional_sales,store locations,Latitude,REAL,no,
regional_sales,store locations,Longitude,REAL,no,
regional_sales,store locations,Area Code,INT,no,
regional_sales,store locations,Population,INT,no,
regional_sales,store locations,Household Income,INT,no,
regional_sales,store locations,Median Income,INT,no,
regional_sales,store locations,Land Area,INT,no,
regional_sales,store locations,Water Area,INT,no,
regional_sales,store locations,Time Zone,TEXT,no,
regional_sales,sales orders,Order Number,TEXT,yes,
regional_sales,sales orders,Sales Channel,TEXT,no,
regional_sales,sales orders,Warehouse Code,TEXT,no,
regional_sales,sales orders,Procured Date,TEXT,no,
regional_sales,sales orders,Order Date,TEXT,no,
regional_sales,sales orders,Ship Date,TEXT,no,
regional_sales,sales orders,Delivery Date,TEXT,no,
regional_sales,sales orders,Currency Code,TEXT,no,
regional_sales,sales orders,_Sales Team ID,INT,no,sales team.SalesTeam ID
regional_sales,sales orders,_Customer ID,INT,no,customers.customer id
regional_sales,sales orders,_Store ID,INT,no,store locations.Store ID
regional_sales,sales orders,_Product ID,INT,no,products.product id
regional_sales,sales orders,Order Quantity,INT,no,
regional_sales,sales orders,Discount Applied,REAL,no,
regional_sales,sales orders,Unit Price,TEXT,no,
regional_sales,sales orders,Unit Cost,TEXT,no,
computer_student,course,course id,INT,yes,
computer_student,course,course level,TEXT,no,
computer_student,person,person ID,INT,yes,
computer_student,person,professor,INT,no,
computer_student,person,student,INT,no,
computer_student,person,has position,TEXT,no,
computer_student,person,in phase,TEXT,no,
computer_student,person,years in program,TEXT,no,
computer_student,advisedby,person id,INT,yes,person.person ID
computer_student,advisedby,person id dummy,INT,yes,person.person ID
computer_student,taughtby,course ID,INT,yes,course.course id
computer_student,taughtby,person ID,INT,yes,person.person ID
works_cycles,countryregion,Country Region Code,TEXT,yes,
works_cycles,countryregion,Name,TEXT,no,
works_cycles,countryregion,modified date,TEXT,no,
works_cycles,culture,Culture ID,TEXT,yes,
works_cycles,culture,Name,TEXT,no,
works_cycles,culture,modified date,TEXT,no,
works_cycles,currency,Currency Code,TEXT,yes,
works_cycles,currency,Name,TEXT,no,
works_cycles,currency,modified date,TEXT,no,
works_cycles,countryregioncurrency,Country Region Code,TEXT,yes,countryregion.Country Region Code
works_cycles,countryregioncurrency,Currency Code,TEXT,yes,currency.Currency Code
works_cycles,countryregioncurrency,modified date,TEXT,no,
works_cycles,person,Business Entity ID,INT,yes,businessentity.business entity id
works_cycles,person,Person Type,TEXT,no,
works_cycles,person,Name Style,INT,no,
works_cycles,person,Title,TEXT,no,
works_cycles,person,First Name,TEXT,no,
works_cycles,person,Middle Name,TEXT,no,
works_cycles,person,Last Name,TEXT,no,
works_cycles,person,Suffix,TEXT,no,
works_cycles,person,Email Promotion,INT,no,
works_cycles,person,Additional Contact Info,TEXT,no,
works_cycles,person,Demographics,TEXT,no,
works_cycles,person,rowguid,TEXT,no,
works_cycles,person,modified date,TEXT,no,
works_cycles,businessentitycontact,Business Entity ID,INT,yes,businessentity.business entity id
works_cycles,businessentitycontact,Person ID,INT,yes,person.Business Entity ID
works_cycles,businessentitycontact,Contact Type ID,INT,yes,contacttype.Contact Type ID
works_cycles,businessentitycontact,rowguid,TEXT,no,
works_cycles,businessentitycontact,modified date,TEXT,no,
works_cycles,emailaddress,Business Entity ID,INT,yes,person.Business Entity ID
works_cycles,emailaddress,Email Address ID,INT,yes,
works_cycles,emailaddress,Email Address,TEXT,no,
works_cycles,emailaddress,rowguid,TEXT,no,
works_cycles,emailaddress,modified date,TEXT,no,
works_cycles,employee,Business Entity ID,INT,yes,person.Business Entity ID
works_cycles,employee,National ID Number,TEXT,no,
works_cycles,employee,Login ID,TEXT,no,
works_cycles,employee,Organization Node,TEXT,no,
works_cycles,employee,Organization Level,INT,no,
works_cycles,employee,Job Title,TEXT,no,
works_cycles,employee,Birth Date,TEXT,no,
works_cycles,employee,Marital Status,TEXT,no,
works_cycles,employee,Gender,TEXT,no,
works_cycles,employee,Hire Date,TEXT,no,
works_cycles,employee,Salaried Flag,INT,no,
works_cycles,employee,Vacation Hours,INT,no,
works_cycles,employee,Sick Leave Hours,INT,no,
works_cycles,employee,Current Flag,INT,no,
works_cycles,employee,rowguid,TEXT,no,
works_cycles,employee,modified date,TEXT,no,
works_cycles,password,Business Entity ID,INT,yes,person.Business Entity ID
works_cycles,password,Password Hash,TEXT,no,
works_cycles,password,Password Salt,TEXT,no,
works_cycles,password,rowguid,TEXT,no,
works_cycles,password,modified date,TEXT,no,
works_cycles,personcreditcard,Business Entity ID,INT,yes,person.Business Entity ID
works_cycles,personcreditcard,Credit Card ID,INT,yes,creditcard.Credit Card ID
works_cycles,personcreditcard,modified date,TEXT,no,
works_cycles,productcategory,Product Category ID,INT,yes,
works_cycles,productcategory,Name,TEXT,no,
works_cycles,productcategory,rowguid,TEXT,no,
works_cycles,productcategory,modified date,TEXT,no,
works_cycles,productdescription,Product Description ID,INT,yes,
works_cycles,productdescription,Description,TEXT,no,
works_cycles,productdescription,rowguid,TEXT,no,
works_cycles,productdescription,modified date,TEXT,no,
works_cycles,productmodel,Product Model ID,INT,yes,
works_cycles,productmodel,Name,TEXT,no,
works_cycles,productmodel,Catalog Description,TEXT,no,
works_cycles,productmodel,Instructions,TEXT,no,
works_cycles,productmodel,rowguid,TEXT,no,
works_cycles,productmodel,modified date,TEXT,no,
works_cycles,productmodelproductdescriptionculture,Product Model ID,INT,yes,productmodel.Product Model ID
works_cycles,productmodelproductdescriptionculture,Product Description ID,INT,yes,productdescription.Product Description ID
works_cycles,productmodelproductdescriptionculture,Culture ID,TEXT,yes,culture.Culture ID
works_cycles,productmodelproductdescriptionculture,modified date,TEXT,no,
works_cycles,productphoto,Product Photo ID,INT,yes,
works_cycles,productphoto,Thumb Nail Photo,BLOB,no,
works_cycles,productphoto,Thumbnail Photo File Name,TEXT,no,
works_cycles,productphoto,large photo,BLOB,no,
works_cycles,productphoto,Large Photo File Name,TEXT,no,
works_cycles,productphoto,Modified Date,TEXT,no,
works_cycles,productsubcategory,Product Subcategory ID,INT,yes,
works_cycles,productsubcategory,Product Category ID,INT,no,productcategory.Product Category ID
works_cycles,productsubcategory,Name,TEXT,no,
works_cycles,productsubcategory,rowguid,TEXT,no,
works_cycles,productsubcategory,modified date,TEXT,no,
works_cycles,salesreason,SalesReasonID,INT,yes,
works_cycles,salesreason,Name,TEXT,no,
works_cycles,salesreason,ReasonType,TEXT,no,
works_cycles,salesreason,modified date,TEXT,no,
works_cycles,salesterritory,TerritoryID,INT,yes,
works_cycles,salesterritory,Name,TEXT,no,
works_cycles,salesterritory,Country Region Code,TEXT,no,countryregion.Country Region Code
works_cycles,salesterritory,Group,TEXT,no,
works_cycles,salesterritory,Sales Year to Date,REAL,no,
works_cycles,salesterritory,Sales Last Year,REAL,no,
works_cycles,salesterritory,Cost Year to Date,REAL,no,
works_cycles,salesterritory,Cost Last Year,REAL,no,
works_cycles,salesterritory,rowguid,TEXT,no,
works_cycles,salesterritory,modified date,TEXT,no,
works_cycles,salesperson,Business Entity ID,INT,yes,employee.Business Entity ID
works_cycles,salesperson,Territory ID,INT,no,salesterritory.TerritoryID
works_cycles,salesperson,Sales Quota,REAL,no,
works_cycles,salesperson,Bonus,REAL,no,
works_cycles,salesperson,Commission percentage,REAL,no,
works_cycles,salesperson,sales year to date,REAL,no,
works_cycles,salesperson,Sales Last Year,REAL,no,
works_cycles,salesperson,rowguid,TEXT,no,
works_cycles,salesperson,modified date,TEXT,no,
works_cycles,salespersonquotahistory,Business Entity ID,INT,yes,salesperson.Business Entity ID
works_cycles,salespersonquotahistory,Quota Date,TEXT,yes,
works_cycles,salespersonquotahistory,Sales Quota,REAL,no,
works_cycles,salespersonquotahistory,rowguid,TEXT,no,
works_cycles,salespersonquotahistory,modified date,TEXT,no,
works_cycles,salesterritoryhistory,Business Entity ID,INT,yes,salesperson.Business Entity ID
works_cycles,salesterritoryhistory,Territory ID,INT,yes,salesterritory.TerritoryID
works_cycles,salesterritoryhistory,Start Date,TEXT,yes,
works_cycles,salesterritoryhistory,End Date,TEXT,no,
works_cycles,salesterritoryhistory,rowguid,TEXT,no,
works_cycles,salesterritoryhistory,modified date,TEXT,no,
works_cycles,scrapreason,Scrap Reason ID,INT,yes,
works_cycles,scrapreason,Name,TEXT,no,
works_cycles,scrapreason,modified date,TEXT,no,
works_cycles,shift,ShiftID,INT,yes,
works_cycles,shift,Name,TEXT,no,
works_cycles,shift,Start Time,TEXT,no,
works_cycles,shift,End Time,TEXT,no,
works_cycles,shift,modified date,TEXT,no,
works_cycles,shipmethod,Ship Method ID,INT,yes,
works_cycles,shipmethod,Name,TEXT,no,
works_cycles,shipmethod,Ship Base,REAL,no,
works_cycles,shipmethod,Ship Rate,REAL,no,
works_cycles,shipmethod,rowguid,TEXT,no,
works_cycles,shipmethod,modified date,TEXT,no,
works_cycles,specialoffer,Special Offer ID,INT,yes,
works_cycles,specialoffer,Description,TEXT,no,
works_cycles,specialoffer,Discount precentage,REAL,no,
works_cycles,specialoffer,Type,TEXT,no,
works_cycles,specialoffer,Category,TEXT,no,
works_cycles,specialoffer,Start Date,TEXT,no,
works_cycles,specialoffer,End Date,TEXT,no,
works_cycles,specialoffer,Min Quality,INT,no,
works_cycles,specialoffer,Max Quality,INT,no,
works_cycles,specialoffer,rowguid,TEXT,no,
works_cycles,specialoffer,modified date,TEXT,no,
works_cycles,businessentityaddress,Business Entity ID,INT,yes,businessentity.business entity id
works_cycles,businessentityaddress,Address ID,INT,yes,address.address id
works_cycles,businessentityaddress,Address Type ID,INT,yes,addresstype.address type id
works_cycles,businessentityaddress,rowguid,TEXT,no,
works_cycles,businessentityaddress,modified date,TEXT,no,
works_cycles,salestaxrate,Sales Tax Rate ID,INT,yes,
works_cycles,salestaxrate,State Province ID,INT,no,stateprovince.State Province ID
works_cycles,salestaxrate,Tax Type,INT,no,
works_cycles,salestaxrate,Tax Rate,REAL,no,
works_cycles,salestaxrate,Name,TEXT,no,
works_cycles,salestaxrate,rowguid,TEXT,no,
works_cycles,salestaxrate,modified date,TEXT,no,
works_cycles,store,Business Entity ID,INT,yes,businessentity.business entity id
works_cycles,store,Name,TEXT,no,
works_cycles,store,Sales Person ID,INT,no,salesperson.Business Entity ID
works_cycles,store,Demographics,TEXT,no,
works_cycles,store,rowguid,TEXT,no,
works_cycles,store,modified date,TEXT,no,
works_cycles,salesorderheadersalesreason,Sales Order ID,INT,yes,salesorderheader.Sales Order ID
works_cycles,salesorderheadersalesreason,Sales Reason ID,INT,yes,salesreason.SalesReasonID
works_cycles,salesorderheadersalesreason,modified date,TEXT,no,
works_cycles,transactionhistoryarchive,Transaction ID,INT,yes,
works_cycles,transactionhistoryarchive,Product ID,INT,no,
works_cycles,transactionhistoryarchive,Reference Order ID,INT,no,
works_cycles,transactionhistoryarchive,Reference Order Line ID,INT,no,
works_cycles,transactionhistoryarchive,Transaction Date,TEXT,no,
works_cycles,transactionhistoryarchive,Transaction Type,TEXT,no,
works_cycles,transactionhistoryarchive,Quantity,INT,no,
works_cycles,transactionhistoryarchive,Actual Cost,REAL,no,
works_cycles,transactionhistoryarchive,modified date,TEXT,no,
works_cycles,unitmeasure,Unit Measure Code,TEXT,yes,
works_cycles,unitmeasure,Name,TEXT,no,
works_cycles,unitmeasure,modified date,TEXT,no,
works_cycles,productcosthistory,Product ID,INT,yes,product.Product ID
works_cycles,productcosthistory,Start Date,TEXT,yes,
works_cycles,productcosthistory,End Date,TEXT,no,
works_cycles,productcosthistory,Standard Cost,REAL,no,
works_cycles,productcosthistory,modified date,TEXT,no,
works_cycles,productdocument,Product ID,INT,yes,product.Product ID
works_cycles,productdocument,Document Node,TEXT,yes,document.Document Node
works_cycles,productdocument,modified date,TEXT,no,
works_cycles,productinventory,Product ID,INT,yes,product.Product ID
works_cycles,productinventory,Location ID,INT,yes,location.Location ID
works_cycles,productinventory,Shelf,TEXT,no,
works_cycles,productinventory,Bin,INT,no,
works_cycles,productinventory,Quantity,INT,no,
works_cycles,productinventory,rowguid,TEXT,no,
works_cycles,productinventory,modified date,TEXT,no,
works_cycles,productproductphoto,Product ID,INT,yes,product.Product ID
works_cycles,productproductphoto,Product Photo ID,INT,yes,productphoto.Product Photo ID
works_cycles,productproductphoto,Primary,INT,no,
works_cycles,productproductphoto,Modified Date,TEXT,no,
works_cycles,productreview,Product Review ID,INT,yes,
works_cycles,productreview,Product ID,INT,no,product.Product ID
works_cycles,productreview,Reviewer Name,TEXT,no,
works_cycles,productreview,Review Date,TEXT,no,
works_cycles,productreview,Email Address,TEXT,no,
works_cycles,productreview,Rating,INT,no,
works_cycles,productreview,Comments,TEXT,no,
works_cycles,productreview,modified date,TEXT,no,
works_cycles,shoppingcartitem,Shopping CartItem ID,INT,yes,
works_cycles,shoppingcartitem,Shopping Cart ID,TEXT,no,
works_cycles,shoppingcartitem,Quantity,INT,no,
works_cycles,shoppingcartitem,Product ID,INT,no,product.Product ID
works_cycles,shoppingcartitem,Date Created,TEXT,no,
works_cycles,shoppingcartitem,modified date,TEXT,no,
works_cycles,specialofferproduct,Special Offer ID,INT,yes,specialoffer.Special Offer ID
works_cycles,specialofferproduct,Product ID,INT,yes,product.Product ID
works_cycles,specialofferproduct,rowguid,TEXT,no,
works_cycles,specialofferproduct,modified date,TEXT,no,
works_cycles,salesorderdetail,SalesOrderID,INT,no,salesorderheader.Sales Order ID
works_cycles,salesorderdetail,SalesOrderDetailID,INT,yes,
works_cycles,salesorderdetail,CarrierTrackingNumber,TEXT,no,
works_cycles,salesorderdetail,OrderQty,INT,no,
works_cycles,salesorderdetail,ProductID,INT,no,specialofferproduct.Product ID
works_cycles,salesorderdetail,SpecialOfferID,INT,no,specialofferproduct.Special Offer ID
works_cycles,salesorderdetail,UnitPrice,REAL,no,
works_cycles,salesorderdetail,UnitPriceDiscount,REAL,no,
works_cycles,salesorderdetail,LineTotal,REAL,no,
works_cycles,salesorderdetail,rowguid,TEXT,no,
works_cycles,salesorderdetail,ModifiedDate,TEXT,no,
works_cycles,transactionhistory,Transaction ID,INT,yes,
works_cycles,transactionhistory,Product ID,INT,no,product.Product ID
works_cycles,transactionhistory,Reference Order ID,INT,no,
works_cycles,transactionhistory,Reference Order Line ID,INT,no,
works_cycles,transactionhistory,Transaction Date,TEXT,no,
works_cycles,transactionhistory,Transaction Type,TEXT,no,
works_cycles,transactionhistory,Quantity,INT,no,
works_cycles,transactionhistory,Actual Cost,REAL,no,
works_cycles,transactionhistory,modified date,TEXT,no,
works_cycles,vendor,BusinessEntityID,INT,yes,businessentity.business entity id
works_cycles,vendor,AccountNumber,TEXT,no,
works_cycles,vendor,Name,TEXT,no,
works_cycles,vendor,CreditRating,INT,no,
works_cycles,vendor,Preferred Vendor Status,INT,no,
works_cycles,vendor,Active Flag,INT,no,
works_cycles,vendor,PurchasingWebServiceURL,TEXT,no,
works_cycles,vendor,modified date,TEXT,no,
works_cycles,productvendor,Product ID,INT,yes,product.Product ID
works_cycles,productvendor,Business Entity ID,INT,yes,vendor.BusinessEntityID
works_cycles,productvendor,Average Lead Time,INT,no,
works_cycles,productvendor,Standard Price,REAL,no,
works_cycles,productvendor,Last Receipt Cost,REAL,no,
works_cycles,productvendor,Last Receipt Date,TEXT,no,
works_cycles,productvendor,Min Order Quantity,INT,no,
works_cycles,productvendor,Max Order Quantity,INT,no,
works_cycles,productvendor,On Order Quantity,INT,no,
works_cycles,productvendor,Unit Measure Code,TEXT,no,unitmeasure.Unit Measure Code
works_cycles,productvendor,modified date,TEXT,no,
works_cycles,purchaseorderheader,Purchase Order ID,INT,yes,
works_cycles,purchaseorderheader,Revision Number,INT,no,
works_cycles,purchaseorderheader,Status,INT,no,
works_cycles,purchaseorderheader,Employee ID,INT,no,employee.Business Entity ID
works_cycles,purchaseorderheader,Vendor ID,INT,no,vendor.BusinessEntityID
works_cycles,purchaseorderheader,Ship Method ID,INT,no,shipmethod.Ship Method ID
works_cycles,purchaseorderheader,Order Date,TEXT,no,
works_cycles,purchaseorderheader,Ship Date,TEXT,no,
works_cycles,purchaseorderheader,SubTotal,REAL,no,
works_cycles,purchaseorderheader,Tax Amount,REAL,no,
works_cycles,purchaseorderheader,Freight,REAL,no,
works_cycles,purchaseorderheader,Total Due,REAL,no,
works_cycles,purchaseorderheader,modified date,TEXT,no,
works_cycles,purchaseorderdetail,Purchase Order ID,INT,no,purchaseorderheader.Purchase Order ID
works_cycles,purchaseorderdetail,Purchase Orde rDetail ID,INT,yes,
works_cycles,purchaseorderdetail,Due Date,TEXT,no,
works_cycles,purchaseorderdetail,Order Quantity,INT,no,
works_cycles,purchaseorderdetail,Product ID,INT,no,product.Product ID
works_cycles,purchaseorderdetail,Unit Price,REAL,no,
works_cycles,purchaseorderdetail,Line Total,REAL,no,
works_cycles,purchaseorderdetail,ReceivedQty,REAL,no,
works_cycles,purchaseorderdetail,RejectedQty,REAL,no,
works_cycles,purchaseorderdetail,StockedQty,REAL,no,
works_cycles,purchaseorderdetail,ModifiedDate,TEXT,no,
works_cycles,workorder,Work Order ID,INT,yes,
works_cycles,workorder,Product ID,INT,no,product.Product ID
works_cycles,workorder,Order Quantity,INT,no,
works_cycles,workorder,Stocked Quantity,INT,no,
works_cycles,workorder,Scrapped Quantity,INT,no,
works_cycles,workorder,Start Date,TEXT,no,
works_cycles,workorder,End Date,TEXT,no,
works_cycles,workorder,Due Date,TEXT,no,
works_cycles,workorder,Scrap Reason ID,INT,no,scrapreason.Scrap Reason ID
works_cycles,workorder,modified date,TEXT,no,
works_cycles,workorderrouting,WorkOrderID,INT,yes,workorder.Work Order ID
works_cycles,workorderrouting,ProductID,INT,yes,
works_cycles,workorderrouting,Operation Sequence,INT,yes,
works_cycles,workorderrouting,Location ID,INT,no,location.Location ID
works_cycles,workorderrouting,Scheduled Start Date,TEXT,no,
works_cycles,workorderrouting,Scheduled End Date,TEXT,no,
works_cycles,workorderrouting,Actual Start Date,TEXT,no,
works_cycles,workorderrouting,ActualEndDate,TEXT,no,
works_cycles,workorderrouting,Actual Resource Hours,REAL,no,
works_cycles,workorderrouting,Planned Cost,REAL,no,
works_cycles,workorderrouting,ActualCost,REAL,no,
works_cycles,workorderrouting,modified date,TEXT,no,
works_cycles,customer,Customer ID,INT,yes,
works_cycles,customer,Person ID,INT,no,person.Business Entity ID
works_cycles,customer,Store ID,INT,no,store.Business Entity ID
works_cycles,customer,Territory ID,INT,no,salesterritory.TerritoryID
works_cycles,customer,Account Number,TEXT,no,
works_cycles,customer,rowguid,TEXT,no,
works_cycles,customer,modified date,TEXT,no,
works_cycles,productlistpricehistory,Product ID,INT,yes,product.Product ID
works_cycles,productlistpricehistory,Start Date,TEXT,yes,
works_cycles,productlistpricehistory,End Date,TEXT,no,
works_cycles,productlistpricehistory,ListPrice,REAL,no,
works_cycles,productlistpricehistory,modified date,TEXT,no,
works_cycles,address,address id,INT,yes,
works_cycles,address,address line 1,TEXT,no,
works_cycles,address,address line 2,TEXT,no,
works_cycles,address,City,TEXT,no,
works_cycles,address,state province id,INT,no,
works_cycles,address,postal code,TEXT,no,
works_cycles,address,spatial location,TEXT,no,
works_cycles,address,rowguid,TEXT,no,
works_cycles,address,modified date,TEXT,no,
works_cycles,addresstype,address type id,INT,yes,
works_cycles,addresstype,Name,TEXT,no,
works_cycles,addresstype,rowguid,TEXT,no,
works_cycles,addresstype,modified date,TEXT,no,
works_cycles,billofmaterials,bill of materials id,INT,yes,
works_cycles,billofmaterials,product assembly id,INT,no,
works_cycles,billofmaterials,component ID,INT,no,
works_cycles,billofmaterials,start date,TEXT,no,
works_cycles,billofmaterials,end date,TEXT,no,
works_cycles,billofmaterials,unit measure code,TEXT,no,
works_cycles,billofmaterials,bill of materials level,INT,no,
works_cycles,billofmaterials,per assembly quantity,REAL,no,
works_cycles,billofmaterials,modified date,TEXT,no,
works_cycles,businessentity,business entity id,INT,yes,
works_cycles,businessentity,rowguid,TEXT,no,
works_cycles,businessentity,modified date,TEXT,no,
works_cycles,contacttype,Contact Type ID,INT,yes,
works_cycles,contacttype,Name,TEXT,no,
works_cycles,contacttype,modified date,TEXT,no,
works_cycles,currencyrate,Currency Rate ID,INT,yes,
works_cycles,currencyrate,Currency Rate Date,TEXT,no,
works_cycles,currencyrate,From Currency Code,TEXT,no,
works_cycles,currencyrate,ToCurrencyCode,TEXT,no,
works_cycles,currencyrate,Average Rate,REAL,no,
works_cycles,currencyrate,End Of Day Rate,REAL,no,
works_cycles,currencyrate,modified date,TEXT,no,
works_cycles,department,Department ID,INT,yes,
works_cycles,department,Name,TEXT,no,
works_cycles,department,Group Name,TEXT,no,
works_cycles,department,modified date,TEXT,no,
works_cycles,employeedepartmenthistory,Business Entity ID,INT,yes,
works_cycles,employeedepartmenthistory,DepartmentI D,INT,yes,
works_cycles,employeedepartmenthistory,Shift ID,INT,yes,
works_cycles,employeedepartmenthistory,Start Date,TEXT,yes,
works_cycles,employeedepartmenthistory,End Date,TEXT,no,
works_cycles,employeedepartmenthistory,modified date,TEXT,no,
works_cycles,employeepayhistory,Business Entity ID,INT,yes,
works_cycles,employeepayhistory,Rate Change Date,TEXT,yes,
works_cycles,employeepayhistory,Rate,REAL,no,
works_cycles,employeepayhistory,Pay Frequency,INT,no,
works_cycles,employeepayhistory,modified date,TEXT,no,
works_cycles,jobcandidate,Job Candidate ID,INT,yes,
works_cycles,jobcandidate,Business Entity ID,INT,no,
works_cycles,jobcandidate,Resume,TEXT,no,
works_cycles,jobcandidate,modified date,TEXT,no,
works_cycles,location,Location ID,INT,yes,
works_cycles,location,Name,TEXT,no,
works_cycles,location,Cost Rate,REAL,no,
works_cycles,location,Availability,REAL,no,
works_cycles,location,modified date,TEXT,no,
works_cycles,phonenumbertype,Phone Number Type ID,INT,yes,
works_cycles,phonenumbertype,Phone Number,TEXT,no,
works_cycles,phonenumbertype,modified date,TEXT,no,
works_cycles,product,Product ID,INT,yes,
works_cycles,product,Name,TEXT,no,
works_cycles,product,Product Number,TEXT,no,
works_cycles,product,Make Flag,INT,no,
works_cycles,product,Finished Goods Flag,INT,no,
works_cycles,product,Color,TEXT,no,
works_cycles,product,Safety Stock Level,INT,no,
works_cycles,product,Reorder Point,INT,no,
works_cycles,product,Standard Cost,REAL,no,
works_cycles,product,List Price,REAL,no,
works_cycles,product,Size,TEXT,no,
works_cycles,product,Size Unit Measure Code,TEXT,no,
works_cycles,product,Weight Unit Measure Code,TEXT,no,
works_cycles,product,Weight,REAL,no,
works_cycles,product,Days To Manufacture,INT,no,
works_cycles,product,Product Line,TEXT,no,
works_cycles,product,Class,TEXT,no,
works_cycles,product,Style,TEXT,no,
works_cycles,product,Product Subcategory ID,INT,no,
works_cycles,product,Product Model ID,INT,no,
works_cycles,product,Sell Start Date,TEXT,no,
works_cycles,product,Sell End Date,TEXT,no,
works_cycles,product,Discontinued Date,TEXT,no,
works_cycles,product,rowguid,TEXT,no,
works_cycles,product,modified date,TEXT,no,
works_cycles,document,Document Node,TEXT,yes,
works_cycles,document,Document Level,INT,no,
works_cycles,document,Title,TEXT,no,
works_cycles,document,Owner,INT,no,
works_cycles,document,Folder Flag,INT,no,
works_cycles,document,File Name,TEXT,no,
works_cycles,document,File Extension,TEXT,no,
works_cycles,document,Revision,TEXT,no,
works_cycles,document,Change Number,INT,no,
works_cycles,document,Status,INT,no,
works_cycles,document,Document Summary,TEXT,no,
works_cycles,document,Document,BLOB,no,
works_cycles,document,rowguid,TEXT,no,
works_cycles,document,modified date,TEXT,no,
works_cycles,stateprovince,State Province ID,INT,yes,
works_cycles,stateprovince,State Province Code,TEXT,no,
works_cycles,stateprovince,Country Region Code,TEXT,no,
works_cycles,stateprovince,Is Only State Province Flag,INT,no,
works_cycles,stateprovince,Name,TEXT,no,
works_cycles,stateprovince,Territory ID,INT,no,
works_cycles,stateprovince,rowguid,TEXT,no,
works_cycles,stateprovince,modified date,TEXT,no,
works_cycles,creditcard,Credit Card ID,INT,yes,
works_cycles,creditcard,Card Type,TEXT,no,
works_cycles,creditcard,Card Number,TEXT,no,
works_cycles,creditcard,Expiration Month,INT,no,
works_cycles,creditcard,Expiration Year,INT,no,
works_cycles,creditcard,modified date,TEXT,no,
works_cycles,salesorderheader,Sales Order ID,INT,yes,
works_cycles,salesorderheader,RevisionNumber,INT,no,
works_cycles,salesorderheader,Order Date,TEXT,no,
works_cycles,salesorderheader,DueDate,TEXT,no,
works_cycles,salesorderheader,Ship Date,TEXT,no,
works_cycles,salesorderheader,Status,INT,no,
works_cycles,salesorderheader,OnlineOrderFlag,INT,no,
works_cycles,salesorderheader,SalesOrderNumber,TEXT,no,
works_cycles,salesorderheader,PurchaseOrderNumber,TEXT,no,
works_cycles,salesorderheader,AccountNumber,TEXT,no,
works_cycles,salesorderheader,CustomerID,INT,no,
works_cycles,salesorderheader,SalesPersonID,INT,no,
works_cycles,salesorderheader,TerritoryID,INT,no,
works_cycles,salesorderheader,BillToAddressID,INT,no,
works_cycles,salesorderheader,ShipToAddressID,INT,no,
works_cycles,salesorderheader,Ship Method ID,INT,no,
works_cycles,salesorderheader,CreditCardID,INT,no,
works_cycles,salesorderheader,CreditCardApprovalCode,TEXT,no,
works_cycles,salesorderheader,CurrencyRateID,INT,no,
works_cycles,salesorderheader,SubTotal,REAL,no,
works_cycles,salesorderheader,Tax Amount,REAL,no,
works_cycles,salesorderheader,Freight,REAL,no,
works_cycles,salesorderheader,Total Due,REAL,no,
works_cycles,salesorderheader,Comment,TEXT,no,
works_cycles,salesorderheader,rowguid,TEXT,no,
works_cycles,salesorderheader,modified date,TEXT,no,
food_inspection_2,employee,employee id,INT,yes,
food_inspection_2,employee,first name,TEXT,no,
food_inspection_2,employee,last name,TEXT,no,
food_inspection_2,employee,address,TEXT,no,
food_inspection_2,employee,city,TEXT,no,
food_inspection_2,employee,state,TEXT,no,
food_inspection_2,employee,zip,INT,no,
food_inspection_2,employee,phone,TEXT,no,
food_inspection_2,employee,title,TEXT,no,
food_inspection_2,employee,salary,INT,no,
food_inspection_2,employee,supervisor,INT,no,employee.employee id
food_inspection_2,establishment,license number,INT,yes,
food_inspection_2,establishment,doing business as name,TEXT,no,
food_inspection_2,establishment,as know as name,TEXT,no,
food_inspection_2,establishment,facility type,TEXT,no,
food_inspection_2,establishment,risk level,INT,no,
food_inspection_2,establishment,address,TEXT,no,
food_inspection_2,establishment,city,TEXT,no,
food_inspection_2,establishment,state,TEXT,no,
food_inspection_2,establishment,zip,INT,no,
food_inspection_2,establishment,latitude,REAL,no,
food_inspection_2,establishment,longitude,REAL,no,
food_inspection_2,establishment,ward,INT,no,
food_inspection_2,inspection,inspection id,INT,yes,
food_inspection_2,inspection,inspection date,TEXT,no,
food_inspection_2,inspection,inspection type,TEXT,no,
food_inspection_2,inspection,results,TEXT,no,
food_inspection_2,inspection,employee id,INT,no,employee.employee id
food_inspection_2,inspection,license number,INT,no,establishment.license number
food_inspection_2,inspection,followup to,INT,no,inspection.inspection id
food_inspection_2,inspection_point,point id,INT,yes,
food_inspection_2,inspection_point,Description,TEXT,no,
food_inspection_2,inspection_point,category,TEXT,no,
food_inspection_2,inspection_point,code,TEXT,no,
food_inspection_2,inspection_point,fine,INT,no,
food_inspection_2,inspection_point,point_level,TEXT,no,
food_inspection_2,violation,inspection id,INT,yes,inspection.inspection id
food_inspection_2,violation,point id,INT,yes,inspection_point.point id
food_inspection_2,violation,fine,INT,no,
food_inspection_2,violation,inspector_comment,TEXT,no,
citeseer,cites,cited_paper_id,TEXT,yes,
citeseer,cites,citing_paper_id,TEXT,yes,
citeseer,paper,paper id,TEXT,yes,
citeseer,paper,class label,TEXT,no,
citeseer,content,paper id,TEXT,yes,paper.paper id
citeseer,content,word cited id,TEXT,yes,
bike_share_1,station,id,INT,yes,
bike_share_1,station,name,TEXT,no,
bike_share_1,station,latitude,REAL,no,
bike_share_1,station,longitude,REAL,no,
bike_share_1,station,dock count,INT,no,
bike_share_1,station,city,TEXT,no,
bike_share_1,station,installation date,TEXT,no,
bike_share_1,status,station id,INT,no,
bike_share_1,status,bikes_available,INT,no,
bike_share_1,status,docks_available,INT,no,
bike_share_1,status,time,TEXT,no,
bike_share_1,trip,id,INT,yes,
bike_share_1,trip,duration,INT,no,
bike_share_1,trip,start date,TEXT,no,
bike_share_1,trip,start station name,TEXT,no,
bike_share_1,trip,start station id,INT,no,
bike_share_1,trip,end date,TEXT,no,
bike_share_1,trip,end station name,TEXT,no,
bike_share_1,trip,end station id,INT,no,
bike_share_1,trip,bike id,INT,no,
bike_share_1,trip,subscription type,TEXT,no,
bike_share_1,trip,zip code,INT,no,
bike_share_1,weather,date,TEXT,no,
bike_share_1,weather,max temperature in Fahrenheit degree,INT,no,
bike_share_1,weather,mean temperature in Fahrenheit degree,INT,no,
bike_share_1,weather,min temperature in Fahrenheit degree,INT,no,
bike_share_1,weather,max dew point in Fahrenheit degree,INT,no,
bike_share_1,weather,mean dew point in Fahrenheit degree,INT,no,
bike_share_1,weather,min dew point in Fahrenheit degree,INT,no,
bike_share_1,weather,max humidity,INT,no,
bike_share_1,weather,mean humidity,INT,no,
bike_share_1,weather,min humidity,INT,no,
bike_share_1,weather,max sea level pressure in inches,REAL,no,
bike_share_1,weather,mean sea level pressure in inches,REAL,no,
bike_share_1,weather,min sea level pressure in inches,REAL,no,
bike_share_1,weather,max visibility in miles,INT,no,
bike_share_1,weather,mean visibility in miles,INT,no,
bike_share_1,weather,min visibility in miles,INT,no,
bike_share_1,weather,max wind Speed in mph,INT,no,
bike_share_1,weather,mean wind Speed in mph,INT,no,
bike_share_1,weather,max gust Speed in mph,INT,no,
bike_share_1,weather,precipitation in inches,TEXT,no,
bike_share_1,weather,cloud cover,INT,no,
bike_share_1,weather,events,TEXT,no,
bike_share_1,weather,wind direction degrees,INT,no,
bike_share_1,weather,zip code,TEXT,no,
law_episode,episode,episode id,TEXT,yes,
law_episode,episode,series,TEXT,no,
law_episode,episode,season,INT,no,
law_episode,episode,episode,INT,no,
law_episode,episode,number in series,INT,no,
law_episode,episode,title,TEXT,no,
law_episode,episode,summary,TEXT,no,
law_episode,episode,air date,TEXT,no,
law_episode,episode,episode image,TEXT,no,
law_episode,episode,rating,REAL,no,
law_episode,episode,votes,INT,no,
law_episode,keyword,episode id,TEXT,yes,episode.episode id
law_episode,keyword,keyword,TEXT,yes,
law_episode,person,person id,TEXT,yes,
law_episode,person,name,TEXT,no,
law_episode,person,birth date,TEXT,no,
law_episode,person,birth name,TEXT,no,
law_episode,person,birth place,TEXT,no,
law_episode,person,birth region,TEXT,no,
law_episode,person,birth country,TEXT,no,
law_episode,person,height meters,REAL,no,
law_episode,person,nickname,TEXT,no,
law_episode,award,award id,INT,yes,
law_episode,award,organization,TEXT,no,
law_episode,award,year,INT,no,
law_episode,award,award category,TEXT,no,
law_episode,award,award,TEXT,no,
law_episode,award,series,TEXT,no,
law_episode,award,episode id,TEXT,no,episode.episode id
law_episode,award,person_id,TEXT,no,person.person id
law_episode,award,role,TEXT,no,
law_episode,award,result,TEXT,no,
law_episode,credit,episode id,TEXT,yes,episode.episode id
law_episode,credit,person id,TEXT,yes,person.person id
law_episode,credit,category,TEXT,no,
law_episode,credit,role,TEXT,no,
law_episode,credit,credited,TEXT,no,
law_episode,vote,episode id,TEXT,no,episode.episode id
law_episode,vote,stars,INT,no,
law_episode,vote,votes,INT,no,
law_episode,vote,percent,REAL,no,
cs_semester,course,course id,INT,yes,
cs_semester,course,name,TEXT,no,
cs_semester,course,credit,INT,no,
cs_semester,course,difficulty,INT,no,
cs_semester,prof,professor id,INT,yes,
cs_semester,prof,gender,TEXT,no,
cs_semester,prof,first name,TEXT,no,
cs_semester,prof,last name,TEXT,no,
cs_semester,prof,email,TEXT,no,
cs_semester,prof,popularity,INT,no,
cs_semester,prof,teaching ability,INT,no,
cs_semester,prof,graduate from,TEXT,no,
cs_semester,ra,student id,INT,yes,student.student id
cs_semester,ra,capability,INT,no,
cs_semester,ra,professor id,INT,yes,prof.professor id
cs_semester,ra,salary,TEXT,no,
cs_semester,registration,course id,INT,yes,course.course id
cs_semester,registration,student id,INT,yes,student.student id
cs_semester,registration,grade,TEXT,no,
cs_semester,registration,satisfying degree,INT,no,
cs_semester,student,student id,INT,yes,
cs_semester,student,first name,TEXT,no,
cs_semester,student,last name,TEXT,no,
cs_semester,student,phone number,TEXT,no,
cs_semester,student,email,TEXT,no,
cs_semester,student,intelligence,INT,no,
cs_semester,student,graduate point average,REAL,no,
cs_semester,student,type,TEXT,no,
legislator,current,ballotpedia id,TEXT,no,
legislator,current,bioguide id,TEXT,yes,
legislator,current,birthday bio,TEXT,no,
legislator,current,cspan id,REAL,yes,
legislator,current,fec id,TEXT,no,
legislator,current,first name,TEXT,no,
legislator,current,gender bio,TEXT,no,
legislator,current,google entity id,TEXT,no,
legislator,current,govtrack id,INT,no,
legislator,current,house history id,REAL,no,
legislator,current,interuniversity consortium for political and social research id,REAL,no,
legislator,current,last name,TEXT,no,
legislator,current,legislator id,TEXT,no,
legislator,current,maplight id,REAL,no,
legislator,current,middle name,TEXT,no,
legislator,current,nickname,TEXT,no,
legislator,current,official full name,TEXT,no,
legislator,current,opensecrets id,TEXT,no,
legislator,current,religion bio,TEXT,no,
legislator,current,suffix name,TEXT,no,
legislator,current,thomas id,INT,no,
legislator,current,votesmart id,REAL,no,
legislator,current,wikidata id,TEXT,no,
legislator,current,wikipedia id,TEXT,no,
legislator,current-terms,address,TEXT,no,
legislator,current-terms,bioguide id,TEXT,yes,current.bioguide id
legislator,current-terms,caucus,TEXT,no,
legislator,current-terms,chamber,TEXT,no,
legislator,current-terms,class,REAL,no,
legislator,current-terms,contact_form,TEXT,no,
legislator,current-terms,district,REAL,no,
legislator,current-terms,end,TEXT,yes,
legislator,current-terms,fax,TEXT,no,
legislator,current-terms,last,TEXT,no,
legislator,current-terms,name,TEXT,no,
legislator,current-terms,office,TEXT,no,
legislator,current-terms,party,TEXT,no,
legislator,current-terms,party affiliations,TEXT,no,
legislator,current-terms,phone,TEXT,no,
legislator,current-terms,relation,TEXT,no,
legislator,current-terms,Really Simple Syndication URL,TEXT,no,
legislator,current-terms,start,TEXT,no,
legislator,current-terms,state,TEXT,no,
legislator,current-terms,state_rank,TEXT,no,
legislator,current-terms,title,TEXT,no,
legislator,current-terms,type,TEXT,no,
legislator,current-terms,url,TEXT,no,
legislator,historical,ballotpedia id,TEXT,no,
legislator,historical,bioguide id,TEXT,yes,
legislator,historical,bioguide previous id,TEXT,no,
legislator,historical,birthday bio,TEXT,no,
legislator,historical,cspan id,TEXT,no,
legislator,historical,fec id,TEXT,no,
legislator,historical,first name,TEXT,no,
legislator,historical,gender bio,TEXT,no,
legislator,historical,google entity id,TEXT,no,
legislator,historical,govtrack id,INT,no,
legislator,historical,house history alternate id,TEXT,no,
legislator,historical,house history id,REAL,no,
legislator,historical,interuniversity consortium for political and social research id,REAL,no,
legislator,historical,last name,TEXT,no,
legislator,historical,legislator id,TEXT,no,
legislator,historical,maplight id,TEXT,no,
legislator,historical,middle name,TEXT,no,
legislator,historical,nickname,TEXT,no,
legislator,historical,official full name,TEXT,no,
legislator,historical,opensecrets id,TEXT,no,
legislator,historical,religion bio,TEXT,no,
legislator,historical,suffix name,TEXT,no,
legislator,historical,thomas id,TEXT,no,
legislator,historical,votesmart id,TEXT,no,
legislator,historical,wikidata id,TEXT,no,
legislator,historical,wikipedia id,TEXT,no,
legislator,historical-terms,address,TEXT,no,
legislator,historical-terms,bioguide id,TEXT,yes,historical.bioguide id
legislator,historical-terms,chamber,TEXT,no,
legislator,historical-terms,class,REAL,no,
legislator,historical-terms,contact_form,TEXT,no,
legislator,historical-terms,district,REAL,no,
legislator,historical-terms,end,TEXT,no,
legislator,historical-terms,fax,TEXT,no,
legislator,historical-terms,last,TEXT,no,
legislator,historical-terms,middle,TEXT,no,
legislator,historical-terms,name,TEXT,no,
legislator,historical-terms,office,TEXT,no,
legislator,historical-terms,party,TEXT,no,
legislator,historical-terms,party affiliations,TEXT,no,
legislator,historical-terms,phone,TEXT,no,
legislator,historical-terms,relation,TEXT,no,
legislator,historical-terms,Really Simple Syndication URL,TEXT,no,
legislator,historical-terms,start,TEXT,no,
legislator,historical-terms,state,TEXT,no,
legislator,historical-terms,state_rank,TEXT,no,
legislator,historical-terms,title,TEXT,no,
legislator,historical-terms,type,TEXT,no,
legislator,historical-terms,url,TEXT,no,
legislator,social-media,bioguide,TEXT,yes,current.bioguide id
legislator,social-media,facebook,TEXT,no,
legislator,social-media,facebook_id,REAL,no,
legislator,social-media,govtrack,REAL,no,
legislator,social-media,instagram,TEXT,no,
legislator,social-media,instagram_id,REAL,no,
legislator,social-media,thomas,INT,no,
legislator,social-media,twitter,TEXT,no,
legislator,social-media,twitter_id,REAL,no,
legislator,social-media,youtube,TEXT,no,
legislator,social-media,youtube_id,TEXT,no,
world,city,ID,INT,yes,
world,city,Name,TEXT,no,
world,city,Country Code,TEXT,no,country.Code
world,city,District,TEXT,no,
world,city,Population,INT,no,
world,country,Code,TEXT,yes,
world,country,Name,TEXT,no,
world,country,Continent,TEXT,no,
world,country,Region,TEXT,no,
world,country,Surface Area,REAL,no,
world,country,Independence Year,INT,no,
world,country,Population,INT,no,
world,country,Life Expectancy,REAL,no,
world,country,Gross National Product,REAL,no,
world,country,Gross National Product Old,REAL,no,
world,country,Local Name,TEXT,no,
world,country,Government Form,TEXT,no,
world,country,Head Of State,TEXT,no,
world,country,Capital,INT,no,
world,country,Code2,TEXT,no,
world,countrylanguage,Country Code,TEXT,yes,country.Code
world,countrylanguage,Language,TEXT,yes,
world,countrylanguage,Is Official,TEXT,no,
world,countrylanguage,Percentage,REAL,no,
cookbook,ingredient,ingredient id,INT,yes,
cookbook,ingredient,category,TEXT,no,
cookbook,ingredient,name,TEXT,no,
cookbook,ingredient,plural,TEXT,no,
cookbook,recipe,recipe id,INT,yes,
cookbook,recipe,title,TEXT,no,
cookbook,recipe,subtitle,TEXT,no,
cookbook,recipe,servings,INT,no,
cookbook,recipe,yield unit,TEXT,no,
cookbook,recipe,preparation minute,INT,no,
cookbook,recipe,cooked minute,INT,no,
cookbook,recipe,stand minute,INT,no,
cookbook,recipe,source,TEXT,no,
cookbook,recipe,introduction,TEXT,no,
cookbook,recipe,directions,TEXT,no,
cookbook,nutrition,recipe id,INT,yes,recipe.recipe id
cookbook,nutrition,protein,REAL,no,
cookbook,nutrition,carbo,REAL,no,
cookbook,nutrition,alcohol,REAL,no,
cookbook,nutrition,total fat,REAL,no,
cookbook,nutrition,saturated fat,REAL,no,
cookbook,nutrition,cholesterol,REAL,no,
cookbook,nutrition,sodium,REAL,no,
cookbook,nutrition,iron,REAL,no,
cookbook,nutrition,vitamin c,REAL,no,
cookbook,nutrition,vitamin a,REAL,no,
cookbook,nutrition,fiber,REAL,no,
cookbook,nutrition,percentage calculation carbo,REAL,no,
cookbook,nutrition,percentage calculation fat,REAL,no,
cookbook,nutrition,percentage calculation protein,REAL,no,
cookbook,nutrition,calories,REAL,no,
cookbook,quantity,quantity id,INT,yes,
cookbook,quantity,recipe id,INT,no,recipe.recipe id
cookbook,quantity,ingredient id,INT,no,ingredient.ingredient id
cookbook,quantity,maximum quantity,REAL,no,
cookbook,quantity,minimum quantity,REAL,no,
cookbook,quantity,unit,TEXT,no,
cookbook,quantity,preparation,TEXT,no,
cookbook,quantity,optional,TEXT,no,
university,country,id,INT,yes,
university,country,country name,TEXT,no,
university,ranking_system,id,INT,yes,
university,ranking_system,system name,TEXT,no,
university,ranking_criteria,id,INT,yes,
university,ranking_criteria,ranking system id,INT,no,ranking_system.id
university,ranking_criteria,criteria name,TEXT,no,
university,university,id,INT,yes,
university,university,country id,INT,no,country.id
university,university,university name,TEXT,no,
university,university_ranking_year,university id,INT,no,university.id
university,university_ranking_year,ranking criteria id,INT,no,ranking_criteria.id
university,university_ranking_year,year,INT,no,
university,university_ranking_year,score,INT,no,
university,university_year,university id,INT,no,university.id
university,university_year,year,INT,no,
university,university_year,number of students,INT,no,
university,university_year,student staff ratio,REAL,no,
university,university_year,pct internation student,INT,no,
university,university_year,pct female students,INT,no,
books,address_status,status id,INT,yes,
books,address_status,address status,TEXT,no,
books,author,author id,INT,yes,
books,author,author name,TEXT,no,
books,book_language,language id,INT,yes,
books,book_language,language code,TEXT,no,
books,book_language,language name,TEXT,no,
books,country,country id,INT,yes,
books,country,country name,TEXT,no,
books,address,address id,INT,yes,
books,address,street number,TEXT,no,
books,address,street name,TEXT,no,
books,address,city,TEXT,no,
books,address,country id,INT,no,country.country id
books,customer,customer id,INT,yes,
books,customer,first name,TEXT,no,
books,customer,last name,TEXT,no,
books,customer,email,TEXT,no,
books,customer_address,customer id,INT,yes,customer.customer id
books,customer_address,address id,INT,yes,address.address id
books,customer_address,status id,INT,no,
books,order_status,status id,INT,yes,
books,order_status,status value,TEXT,no,
books,publisher,publisher id,INT,yes,
books,publisher,publisher name,TEXT,no,
books,book,book id,INT,yes,
books,book,title,TEXT,no,
books,book,isbn13,TEXT,no,
books,book,language id,INT,no,book_language.language id
books,book,number pages,INT,no,
books,book,publication date,TEXT,no,
books,book,publisher_id,INT,no,publisher.publisher id
books,book_author,book id,INT,yes,book.book id
books,book_author,author id,INT,yes,author.author id
books,shipping_method,method id,INT,yes,
books,shipping_method,method name,TEXT,no,
books,shipping_method,cost,REAL,no,
books,cust_order,order id,INT,yes,
books,cust_order,order date,TEXT,no,
books,cust_order,customer id,INT,no,
books,cust_order,shipping method id,INT,no,
books,cust_order,destination address id,INT,no,
books,order_history,history id,INT,yes,
books,order_history,order_id,INT,no,
books,order_history,status id,INT,no,
books,order_history,status date,TEXT,no,
books,order_line,line id,INT,yes,
books,order_line,order id,INT,no,
books,order_line,book id,INT,no,
books,order_line,price,REAL,no,
shipping,city,city id,INT,yes,
shipping,city,city name,TEXT,no,
shipping,city,state,TEXT,no,
shipping,city,population,INT,no,
shipping,city,area,REAL,no,
shipping,customer,customer id,INT,yes,
shipping,customer,customer name,TEXT,no,
shipping,customer,annual revenue,INT,no,
shipping,customer,customer type,TEXT,no,
shipping,customer,address,TEXT,no,
shipping,customer,city,TEXT,no,
shipping,customer,state,TEXT,no,
shipping,customer,zip,REAL,no,
shipping,customer,phone,TEXT,no,
shipping,driver,driver id,INT,yes,
shipping,driver,first name,TEXT,no,
shipping,driver,last name,TEXT,no,
shipping,driver,address,TEXT,no,
shipping,driver,city,TEXT,no,
shipping,driver,state,TEXT,no,
shipping,driver,zip code,INT,no,
shipping,driver,phone,TEXT,no,
shipping,truck,truck id,INT,yes,
shipping,truck,make,TEXT,no,
shipping,truck,model year,INT,no,
shipping,shipment,ship id,INT,yes,
shipping,shipment,customer id,INT,no,customer.customer id
shipping,shipment,weight,REAL,no,
shipping,shipment,truck id,INT,no,truck.truck id
shipping,shipment,driver id,INT,no,driver.driver id
shipping,shipment,city id,INT,no,city.city id
shipping,shipment,ship date,TEXT,no,
food_inspection,businesses,business id,INT,yes,
food_inspection,businesses,name,TEXT,no,
food_inspection,businesses,address,TEXT,no,
food_inspection,businesses,city,TEXT,no,
food_inspection,businesses,postal code,TEXT,no,
food_inspection,businesses,latitude,REAL,no,
food_inspection,businesses,longitude,REAL,no,
food_inspection,businesses,phone number,INT,no,
food_inspection,businesses,tax code,TEXT,no,
food_inspection,businesses,business certificate,INT,no,
food_inspection,businesses,application date,TEXT,no,
food_inspection,businesses,owner name,TEXT,no,
food_inspection,businesses,owner address,TEXT,no,
food_inspection,businesses,owner city,TEXT,no,
food_inspection,businesses,owner state,TEXT,no,
food_inspection,businesses,owner zip,TEXT,no,
food_inspection,inspections,business id,INT,no,businesses.business id
food_inspection,inspections,score,INT,no,
food_inspection,inspections,date,TEXT,no,
food_inspection,inspections,type,TEXT,no,
food_inspection,violations,business id,INT,no,businesses.business id
food_inspection,violations,date,TEXT,no,
food_inspection,violations,violation type id,TEXT,no,
food_inspection,violations,risk category,TEXT,no,
food_inspection,violations,description,TEXT,no,
movie_platform,lists,user_id,INT,no,lists_users.user_id
movie_platform,lists,list_id,INT,yes,
movie_platform,lists,list_title,TEXT,no,
movie_platform,lists,list_movie_number,INT,no,
movie_platform,lists,list_update_timestamp_utc,TEXT,no,
movie_platform,lists,list_creation_timestamp_utc,TEXT,no,
movie_platform,lists,list_followers,INT,no,
movie_platform,lists,list_url,TEXT,no,
movie_platform,lists,list_comments,INT,no,
movie_platform,lists,list_description,TEXT,no,
movie_platform,lists,list_cover_image_url,TEXT,no,
movie_platform,lists,list_first_image_url,TEXT,no,
movie_platform,lists,list_second_image_url,TEXT,no,
movie_platform,lists,list_third_image_url,TEXT,no,
movie_platform,movies,movie_id,INT,yes,
movie_platform,movies,movie_title,TEXT,no,
movie_platform,movies,movie_release_year,INT,no,
movie_platform,movies,movie_url,TEXT,no,
movie_platform,movies,movie_title_language,TEXT,no,
movie_platform,movies,movie_popularity,INT,no,
movie_platform,movies,movie_image_url,TEXT,no,
movie_platform,movies,director_id,TEXT,no,
movie_platform,movies,director_name,TEXT,no,
movie_platform,movies,director_url,TEXT,no,
movie_platform,ratings_users,user_id,INT,no,lists_users.user_id
movie_platform,ratings_users,rating_date_utc,TEXT,no,
movie_platform,ratings_users,user_trialist,INT,no,
movie_platform,ratings_users,user_subscriber,INT,no,
movie_platform,ratings_users,user_avatar_image_url,TEXT,no,
movie_platform,ratings_users,user_cover_image_url,TEXT,no,
movie_platform,ratings_users,user_eligible_for_trial,INT,no,
movie_platform,ratings_users,user_has_payment_method,INT,no,
movie_platform,lists_users,user_id,INT,yes,lists.user_id
movie_platform,lists_users,list_id,INT,yes,lists.list_id
movie_platform,lists_users,list_update_date_utc,TEXT,no,
movie_platform,lists_users,list_creation_date_utc,TEXT,no,
movie_platform,lists_users,user_trialist,INT,no,
movie_platform,lists_users,user_subscriber,INT,no,
movie_platform,lists_users,user_avatar_image_url,TEXT,no,
movie_platform,lists_users,user_cover_image_url,TEXT,no,
movie_platform,lists_users,user_eligible_for_trial,TEXT,no,
movie_platform,lists_users,user_has_payment_method,TEXT,no,
movie_platform,ratings,movie_id,INT,no,movies.movie_id
movie_platform,ratings,rating_id,INT,no,
movie_platform,ratings,rating_url,TEXT,no,
movie_platform,ratings,rating_score,INT,no,
movie_platform,ratings,rating_timestamp_utc,TEXT,no,
movie_platform,ratings,critic,TEXT,no,
movie_platform,ratings,critic_likes,INT,no,
movie_platform,ratings,critic_comments,INT,no,
movie_platform,ratings,user_id,INT,no,lists_users.user_id
movie_platform,ratings,user_trialist,INT,no,
movie_platform,ratings,user_subscriber,INT,no,
movie_platform,ratings,user_eligible_for_trial,INT,no,
movie_platform,ratings,user_has_payment_method,INT,no,
shakespeare,chapters,id,INT,yes,
shakespeare,chapters,Act,INT,no,
shakespeare,chapters,Scene,INT,no,
shakespeare,chapters,Description,TEXT,no,
shakespeare,chapters,work id,INT,no,
shakespeare,characters,id,INT,yes,
shakespeare,characters,char name,TEXT,no,
shakespeare,characters,abbreviation,TEXT,no,
shakespeare,characters,Description,TEXT,no,
shakespeare,paragraphs,id,INT,yes,
shakespeare,paragraphs,paragraph number,INT,no,
shakespeare,paragraphs,Plain Text,TEXT,no,
shakespeare,paragraphs,character id,INT,no,
shakespeare,paragraphs,chapter id,INT,no,
shakespeare,works,id,INT,yes,
shakespeare,works,Title,TEXT,no,
shakespeare,works,Long Title,TEXT,no,
shakespeare,works,character id,INT,no,
shakespeare,works,genre type,TEXT,no,
book_publishing_company,authors,author id,TEXT,yes,
book_publishing_company,authors,author last name,TEXT,no,
book_publishing_company,authors,author first name,TEXT,no,
book_publishing_company,authors,phone,TEXT,no,
book_publishing_company,authors,address,TEXT,no,
book_publishing_company,authors,city,TEXT,no,
book_publishing_company,authors,state,TEXT,no,
book_publishing_company,authors,zip,TEXT,no,
book_publishing_company,authors,contract,TEXT,no,
book_publishing_company,jobs,job id,INT,yes,
book_publishing_company,jobs,job description,TEXT,no,
book_publishing_company,jobs,min level,INT,no,
book_publishing_company,jobs,max level,INT,no,
book_publishing_company,publishers,publisher id,TEXT,yes,
book_publishing_company,publishers,publisher name,TEXT,no,
book_publishing_company,publishers,city,TEXT,no,
book_publishing_company,publishers,state,TEXT,no,
book_publishing_company,publishers,country,TEXT,no,
book_publishing_company,employee,employee id,TEXT,yes,
book_publishing_company,employee,first name,TEXT,no,
book_publishing_company,employee,minit,TEXT,no,
book_publishing_company,employee,last name,TEXT,no,
book_publishing_company,employee,job id,INT,no,jobs.job id
book_publishing_company,employee,job level,INT,no,
book_publishing_company,employee,publisher id,TEXT,no,publishers.publisher id
book_publishing_company,employee,hire_date,TEXT,no,
book_publishing_company,pub_info,publication id,TEXT,yes,publishers.publisher id
book_publishing_company,pub_info,logo,BLOB,no,
book_publishing_company,pub_info,publisher's information,TEXT,no,
book_publishing_company,stores,store id,TEXT,yes,
book_publishing_company,stores,store name,TEXT,no,
book_publishing_company,stores,store address,TEXT,no,
book_publishing_company,stores,city,TEXT,no,
book_publishing_company,stores,state,TEXT,no,
book_publishing_company,stores,zip,TEXT,no,
book_publishing_company,discounts,discount type,TEXT,no,
book_publishing_company,discounts,store id,TEXT,no,stores.store id
book_publishing_company,discounts,low quantity,INT,no,
book_publishing_company,discounts,high quantity,INT,no,
book_publishing_company,discounts,discount,REAL,no,
book_publishing_company,titles,title id,TEXT,yes,
book_publishing_company,titles,title,TEXT,no,
book_publishing_company,titles,type,TEXT,no,
book_publishing_company,titles,publisher id,TEXT,no,publishers.publisher id
book_publishing_company,titles,price,REAL,no,
book_publishing_company,titles,advance,REAL,no,
book_publishing_company,titles,royalty,INT,no,
book_publishing_company,titles,year to date sales,INT,no,
book_publishing_company,titles,notes,TEXT,no,
book_publishing_company,titles,publication date,TEXT,no,
book_publishing_company,roysched,title_id,TEXT,no,titles.title id
book_publishing_company,roysched,low range,INT,no,
book_publishing_company,roysched,high range,INT,no,
book_publishing_company,roysched,royalty,INT,no,
book_publishing_company,sales,store id,TEXT,yes,stores.store id
book_publishing_company,sales,order number,TEXT,yes,
book_publishing_company,sales,order date,TEXT,no,
book_publishing_company,sales,quantity,INT,no,
book_publishing_company,sales,payterms,TEXT,no,
book_publishing_company,sales,title id,TEXT,yes,titles.title id
book_publishing_company,titleauthor,author id,TEXT,yes,authors.author id
book_publishing_company,titleauthor,title id,TEXT,yes,titles.title id
book_publishing_company,titleauthor,author ordering,INT,no,
book_publishing_company,titleauthor,royaltyper,INT,no,
car_retails,offices,office code,TEXT,yes,
car_retails,offices,city,TEXT,no,
car_retails,offices,phone,TEXT,no,
car_retails,offices,addressLine1,TEXT,no,
car_retails,offices,addressLine2,TEXT,no,
car_retails,offices,state,TEXT,no,
car_retails,offices,country,TEXT,no,
car_retails,offices,postalCode,TEXT,no,
car_retails,offices,territory,TEXT,no,
car_retails,employees,Employee Number,INT,yes,
car_retails,employees,last name,TEXT,no,
car_retails,employees,first name,TEXT,no,
car_retails,employees,extension,TEXT,no,
car_retails,employees,email,TEXT,no,
car_retails,employees,office code,TEXT,no,offices.office code
car_retails,employees,reports to,INT,no,employees.Employee Number
car_retails,employees,job title,TEXT,no,
car_retails,customers,customer number,INT,yes,
car_retails,customers,customer name,TEXT,no,
car_retails,customers,contact last name,TEXT,no,
car_retails,customers,contact first name,TEXT,no,
car_retails,customers,phone,TEXT,no,
car_retails,customers,addressLine1,TEXT,no,
car_retails,customers,addressLine2,TEXT,no,
car_retails,customers,city,TEXT,no,
car_retails,customers,state,TEXT,no,
car_retails,customers,postalCode,TEXT,no,
car_retails,customers,country,TEXT,no,
car_retails,customers,sales representative employee number,INT,no,employees.Employee Number
car_retails,customers,credit limit,REAL,no,
car_retails,orders,order number,INT,yes,
car_retails,orders,order date,TEXT,no,
car_retails,orders,required Date,TEXT,no,
car_retails,orders,shipped date,TEXT,no,
car_retails,orders,status,TEXT,no,
car_retails,orders,comments,TEXT,no,
car_retails,orders,customer number,INT,no,customers.customer number
car_retails,payments,customer number,INT,yes,customers.customer number
car_retails,payments,check Number,TEXT,yes,
car_retails,payments,payment Date,TEXT,no,
car_retails,payments,amount,REAL,no,
car_retails,productlines,product line,TEXT,yes,
car_retails,productlines,text description,TEXT,no,
car_retails,productlines,html description,TEXT,no,
car_retails,productlines,image,BLOB,no,
car_retails,products,product code,TEXT,yes,
car_retails,products,product name,TEXT,no,
car_retails,products,product line,TEXT,no,productlines.product line
car_retails,products,product scale,TEXT,no,
car_retails,products,product vendor,TEXT,no,
car_retails,products,product description,TEXT,no,
car_retails,products,quantity in stock,INT,no,
car_retails,products,buy price,REAL,no,
car_retails,products,Manufacturer Suggested Retail Price,REAL,no,
car_retails,orderdetails,order number,INT,yes,
car_retails,orderdetails,product code,TEXT,yes,
car_retails,orderdetails,quantity ordered,INT,no,
car_retails,orderdetails,price for each,REAL,no,
car_retails,orderdetails,order Line Number,INT,no,
mental_health_survey,question,question text,TEXT,no,
mental_health_survey,question,question id,INT,yes,
mental_health_survey,survey,Survey ID,INT,yes,
mental_health_survey,survey,Description,TEXT,no,
mental_health_survey,answer,Answer Text,TEXT,no,
mental_health_survey,answer,Survey ID,INT,no,
mental_health_survey,answer,User ID,INT,yes,
mental_health_survey,answer,Question ID,INT,yes,
hockey,awardsmisc,name,TEXT,yes,
hockey,awardsmisc,ID,TEXT,no,
hockey,awardsmisc,award,TEXT,no,
hockey,awardsmisc,year,INT,no,
hockey,awardsmisc,league ID,TEXT,no,
hockey,awardsmisc,note,TEXT,no,
hockey,hof,year,INT,no,
hockey,hof,hall of fame id,TEXT,yes,
hockey,hof,name,TEXT,no,
hockey,hof,category,TEXT,no,
hockey,teams,year,INT,yes,
hockey,teams,league ID,TEXT,no,
hockey,teams,team ID,TEXT,yes,
hockey,teams,Franchise ID,TEXT,no,
hockey,teams,Conference ID,TEXT,no,
hockey,teams,Division ID,TEXT,no,
hockey,teams,rank,INT,no,
hockey,teams,playoff,TEXT,no,
hockey,teams,games,INT,no,
hockey,teams,wins,INT,no,
hockey,teams,loses,INT,no,
hockey,teams,ties,INT,no,
hockey,teams,Overtime losses,TEXT,no,
hockey,teams,points,INT,no,
hockey,teams,Shootout wins,TEXT,no,
hockey,teams,Shootout loses,TEXT,no,
hockey,teams,Goals for,INT,no,
hockey,teams,Goals against,INT,no,
hockey,teams,Full team name,TEXT,no,
hockey,teams,Penalty minutes,TEXT,no,
hockey,teams,Bench minors (minutes),TEXT,no,
hockey,teams,Power play goals,TEXT,no,
hockey,teams,Power play chances,TEXT,no,
hockey,teams,Shorthanded goals against,TEXT,no,
hockey,teams,Power play goals against,TEXT,no,
hockey,teams,Penalty kill chances,TEXT,no,
hockey,teams,Shorthanded goals for,TEXT,no,
hockey,coaches,coach ID,TEXT,yes,
hockey,coaches,year,INT,yes,teams.year
hockey,coaches,team ID,TEXT,yes,teams.team ID
hockey,coaches,league ID,TEXT,no,
hockey,coaches,stint,INT,yes,
hockey,coaches,notes,TEXT,no,
hockey,coaches,games,INT,no,
hockey,coaches,wins,INT,no,
hockey,coaches,loses,INT,no,
hockey,coaches,ties,INT,no,
hockey,coaches,post-season games,TEXT,no,
hockey,coaches,post-season wins,TEXT,no,
hockey,coaches,post-season loses,TEXT,no,
hockey,coaches,post-season ties,TEXT,no,
hockey,awardscoaches,coach ID,TEXT,no,coaches.coach ID
hockey,awardscoaches,award,TEXT,no,
hockey,awardscoaches,year,INT,no,
hockey,awardscoaches,league ID,TEXT,no,
hockey,awardscoaches,note,TEXT,no,
hockey,master,playerID,TEXT,no,
hockey,master,coach ID,TEXT,no,coaches.coach ID
hockey,master,hofID,TEXT,no,
hockey,master,first name,TEXT,no,
hockey,master,last name,TEXT,no,
hockey,master,name note,TEXT,no,
hockey,master,name given,TEXT,no,
hockey,master,Nickname,TEXT,no,
hockey,master,height,TEXT,no,
hockey,master,weight,TEXT,no,
hockey,master,shoot catch,TEXT,no,
hockey,master,legends ID,TEXT,no,
hockey,master,Internet Hockey Database ID,TEXT,no,
hockey,master,Hockey-Reference.com ID,TEXT,no,
hockey,master,First NHL season,TEXT,no,
hockey,master,Last NHL season,TEXT,no,
hockey,master,First WHA season,TEXT,no,
hockey,master,Last WHA season,TEXT,no,
hockey,master,position,TEXT,no,
hockey,master,birth Year,TEXT,no,
hockey,master,birth Month,TEXT,no,
hockey,master,birth Day,TEXT,no,
hockey,master,birth Country,TEXT,no,
hockey,master,birth State,TEXT,no,
hockey,master,birth city,TEXT,no,
hockey,master,death year,TEXT,no,
hockey,master,death month,TEXT,no,
hockey,master,death day,TEXT,no,
hockey,master,death country,TEXT,no,
hockey,master,death state,TEXT,no,
hockey,master,death city,TEXT,no,
hockey,awardsplayers,player id,TEXT,yes,master.playerID
hockey,awardsplayers,award,TEXT,yes,
hockey,awardsplayers,year,INT,yes,
hockey,awardsplayers,league ID,TEXT,no,
hockey,awardsplayers,note,TEXT,no,
hockey,awardsplayers,position,TEXT,no,
hockey,combinedshutouts,year,INT,no,
hockey,combinedshutouts,month,INT,no,
hockey,combinedshutouts,date,INT,no,
hockey,combinedshutouts,team ID,TEXT,no,
hockey,combinedshutouts,opposite team ID,TEXT,no,
hockey,combinedshutouts,regular / postseason,TEXT,no,
hockey,combinedshutouts,ID of goalie 1,TEXT,no,master.playerID
hockey,combinedshutouts,ID of goalie 2,TEXT,no,master.playerID
hockey,goalies,playerID,TEXT,yes,master.playerID
hockey,goalies,year,INT,yes,teams.year
hockey,goalies,stint,INT,yes,
hockey,goalies,team ID,TEXT,no,teams.team ID
hockey,goalies,league ID,TEXT,no,
hockey,goalies,Games played,TEXT,no,
hockey,goalies,Minutes,TEXT,no,
hockey,goalies,wins,TEXT,no,
hockey,goalies,loses,TEXT,no,
hockey,goalies,Ties / overtime losses,TEXT,no,
hockey,goalies,Empty net goals,TEXT,no,
hockey,goalies,Shutouts,TEXT,no,
hockey,goalies,Goals against,TEXT,no,
hockey,goalies,Shots against,TEXT,no,
hockey,goalies,Postseason games played,TEXT,no,
hockey,goalies,Postseason minutes,TEXT,no,
hockey,goalies,Postseason wins,TEXT,no,
hockey,goalies,Postseason loses,TEXT,no,
hockey,goalies,Postseason ties,TEXT,no,
hockey,goalies,Postseason empty net goals,TEXT,no,
hockey,goalies,Postseason Shutouts,TEXT,no,
hockey,goalies,Postseason Goals against,TEXT,no,
hockey,goalies,Postseason Shots against,TEXT,no,
hockey,goaliessc,playerID,TEXT,yes,master.playerID
hockey,goaliessc,year,INT,yes,teams.year
hockey,goaliessc,team ID,TEXT,no,teams.team ID
hockey,goaliessc,league ID,TEXT,no,
hockey,goaliessc,Games played,INT,no,
hockey,goaliessc,Minutes,INT,no,
hockey,goaliessc,Wins,INT,no,
hockey,goaliessc,Loses,INT,no,
hockey,goaliessc,Ties,INT,no,
hockey,goaliessc,Shutouts,INT,no,
hockey,goaliessc,Goals against,INT,no,
hockey,goaliesshootout,playerID,TEXT,no,master.playerID
hockey,goaliesshootout,year,INT,no,teams.year
hockey,goaliesshootout,stint,INT,no,
hockey,goaliesshootout,team ID,TEXT,no,teams.team ID
hockey,goaliesshootout,Wins,INT,no,
hockey,goaliesshootout,Loses,INT,no,
hockey,goaliesshootout,Shots against,INT,no,
hockey,goaliesshootout,Goals against,INT,no,
hockey,scoring,playerID,TEXT,no,master.playerID
hockey,scoring,year,INT,no,teams.year
hockey,scoring,stint,INT,no,
hockey,scoring,team id,TEXT,no,teams.team ID
hockey,scoring,league id,TEXT,no,
hockey,scoring,position,TEXT,no,
hockey,scoring,game played,INT,no,
hockey,scoring,goals,INT,no,
hockey,scoring,assists,INT,no,
hockey,scoring,points,INT,no,
hockey,scoring,Penalty minutes,INT,no,
hockey,scoring,Plus / minus,TEXT,no,
hockey,scoring,Power play goals,TEXT,no,
hockey,scoring,Power play assists,TEXT,no,
hockey,scoring,Shorthanded goals,TEXT,no,
hockey,scoring,Shorthanded assists,TEXT,no,
hockey,scoring,Game-winning goals,TEXT,no,
hockey,scoring,Game-tying goals,TEXT,no,
hockey,scoring,Shots on goal,TEXT,no,
hockey,scoring,Postseason games played,TEXT,no,
hockey,scoring,Postseason goals,TEXT,no,
hockey,scoring,Postseason assists,TEXT,no,
hockey,scoring,Postseason points,TEXT,no,
hockey,scoring,Postseason penalty minutes,TEXT,no,
hockey,scoring,Postseason Plus / minus,TEXT,no,
hockey,scoring,Postseason power play goals,TEXT,no,
hockey,scoring,Postseason power play assists,TEXT,no,
hockey,scoring,Postseason Shorthanded goals,TEXT,no,
hockey,scoring,Postseason Shorthanded assists,TEXT,no,
hockey,scoring,Postseason game-winning goals,TEXT,no,
hockey,scoring,Postseason shots on goal,TEXT,no,
hockey,scoringsc,playerID,TEXT,no,master.playerID
hockey,scoringsc,year,INT,no,teams.year
hockey,scoringsc,team ID,TEXT,no,teams.team ID
hockey,scoringsc,league ID,TEXT,no,
hockey,scoringsc,position,TEXT,no,
hockey,scoringsc,Games played,INT,no,
hockey,scoringsc,Goals,INT,no,
hockey,scoringsc,assists,INT,no,
hockey,scoringsc,points,INT,no,
hockey,scoringsc,Penalty minutes,INT,no,
hockey,scoringshootout,player id,TEXT,no,master.playerID
hockey,scoringshootout,year,INT,no,teams.year
hockey,scoringshootout,stint,INT,no,
hockey,scoringshootout,team ID,TEXT,no,teams.team ID
hockey,scoringshootout,shots,INT,no,
hockey,scoringshootout,goals,INT,no,
hockey,scoringshootout,game deciding goals,INT,no,
hockey,scoringsup,player id,TEXT,no,master.playerID
hockey,scoringsup,year,INT,no,
hockey,scoringsup,Power play assists,TEXT,no,
hockey,scoringsup,Shorthanded assists,TEXT,no,
hockey,seriespost,year,INT,no,teams.year
hockey,seriespost,round,TEXT,no,
hockey,seriespost,series,TEXT,no,
hockey,seriespost,Team ID of winner,TEXT,no,teams.team ID
hockey,seriespost,League ID of winner,TEXT,no,
hockey,seriespost,Team ID of loser,TEXT,no,teams.team ID
hockey,seriespost,league id of loser,TEXT,no,
hockey,seriespost,wins,INT,no,
hockey,seriespost,loses,INT,no,
hockey,seriespost,ties,INT,no,
hockey,seriespost,goals for winner,INT,no,
hockey,seriespost,goals for loser,INT,no,
hockey,seriespost,note,TEXT,no,
hockey,teamsplits,year,INT,yes,teams.year
hockey,teamsplits,league ID,TEXT,no,
hockey,teamsplits,team ID,TEXT,yes,teams.team ID
hockey,teamsplits,home wins,INT,no,
hockey,teamsplits,home loses,INT,no,
hockey,teamsplits,home ties,INT,no,
hockey,teamsplits,Home overtime losses,TEXT,no,
hockey,teamsplits,Road wins,INT,no,
hockey,teamsplits,Road loses,INT,no,
hockey,teamsplits,Road ties,INT,no,
hockey,teamsplits,road overtime loses,TEXT,no,
hockey,teamsplits,September wins,TEXT,no,
hockey,teamsplits,September loses,TEXT,no,
hockey,teamsplits,September ties,TEXT,no,
hockey,teamsplits,September overtime loses,TEXT,no,
hockey,teamsplits,October wins,TEXT,no,
hockey,teamsplits,October loses,TEXT,no,
hockey,teamsplits,October ties,TEXT,no,
hockey,teamsplits,October overtime loses,TEXT,no,
hockey,teamsplits,November wins,TEXT,no,
hockey,teamsplits,November loses,TEXT,no,
hockey,teamsplits,November ties,TEXT,no,
hockey,teamsplits,November overtime loses,TEXT,no,
hockey,teamsplits,December wins,TEXT,no,
hockey,teamsplits,December loses,TEXT,no,
hockey,teamsplits,December ties,TEXT,no,
hockey,teamsplits,December overtime loses,TEXT,no,
hockey,teamsplits,January wins,INT,no,
hockey,teamsplits,January loses,INT,no,
hockey,teamsplits,January ties,INT,no,
hockey,teamsplits,January overtime loses,TEXT,no,
hockey,teamsplits,February wins,INT,no,
hockey,teamsplits,February loses,INT,no,
hockey,teamsplits,February ties,INT,no,
hockey,teamsplits,February overtime loses,TEXT,no,
hockey,teamsplits,March wins,TEXT,no,
hockey,teamsplits,March loses,TEXT,no,
hockey,teamsplits,March ties,TEXT,no,
hockey,teamsplits,March overtime loses,TEXT,no,
hockey,teamsplits,April wins,TEXT,no,
hockey,teamsplits,April loses,TEXT,no,
hockey,teamsplits,April ties,TEXT,no,
hockey,teamsplits,April overtime loses,TEXT,no,
hockey,teamvsteam,year,INT,yes,teams.year
hockey,teamvsteam,league ID,TEXT,no,
hockey,teamvsteam,team ID,TEXT,yes,teams.team ID
hockey,teamvsteam,opponent ID,TEXT,yes,teams.team ID
hockey,teamvsteam,wins,INT,no,
hockey,teamvsteam,loses,INT,no,
hockey,teamvsteam,ties,INT,no,
hockey,teamvsteam,overtime loses,TEXT,no,
hockey,teamshalf,year,INT,yes,teams.year
hockey,teamshalf,league ID,TEXT,no,
hockey,teamshalf,team ID,TEXT,yes,teams.team ID
hockey,teamshalf,half,INT,yes,
hockey,teamshalf,rank,INT,no,
hockey,teamshalf,Games,INT,no,
hockey,teamshalf,wins,INT,no,
hockey,teamshalf,loses,INT,no,
hockey,teamshalf,ties,INT,no,
hockey,teamshalf,goals for,INT,no,
hockey,teamshalf,goals against,INT,no,
hockey,teamspost,year,INT,yes,teams.year
hockey,teamspost,league ID,TEXT,no,
hockey,teamspost,team ID,TEXT,yes,teams.team ID
hockey,teamspost,Games,INT,no,
hockey,teamspost,wins,INT,no,
hockey,teamspost,loses,INT,no,
hockey,teamspost,ties,INT,no,
hockey,teamspost,goals for,INT,no,
hockey,teamspost,goals against,INT,no,
hockey,teamspost,penalty minutes,TEXT,no,
hockey,teamspost,Bench minors (minutes),TEXT,no,
hockey,teamspost,Power play goals,TEXT,no,
hockey,teamspost,Power play chances,TEXT,no,
hockey,teamspost,Shorthanded goals against,TEXT,no,
hockey,teamspost,Power play goals against,TEXT,no,
hockey,teamspost,Penalty kill chances,TEXT,no,
hockey,teamspost,Shorthanded goals for,TEXT,no,
hockey,teamssc,year,INT,yes,teams.year
hockey,teamssc,league ID,TEXT,no,
hockey,teamssc,team ID,TEXT,yes,teams.team ID
hockey,teamssc,Games,INT,no,
hockey,teamssc,wins,INT,no,
hockey,teamssc,loses,INT,no,
hockey,teamssc,ties,INT,no,
hockey,teamssc,goals for,INT,no,
hockey,teamssc,goals against,INT,no,
hockey,teamssc,penalty minutes,TEXT,no,
hockey,abbrev,Type,TEXT,yes,
hockey,abbrev,Code,TEXT,yes,
hockey,abbrev,Fullname,TEXT,no,
music_platform_2,runs,run at,TEXT,no,
music_platform_2,runs,max row id,INT,no,
music_platform_2,runs,reviews added,INT,no,
music_platform_2,podcasts,podcast id,TEXT,yes,
music_platform_2,podcasts,itunes id,INT,no,
music_platform_2,podcasts,slug,TEXT,no,
music_platform_2,podcasts,itunes url,TEXT,no,
music_platform_2,podcasts,title,TEXT,no,
music_platform_2,reviews,podcast id,TEXT,no,
music_platform_2,reviews,title,TEXT,no,
music_platform_2,reviews,content,TEXT,no,
music_platform_2,reviews,rating,INT,no,
music_platform_2,reviews,author id,TEXT,no,
music_platform_2,reviews,created at,TEXT,no,
music_platform_2,categories,podcast id,TEXT,yes,
music_platform_2,categories,category,TEXT,yes,
address,cbsa,CBSA,INT,yes,
address,cbsa,cbsa name,TEXT,no,
address,cbsa,cbsa type,TEXT,no,
address,state,abbreviation,TEXT,yes,
address,state,name,TEXT,no,
address,congress,congress representative id,TEXT,yes,
address,congress,first name,TEXT,no,
address,congress,last name,TEXT,no,
address,congress,CID,TEXT,no,
address,congress,party,TEXT,no,
address,congress,state,TEXT,no,
address,congress,abbreviation,TEXT,no,state.abbreviation
address,congress,House,TEXT,no,
address,congress,District,INT,no,
address,congress,land area,REAL,no,
address,zip_data,zip code,INT,yes,
address,zip_data,city,TEXT,no,
address,zip_data,state,TEXT,no,state.abbreviation
address,zip_data,multi country,TEXT,no,
address,zip_data,type,TEXT,no,
address,zip_data,organization,TEXT,no,
address,zip_data,time zone,TEXT,no,
address,zip_data,daylight savings,TEXT,no,
address,zip_data,latitude,REAL,no,
address,zip_data,longitude,REAL,no,
address,zip_data,elevation,INT,no,
address,zip_data,state fips,INT,no,
address,zip_data,country fips,INT,no,
address,zip_data,region,TEXT,no,
address,zip_data,division,TEXT,no,
address,zip_data,population 2020,INT,no,
address,zip_data,population 2010,INT,no,
address,zip_data,households,INT,no,
address,zip_data,average house value,INT,no,
address,zip_data,average income per household,INT,no,
address,zip_data,persons per household,REAL,no,
address,zip_data,white population,INT,no,
address,zip_data,black population,INT,no,
address,zip_data,Hispanic population,INT,no,
address,zip_data,Asian population,INT,no,
address,zip_data,American Indian population,INT,no,
address,zip_data,Hawaiian population,INT,no,
address,zip_data,other population,INT,no,
address,zip_data,male population,INT,no,
address,zip_data,female population,INT,no,
address,zip_data,median age,REAL,no,
address,zip_data,male median age,REAL,no,
address,zip_data,female median age,REAL,no,
address,zip_data,residential mailboxes,INT,no,
address,zip_data,business mailboxes,INT,no,
address,zip_data,total delivery receptacles,INT,no,
address,zip_data,businesses,INT,no,
address,zip_data,1st quarter payroll,INT,no,
address,zip_data,annual payroll,INT,no,
address,zip_data,employees,INT,no,
address,zip_data,water area,REAL,no,
address,zip_data,land area,REAL,no,
address,zip_data,single-family delivery units,INT,no,
address,zip_data,multi-family delivery units,INT,no,
address,zip_data,total beneficiaries,INT,no,
address,zip_data,retired workers,INT,no,
address,zip_data,disable workers,INT,no,
address,zip_data,parents and widowed,INT,no,
address,zip_data,spouses,INT,no,
address,zip_data,children,INT,no,
address,zip_data,over 65,INT,no,
address,zip_data,monthly benefits all,INT,no,
address,zip_data,monthly benefits retired workers,INT,no,
address,zip_data,monthly benefits widowed,INT,no,
address,zip_data,CBSA,INT,no,cbsa.CBSA
address,alias,zip code,INT,yes,zip_data.zip code
address,alias,alias,TEXT,no,
address,area_code,zip code,INT,yes,zip_data.zip code
address,area_code,area code,INT,yes,
address,avoid,zip code,INT,yes,zip_data.zip code
address,avoid,bad alias,TEXT,yes,
address,country,zip code,INT,yes,zip_data.zip code
address,country,country,TEXT,yes,
address,country,state,TEXT,no,state.abbreviation
address,zip_congress,zip code,INT,yes,zip_data.zip code
address,zip_congress,district,TEXT,yes,congress.congress representative id
menu,dish,id,INT,yes,
menu,dish,name,TEXT,no,
menu,dish,description,TEXT,no,
menu,dish,menus appeared,INT,no,
menu,dish,times appeared,INT,no,
menu,dish,first appeared,INT,no,
menu,dish,last appeared,INT,no,
menu,dish,lowest price,REAL,no,
menu,dish,highest price,REAL,no,
menu,menu,id,INT,yes,
menu,menu,name,TEXT,no,
menu,menu,sponsor,TEXT,no,
menu,menu,event,TEXT,no,
menu,menu,venue,TEXT,no,
menu,menu,place,TEXT,no,
menu,menu,physical description,TEXT,no,
menu,menu,occasion,TEXT,no,
menu,menu,notes,TEXT,no,
menu,menu,call_number,TEXT,no,
menu,menu,keywords,TEXT,no,
menu,menu,language,TEXT,no,
menu,menu,date,TEXT,no,
menu,menu,location,TEXT,no,
menu,menu,location_type,TEXT,no,
menu,menu,currency,TEXT,no,
menu,menu,currency_symbol,TEXT,no,
menu,menu,status,TEXT,no,
menu,menu,page count,INT,no,
menu,menu,dish count,INT,no,
menu,menupage,id,INT,yes,
menu,menupage,menu id,INT,no,menu.id
menu,menupage,page number,INT,no,
menu,menupage,image id,REAL,no,
menu,menupage,full height,INT,no,
menu,menupage,full width,INT,no,
menu,menupage,uuid,TEXT,no,
menu,menuitem,id,INT,yes,
menu,menuitem,menu_page_id,INT,no,menupage.id
menu,menuitem,price,REAL,no,
menu,menuitem,high price,REAL,no,
menu,menuitem,dish_id,INT,no,dish.id
menu,menuitem,created at,TEXT,no,
menu,menuitem,updated at,TEXT,no,
menu,menuitem,x position,REAL,no,
menu,menuitem,y position,REAL,no,
professional_basketball,awards_players,playerID,TEXT,yes,players.playerID
professional_basketball,awards_players,award,TEXT,yes,
professional_basketball,awards_players,year,INT,yes,
professional_basketball,awards_players,league ID,TEXT,no,
professional_basketball,awards_players,note,TEXT,no,
professional_basketball,awards_players,position,TEXT,no,
professional_basketball,coaches,coachID,TEXT,yes,
professional_basketball,coaches,year,INT,yes,teams.year
professional_basketball,coaches,team ID,TEXT,yes,teams.team ID
professional_basketball,coaches,league ID,TEXT,no,
professional_basketball,coaches,stint,INT,yes,
professional_basketball,coaches,won,INT,no,
professional_basketball,coaches,lost,INT,no,
professional_basketball,coaches,post season wins,INT,no,
professional_basketball,coaches,post season losses,INT,no,
professional_basketball,draft,id,INT,yes,
professional_basketball,draft,draftYear,INT,no,teams.year
professional_basketball,draft,draftRound,INT,no,
professional_basketball,draft,league ID,INT,no,
professional_basketball,draft,draft overall rank,INT,no,
professional_basketball,draft,team ID,TEXT,no,teams.team ID
professional_basketball,draft,firstName,TEXT,no,
professional_basketball,draft,lastName,TEXT,no,
professional_basketball,draft,suffixName,TEXT,no,
professional_basketball,draft,playerID,TEXT,no,
professional_basketball,draft,draftFrom,TEXT,no,
professional_basketball,draft,league ID,TEXT,no,
professional_basketball,player_allstar,playerID,TEXT,yes,players.playerID
professional_basketball,player_allstar,last_name,TEXT,no,
professional_basketball,player_allstar,first_name,TEXT,no,
professional_basketball,player_allstar,season_id,INT,yes,
professional_basketball,player_allstar,conference,TEXT,no,
professional_basketball,player_allstar,league ID,TEXT,no,
professional_basketball,player_allstar,games_played,INT,no,
professional_basketball,player_allstar,minutes,INT,no,
professional_basketball,player_allstar,points,INT,no,
professional_basketball,player_allstar,offense rebounds,INT,no,
professional_basketball,player_allstar,defense rebounds,INT,no,
professional_basketball,player_allstar,rebounds,INT,no,
professional_basketball,player_allstar,assistants,INT,no,
professional_basketball,player_allstar,steals,INT,no,
professional_basketball,player_allstar,blocks,INT,no,
professional_basketball,player_allstar,turnovers,INT,no,
professional_basketball,player_allstar,personal_fouls,INT,no,
professional_basketball,player_allstar,field goal attempted,INT,no,
professional_basketball,player_allstar,field goal made,INT,no,
professional_basketball,player_allstar,free throw attempted,INT,no,
professional_basketball,player_allstar,free throw made,INT,no,
professional_basketball,player_allstar,three point attempted,INT,no,
professional_basketball,player_allstar,three point made,INT,no,
professional_basketball,players,playerID,TEXT,yes,
professional_basketball,players,use first name,TEXT,no,
professional_basketball,players,firstName,TEXT,no,
professional_basketball,players,middleName,TEXT,no,
professional_basketball,players,lastName,TEXT,no,
professional_basketball,players,nameGiven,TEXT,no,
professional_basketball,players,fullGivenName,TEXT,no,
professional_basketball,players,nameSuffix,TEXT,no,
professional_basketball,players,nick name,TEXT,no,
professional_basketball,players,position,TEXT,no,
professional_basketball,players,firstseason,INT,no,
professional_basketball,players,lastseason,INT,no,
professional_basketball,players,height,REAL,no,
professional_basketball,players,weight,INT,no,
professional_basketball,players,college,TEXT,no,
professional_basketball,players,collegeOther,TEXT,no,
professional_basketball,players,birthDate,TEXT,no,
professional_basketball,players,birthCity,TEXT,no,
professional_basketball,players,birthState,TEXT,no,
professional_basketball,players,birthCountry,TEXT,no,
professional_basketball,players,highSchool,TEXT,no,
professional_basketball,players,high school city,TEXT,no,
professional_basketball,players,high school state,TEXT,no,
professional_basketball,players,high school country,TEXT,no,
professional_basketball,players,deathDate,TEXT,no,
professional_basketball,players,race,TEXT,no,
professional_basketball,teams,year,INT,yes,
professional_basketball,teams,league ID,TEXT,no,
professional_basketball,teams,team ID,TEXT,yes,
professional_basketball,teams,franchID,TEXT,no,
professional_basketball,teams,confID,TEXT,no,
professional_basketball,teams,division ID,TEXT,no,
professional_basketball,teams,rank,INT,no,
professional_basketball,teams,confRank,INT,no,
professional_basketball,teams,playoff,TEXT,no,
professional_basketball,teams,name,TEXT,no,
professional_basketball,teams,offense field goal made,INT,no,
professional_basketball,teams,offense free throw made,INT,no,
professional_basketball,teams,offense points,INT,no,
professional_basketball,teams,defense points,INT,no,
professional_basketball,teams,home wins,INT,no,
professional_basketball,teams,home loses,INT,no,
professional_basketball,teams,away wins,INT,no,
professional_basketball,teams,away loses,INT,no,
professional_basketball,teams,won,INT,no,
professional_basketball,teams,lost,INT,no,
professional_basketball,teams,games,INT,no,
professional_basketball,teams,arena,TEXT,no,
professional_basketball,awards_coaches,id,INT,yes,
professional_basketball,awards_coaches,year,INT,no,coaches.year
professional_basketball,awards_coaches,coachID,TEXT,no,coaches.coachID
professional_basketball,awards_coaches,award,TEXT,no,
professional_basketball,awards_coaches,league ID,TEXT,no,
professional_basketball,awards_coaches,note,TEXT,no,
professional_basketball,players_teams,id,INT,yes,
professional_basketball,players_teams,playerID,TEXT,no,
professional_basketball,players_teams,year,INT,no,teams.year
professional_basketball,players_teams,stint,INT,no,
professional_basketball,players_teams,team ID,TEXT,no,teams.team ID
professional_basketball,players_teams,lgID,TEXT,no,
professional_basketball,players_teams,game presentatons,INT,no,
professional_basketball,players_teams,game starting,INT,no,
professional_basketball,players_teams,minutes,INT,no,
professional_basketball,players_teams,points,INT,no,
professional_basketball,players_teams,offense rebounds,INT,no,
professional_basketball,players_teams,defense rebounds,INT,no,
professional_basketball,players_teams,rebounds,INT,no,
professional_basketball,players_teams,assistants,INT,no,
professional_basketball,players_teams,steals,INT,no,
professional_basketball,players_teams,blocks,INT,no,
professional_basketball,players_teams,turnovers,INT,no,
professional_basketball,players_teams,personal fouls,INT,no,
professional_basketball,players_teams,field goal attempted,INT,no,
professional_basketball,players_teams,field goal made,INT,no,
professional_basketball,players_teams,free throw attempted,INT,no,
professional_basketball,players_teams,free throw made,INT,no,
professional_basketball,players_teams,three point attempted,INT,no,
professional_basketball,players_teams,three point made,INT,no,
professional_basketball,players_teams,post season game presentations,INT,no,
professional_basketball,players_teams,post season game starting,INT,no,
professional_basketball,players_teams,post season minutes,INT,no,
professional_basketball,players_teams,post season points,INT,no,
professional_basketball,players_teams,post season offense rebounds,INT,no,
professional_basketball,players_teams,post season defense rebounds,INT,no,
professional_basketball,players_teams,post season defense rebounds,INT,no,
professional_basketball,players_teams,post season assistants,INT,no,
professional_basketball,players_teams,post season steals,INT,no,
professional_basketball,players_teams,post season blocks,INT,no,
professional_basketball,players_teams,post season turnovers,INT,no,
professional_basketball,players_teams,post season personal fouls,INT,no,
professional_basketball,players_teams,post season field goal attempted,INT,no,
professional_basketball,players_teams,post season field goal made,INT,no,
professional_basketball,players_teams,post season field free throw attempted,INT,no,
professional_basketball,players_teams,post season free throw made,INT,no,
professional_basketball,players_teams,post season three point attempted,INT,no,
professional_basketball,players_teams,post season three point made,INT,no,
professional_basketball,players_teams,note,TEXT,no,
professional_basketball,series_post,id,INT,yes,
professional_basketball,series_post,year,INT,no,teams.year
professional_basketball,series_post,round,TEXT,no,
professional_basketball,series_post,series,TEXT,no,
professional_basketball,series_post,team id winner,TEXT,no,teams.team ID
professional_basketball,series_post,league id winner,TEXT,no,
professional_basketball,series_post,team id loser,TEXT,no,teams.team ID
professional_basketball,series_post,league id loser,TEXT,no,
professional_basketball,series_post,wins,INT,no,
professional_basketball,series_post,loses,INT,no,
cars,country,origin,INT,yes,
cars,country,country,TEXT,no,
cars,price,ID,INT,yes,
cars,price,price,REAL,no,
cars,data,ID,INT,yes,price.ID
cars,data,mileage per gallon,REAL,no,
cars,data,number of cylinders,INT,no,
cars,data,displacement,REAL,no,
cars,data,horse power,INT,no,
cars,data,weight,INT,no,
cars,data,acceleration,REAL,no,
cars,data,model,INT,no,
cars,data,car name,TEXT,no,
cars,production,ID,INT,yes,data.ID
cars,production,model year,INT,yes,
cars,production,country,INT,no,country.origin
synthea,all_prevalences,ITEM,TEXT,yes,
synthea,all_prevalences,population type,TEXT,no,
synthea,all_prevalences,OCCURRENCES,INT,no,
synthea,all_prevalences,population count,INT,no,
synthea,all_prevalences,prevalence rate,REAL,no,
synthea,all_prevalences,prevalence percentage,REAL,no,
synthea,patients,patient,TEXT,yes,
synthea,patients,birth date,TEXT,no,
synthea,patients,death date,TEXT,no,
synthea,patients,social security number,TEXT,no,
synthea,patients,drivers,TEXT,no,
synthea,patients,passport,TEXT,no,
synthea,patients,prefix,TEXT,no,
synthea,patients,first,TEXT,no,
synthea,patients,last,TEXT,no,
synthea,patients,suffix,TEXT,no,
synthea,patients,maiden,TEXT,no,
synthea,patients,marital,TEXT,no,
synthea,patients,race,TEXT,no,
synthea,patients,ethnicity,TEXT,no,
synthea,patients,gender,TEXT,no,
synthea,patients,birth place,TEXT,no,
synthea,patients,address,TEXT,no,
synthea,encounters,ID,TEXT,yes,
synthea,encounters,DATE,TEXT,no,
synthea,encounters,PATIENT,TEXT,no,patients.patient
synthea,encounters,CODE,INT,no,
synthea,encounters,DESCRIPTION,TEXT,no,
synthea,encounters,REASONCODE,INT,no,
synthea,encounters,reason description,TEXT,no,
synthea,allergies,START,TEXT,no,
synthea,allergies,STOP,TEXT,no,
synthea,allergies,PATIENT,TEXT,yes,patients.patient
synthea,allergies,ENCOUNTER,TEXT,yes,encounters.ID
synthea,allergies,CODE,INT,yes,
synthea,allergies,DESCRIPTION,TEXT,no,
synthea,careplans,ID,TEXT,no,
synthea,careplans,START,TEXT,no,
synthea,careplans,STOP,TEXT,no,
synthea,careplans,PATIENT,TEXT,no,patients.patient
synthea,careplans,ENCOUNTER,TEXT,no,encounters.ID
synthea,careplans,CODE,REAL,no,
synthea,careplans,DESCRIPTION,TEXT,no,
synthea,careplans,REASONCODE,INT,no,
synthea,careplans,reason description,TEXT,no,
synthea,conditions,START,TEXT,no,
synthea,conditions,STOP,TEXT,no,
synthea,conditions,PATIENT,TEXT,no,patients.patient
synthea,conditions,ENCOUNTER,TEXT,no,encounters.ID
synthea,conditions,CODE,INT,no,
synthea,conditions,DESCRIPTION,TEXT,no,all_prevalences.ITEM
synthea,immunizations,DATE,TEXT,yes,
synthea,immunizations,PATIENT,TEXT,yes,patients.patient
synthea,immunizations,ENCOUNTER,TEXT,yes,encounters.ID
synthea,immunizations,CODE,INT,yes,
synthea,immunizations,DESCRIPTION,TEXT,no,
synthea,medications,START,TEXT,yes,
synthea,medications,STOP,TEXT,no,
synthea,medications,PATIENT,TEXT,yes,patients.patient
synthea,medications,ENCOUNTER,TEXT,yes,encounters.ID
synthea,medications,CODE,INT,yes,
synthea,medications,DESCRIPTION,TEXT,no,
synthea,medications,REASONCODE,INT,no,
synthea,medications,reason description,TEXT,no,
synthea,observations,DATE,TEXT,no,
synthea,observations,PATIENT,TEXT,no,patients.patient
synthea,observations,ENCOUNTER,TEXT,no,encounters.ID
synthea,observations,CODE,TEXT,no,
synthea,observations,DESCRIPTION,TEXT,no,
synthea,observations,VALUE,REAL,no,
synthea,observations,UNITS,TEXT,no,
synthea,procedures,DATE,TEXT,no,
synthea,procedures,PATIENT,TEXT,no,patients.patient
synthea,procedures,ENCOUNTER,TEXT,no,encounters.ID
synthea,procedures,CODE,INT,no,
synthea,procedures,DESCRIPTION,TEXT,no,
synthea,procedures,reason code,INT,no,
synthea,procedures,reason description,TEXT,no,
synthea,claims,ID,TEXT,yes,
synthea,claims,PATIENT,TEXT,no,
synthea,claims,billable period,TEXT,no,
synthea,claims,ORGANIZATION,TEXT,no,
synthea,claims,ENCOUNTER,TEXT,no,
synthea,claims,DIAGNOSIS,TEXT,no,
synthea,claims,TOTAL,INT,no,
genes,classification,gene id,TEXT,yes,
genes,classification,Localization,TEXT,no,
genes,genes,gene id,TEXT,no,classification.gene id
genes,genes,Essential,TEXT,no,
genes,genes,Class,TEXT,no,
genes,genes,Complex,TEXT,no,
genes,genes,Phenotype,TEXT,no,
genes,genes,Motif,TEXT,no,
genes,genes,Chromosome,INT,no,
genes,genes,Function,TEXT,no,
genes,genes,Localization,TEXT,no,
genes,interactions,gene id 1,TEXT,yes,classification.gene id
genes,interactions,gene id 2,TEXT,yes,classification.gene id
genes,interactions,Type,TEXT,no,
genes,interactions,Expression correlation score,REAL,no,
retails,customer,customer key,INT,yes,
retails,customer,customer market segment,TEXT,no,
retails,customer,customer nation key,INT,no,nation.nation key
retails,customer,customer name,TEXT,no,
retails,customer,customer address,TEXT,no,
retails,customer,customer phone,TEXT,no,
retails,customer,customer account balance,REAL,no,
retails,customer,customer comment,TEXT,no,
retails,lineitem,line item ship date,TEXT,no,
retails,lineitem,line item order key,INT,yes,orders.order key
retails,lineitem,line item discount,REAL,no,
retails,lineitem,line item extended price,REAL,no,
retails,lineitem,line item suppkey,INT,no,partsupp.part supply supply key
retails,lineitem,line item quantity,INT,no,
retails,lineitem,line item return flag,TEXT,no,
retails,lineitem,line item part key,INT,no,partsupp.part supply part key
retails,lineitem,line item line status,TEXT,no,
retails,lineitem,line item tax,REAL,no,
retails,lineitem,line item commit date,TEXT,no,
retails,lineitem,line item receipt date,TEXT,no,
retails,lineitem,line item ship mode,TEXT,no,
retails,lineitem,line item line number,INT,yes,
retails,lineitem,line item ship instruct,TEXT,no,
retails,lineitem,line item comment,TEXT,no,
retails,nation,nation key,INT,yes,
retails,nation,nation name,TEXT,no,
retails,nation,nation region key,INT,no,region.region key
retails,nation,nation comment,TEXT,no,
retails,orders,order date,TEXT,no,
retails,orders,order key,INT,yes,
retails,orders,order customer key,INT,no,customer.customer key
retails,orders,order priority,TEXT,no,
retails,orders,order ship priority,INT,no,
retails,orders,order clerk,TEXT,no,
retails,orders,order status,TEXT,no,
retails,orders,order total price,REAL,no,
retails,orders,order comment,TEXT,no,
retails,part,part key,INT,yes,
retails,part,part type,TEXT,no,
retails,part,part size,INT,no,
retails,part,part brand,TEXT,no,
retails,part,part name,TEXT,no,
retails,part,part container,TEXT,no,
retails,part,part manufacturer,TEXT,no,
retails,part,part retail price,REAL,no,
retails,part,part comment,TEXT,no,
retails,partsupp,part supply part key,INT,yes,part.part key
retails,partsupp,part supply supply key,INT,yes,supplier.supply key
retails,partsupp,part supply cost,REAL,no,
retails,partsupp,part supply available quantity,INT,no,
retails,partsupp,part supply comment,TEXT,no,
retails,region,region key,INT,yes,
retails,region,region name,TEXT,no,
retails,region,region comment,TEXT,no,
retails,supplier,supply key,INT,yes,
retails,supplier,supplier nation key,INT,no,nation.nation key
retails,supplier,supplier comment,TEXT,no,
retails,supplier,supplier name,TEXT,no,
retails,supplier,supplier address,TEXT,no,
retails,supplier,supplier phone,TEXT,no,
retails,supplier,supplier account balance,REAL,no,
talkingdata,app_all,app_id,INT,yes,
talkingdata,app_events,event id,INT,yes,events.event id
talkingdata,app_events,app id,INT,yes,
talkingdata,app_events,is installed,INT,no,
talkingdata,app_events,is active,INT,no,
talkingdata,app_events_relevant,event_id,INT,yes,events_relevant.event_id
talkingdata,app_events_relevant,app_id,INT,yes,app_all.app_id
talkingdata,app_events_relevant,is_installed,INT,no,
talkingdata,app_events_relevant,is_active,INT,no,
talkingdata,app_labels,app id,INT,no,app_all.app_id
talkingdata,app_labels,label id,INT,no,label_categories.label id
talkingdata,events,event id,INT,yes,
talkingdata,events,device id,INT,no,
talkingdata,events,timestamp,TEXT,no,
talkingdata,events,longitude,REAL,no,
talkingdata,events,latitude,REAL,no,
talkingdata,events_relevant,event_id,INT,yes,
talkingdata,events_relevant,device_id,INT,no,gender_age.device id
talkingdata,events_relevant,timestamp,TEXT,no,
talkingdata,events_relevant,longitude,REAL,no,
talkingdata,events_relevant,latitude,REAL,no,
talkingdata,gender_age,device id,INT,yes,phone_brand_device_model2.device id
talkingdata,gender_age,gender,TEXT,no,
talkingdata,gender_age,age,INT,no,
talkingdata,gender_age,group,TEXT,no,
talkingdata,gender_age_test,device_id,INT,yes,
talkingdata,gender_age_train,device_id,INT,yes,
talkingdata,gender_age_train,gender,TEXT,no,
talkingdata,gender_age_train,age,INT,no,
talkingdata,gender_age_train,group,TEXT,no,
talkingdata,label_categories,label id,INT,yes,
talkingdata,label_categories,category,TEXT,no,
talkingdata,phone_brand_device_model2,device id,INT,yes,
talkingdata,phone_brand_device_model2,phone brand,TEXT,yes,
talkingdata,phone_brand_device_model2,device model,TEXT,yes,
talkingdata,sample_submission,device_id,INT,yes,
talkingdata,sample_submission,F23-,REAL,no,
talkingdata,sample_submission,F24-26,REAL,no,
talkingdata,sample_submission,F27-28,REAL,no,
talkingdata,sample_submission,F29-32,REAL,no,
talkingdata,sample_submission,F33-42,REAL,no,
talkingdata,sample_submission,F43+,REAL,no,
talkingdata,sample_submission,M22-,REAL,no,
talkingdata,sample_submission,M23-26,REAL,no,
talkingdata,sample_submission,M27-28,REAL,no,
talkingdata,sample_submission,M29-31,REAL,no,
talkingdata,sample_submission,M32-38,REAL,no,
talkingdata,sample_submission,M39+,REAL,no,
beer_factory,customers,customer id,INT,yes,
beer_factory,customers,first name,TEXT,no,
beer_factory,customers,last name,TEXT,no,
beer_factory,customers,street address,TEXT,no,
beer_factory,customers,City,TEXT,no,
beer_factory,customers,State,TEXT,no,
beer_factory,customers,zip code,INT,no,
beer_factory,customers,Email,TEXT,no,
beer_factory,customers,phone number,TEXT,no,
beer_factory,customers,first purchase date,TEXT,no,
beer_factory,customers,subscribed to email list,TEXT,no,
beer_factory,customers,Gender,TEXT,no,
beer_factory,geolocation,location id,INT,yes,location.location id
beer_factory,geolocation,Latitude,REAL,no,
beer_factory,geolocation,Longitude,REAL,no,
beer_factory,location,location id,INT,yes,geolocation.location id
beer_factory,location,location name,TEXT,no,
beer_factory,location,street address,TEXT,no,
beer_factory,location,City,TEXT,no,
beer_factory,location,State,TEXT,no,
beer_factory,location,zip code,INT,no,
beer_factory,rootbeerbrand,brand id,INT,yes,
beer_factory,rootbeerbrand,brand name,TEXT,no,
beer_factory,rootbeerbrand,first brewed year,INT,no,
beer_factory,rootbeerbrand,brewery name,TEXT,no,
beer_factory,rootbeerbrand,City,TEXT,no,
beer_factory,rootbeerbrand,State,TEXT,no,
beer_factory,rootbeerbrand,Country,TEXT,no,
beer_factory,rootbeerbrand,Description,TEXT,no,
beer_factory,rootbeerbrand,cane sugar,TEXT,no,
beer_factory,rootbeerbrand,corn syrup,TEXT,no,
beer_factory,rootbeerbrand,Honey,TEXT,no,
beer_factory,rootbeerbrand,artificial sweetener,TEXT,no,
beer_factory,rootbeerbrand,Caffeinated,TEXT,no,
beer_factory,rootbeerbrand,Alcoholic,TEXT,no,
beer_factory,rootbeerbrand,available in cans,TEXT,no,
beer_factory,rootbeerbrand,available in bottles,TEXT,no,
beer_factory,rootbeerbrand,available in kegs,TEXT,no,
beer_factory,rootbeerbrand,Website,TEXT,no,
beer_factory,rootbeerbrand,facebook page,TEXT,no,
beer_factory,rootbeerbrand,Twitter,TEXT,no,
beer_factory,rootbeerbrand,wholesale cost,REAL,no,
beer_factory,rootbeerbrand,current retail price,REAL,no,
beer_factory,rootbeer,root beer id,INT,yes,
beer_factory,rootbeer,brandid,INT,no,rootbeerbrand.brand id
beer_factory,rootbeer,container type,TEXT,no,
beer_factory,rootbeer,location id,INT,no,geolocation.location id
beer_factory,rootbeer,purchase date,TEXT,no,
beer_factory,rootbeerreview,customer id,INT,yes,customers.customer id
beer_factory,rootbeerreview,brand id,INT,yes,rootbeerbrand.brand id
beer_factory,rootbeerreview,star rating,INT,no,
beer_factory,rootbeerreview,review date,TEXT,no,
beer_factory,rootbeerreview,Review,TEXT,no,
beer_factory,transaction,transaction id,INT,yes,
beer_factory,transaction,credit card number,INT,no,
beer_factory,transaction,customer id,INT,no,customers.customer id
beer_factory,transaction,transaction date,TEXT,no,
beer_factory,transaction,credit card type,TEXT,no,
beer_factory,transaction,location id,INT,no,location.location id
beer_factory,transaction,root beer id,INT,no,rootbeer.root beer id
beer_factory,transaction,purchase price,REAL,no,
chicago_crime,community_area,community area number,INT,yes,
chicago_crime,community_area,community area name,TEXT,no,
chicago_crime,community_area,side,TEXT,no,
chicago_crime,community_area,population,TEXT,no,
chicago_crime,district,district number,INT,yes,
chicago_crime,district,district name,TEXT,no,
chicago_crime,district,address,TEXT,no,
chicago_crime,district,zip code,INT,no,
chicago_crime,district,commander,TEXT,no,
chicago_crime,district,email,TEXT,no,
chicago_crime,district,phone,TEXT,no,
chicago_crime,district,fax,TEXT,no,
chicago_crime,district,tty,TEXT,no,
chicago_crime,district,twitter,TEXT,no,
chicago_crime,fbi_code,fbi code number,TEXT,yes,
chicago_crime,fbi_code,title,TEXT,no,
chicago_crime,fbi_code,description,TEXT,no,
chicago_crime,fbi_code,crime against,TEXT,no,
chicago_crime,iucr,iucr number,TEXT,yes,
chicago_crime,iucr,primary description,TEXT,no,
chicago_crime,iucr,secondary description,TEXT,no,
chicago_crime,iucr,index code,TEXT,no,
chicago_crime,neighborhood,neighborhood name,TEXT,yes,
chicago_crime,neighborhood,community area number,INT,no,community_area.community area number
chicago_crime,ward,ward_no,INT,yes,
chicago_crime,ward,alderman_first_name,TEXT,no,
chicago_crime,ward,alderman_last_name,TEXT,no,
chicago_crime,ward,alderman_name_suffix,TEXT,no,
chicago_crime,ward,ward_office_address,TEXT,no,
chicago_crime,ward,ward_office_zip,TEXT,no,
chicago_crime,ward,ward_email,TEXT,no,
chicago_crime,ward,ward_office_phone,TEXT,no,
chicago_crime,ward,ward_office_fax,TEXT,no,
chicago_crime,ward,city_hall_office_room,INT,no,
chicago_crime,ward,city_hall_office_phone,TEXT,no,
chicago_crime,ward,city_hall_office_fax,TEXT,no,
chicago_crime,ward,Population,INT,no,
chicago_crime,crime,report number,INT,yes,
chicago_crime,crime,case number,TEXT,no,
chicago_crime,crime,date,TEXT,no,
chicago_crime,crime,block,TEXT,no,
chicago_crime,crime,Illinois Uniform Crime Reporting number,TEXT,no,iucr.iucr number
chicago_crime,crime,location description,TEXT,no,
chicago_crime,crime,arrest,TEXT,no,
chicago_crime,crime,domestic,TEXT,no,
chicago_crime,crime,beat,INT,no,
chicago_crime,crime,district number,INT,no,district.district number
chicago_crime,crime,ward number,INT,no,ward.ward_no
chicago_crime,crime,community area number,INT,no,community_area.community area number
chicago_crime,crime,fbi code number,TEXT,no,fbi_code.fbi code number
chicago_crime,crime,latitude,TEXT,no,
chicago_crime,crime,longitude,TEXT,no,
mondial_geo,borders,Country1,TEXT,yes,
mondial_geo,borders,Country2,TEXT,yes,
mondial_geo,borders,Length,REAL,no,
mondial_geo,city,Name,TEXT,yes,
mondial_geo,city,Country,TEXT,no,
mondial_geo,city,Province,TEXT,yes,
mondial_geo,city,Population,INT,no,
mondial_geo,city,Longitude,REAL,no,
mondial_geo,city,Latitude,REAL,no,
mondial_geo,continent,Name,TEXT,yes,
mondial_geo,continent,Area,REAL,no,
mondial_geo,country,Name,TEXT,no,
mondial_geo,country,Code,TEXT,yes,
mondial_geo,country,Capital,TEXT,no,
mondial_geo,country,Province,TEXT,no,
mondial_geo,country,Area,REAL,no,
mondial_geo,country,Population,INT,no,
mondial_geo,desert,Name,TEXT,yes,
mondial_geo,desert,Area,REAL,no,
mondial_geo,desert,Longitude,REAL,no,
mondial_geo,desert,Latitude,REAL,no,
mondial_geo,economy,Country,TEXT,yes,
mondial_geo,economy,gross domestic product,REAL,no,
mondial_geo,economy,Agriculture,REAL,no,
mondial_geo,economy,Service,REAL,no,
mondial_geo,economy,Industry,REAL,no,
mondial_geo,economy,Inflation,REAL,no,
mondial_geo,encompasses,Country,TEXT,yes,
mondial_geo,encompasses,Continent,TEXT,yes,
mondial_geo,encompasses,Percentage,REAL,no,
mondial_geo,ethnicgroup,Country,TEXT,yes,
mondial_geo,ethnicgroup,Name,TEXT,yes,
mondial_geo,ethnicgroup,Percentage,REAL,no,
mondial_geo,geo_desert,Desert,TEXT,yes,
mondial_geo,geo_desert,Country,TEXT,yes,
mondial_geo,geo_desert,Province,TEXT,yes,
mondial_geo,geo_estuary,River,TEXT,yes,
mondial_geo,geo_estuary,Country,TEXT,yes,
mondial_geo,geo_estuary,Province,TEXT,yes,
mondial_geo,geo_island,Island,TEXT,yes,
mondial_geo,geo_island,Country,TEXT,yes,
mondial_geo,geo_island,Province,TEXT,yes,
mondial_geo,geo_lake,Lake,TEXT,yes,
mondial_geo,geo_lake,Country,TEXT,yes,
mondial_geo,geo_lake,Province,TEXT,yes,
mondial_geo,geo_mountain,Mountain,TEXT,yes,
mondial_geo,geo_mountain,Country,TEXT,yes,
mondial_geo,geo_mountain,Province,TEXT,yes,
mondial_geo,geo_river,River,TEXT,yes,
mondial_geo,geo_river,Country,TEXT,yes,
mondial_geo,geo_river,Province,TEXT,yes,
mondial_geo,geo_sea,Sea,TEXT,yes,
mondial_geo,geo_sea,Country,TEXT,yes,
mondial_geo,geo_sea,Province,TEXT,yes,
mondial_geo,geo_source,River,TEXT,yes,
mondial_geo,geo_source,Country,TEXT,yes,
mondial_geo,geo_source,Province,TEXT,yes,
mondial_geo,island,Name,TEXT,yes,
mondial_geo,island,Islands,TEXT,no,
mondial_geo,island,Area,REAL,no,
mondial_geo,island,Height,REAL,no,
mondial_geo,island,Type,TEXT,no,
mondial_geo,island,Longitude,REAL,no,
mondial_geo,island,Latitude,REAL,no,
mondial_geo,islandin,Island,TEXT,no,
mondial_geo,islandin,Sea,TEXT,no,
mondial_geo,islandin,Lake,TEXT,no,
mondial_geo,islandin,River,TEXT,no,
mondial_geo,ismember,Country,TEXT,yes,
mondial_geo,ismember,Organization,TEXT,yes,
mondial_geo,ismember,Type,TEXT,no,
mondial_geo,lake,Name,TEXT,yes,
mondial_geo,lake,Area,REAL,no,
mondial_geo,lake,Depth,REAL,no,
mondial_geo,lake,Altitude,REAL,no,
mondial_geo,lake,Type,TEXT,no,
mondial_geo,lake,River,TEXT,no,
mondial_geo,lake,Longitude,REAL,no,
mondial_geo,lake,Latitude,REAL,no,
mondial_geo,language,Country,TEXT,yes,
mondial_geo,language,Name,TEXT,yes,
mondial_geo,language,Percentage,REAL,no,
mondial_geo,located,City,TEXT,no,
mondial_geo,located,Province,TEXT,no,
mondial_geo,located,Country,TEXT,no,
mondial_geo,located,River,TEXT,no,
mondial_geo,located,Lake,TEXT,no,
mondial_geo,located,Sea,TEXT,no,
mondial_geo,locatedon,City,TEXT,yes,
mondial_geo,locatedon,Province,TEXT,yes,
mondial_geo,locatedon,Country,TEXT,yes,
mondial_geo,locatedon,Island,TEXT,yes,
mondial_geo,mergeswith,Sea1,TEXT,yes,
mondial_geo,mergeswith,Sea2,TEXT,yes,
mondial_geo,mountain,Name,TEXT,yes,
mondial_geo,mountain,Mountains,TEXT,no,
mondial_geo,mountain,Height,REAL,no,
mondial_geo,mountain,Type,TEXT,no,
mondial_geo,mountain,Longitude,REAL,no,
mondial_geo,mountain,Latitude,REAL,no,
mondial_geo,mountainonisland,Mountain,TEXT,yes,
mondial_geo,mountainonisland,Island,TEXT,yes,
mondial_geo,organization,Abbreviation,TEXT,yes,
mondial_geo,organization,Name,TEXT,no,
mondial_geo,organization,City,TEXT,no,
mondial_geo,organization,Country,TEXT,no,
mondial_geo,organization,Province,TEXT,no,
mondial_geo,organization,Established,TEXT,no,
mondial_geo,politics,Country,TEXT,yes,
mondial_geo,politics,Independence,TEXT,no,
mondial_geo,politics,Dependent,TEXT,no,
mondial_geo,politics,Government,TEXT,no,
mondial_geo,population,Country,TEXT,yes,
mondial_geo,population,population growth,REAL,no,
mondial_geo,population,infant mortality,REAL,no,
mondial_geo,province,Name,TEXT,yes,
mondial_geo,province,Country,TEXT,yes,
mondial_geo,province,Population,INT,no,
mondial_geo,province,Area,REAL,no,
mondial_geo,province,Capital,TEXT,no,
mondial_geo,province,capital province,TEXT,no,
mondial_geo,religion,Country,TEXT,yes,
mondial_geo,religion,Name,TEXT,yes,
mondial_geo,religion,Percentage,REAL,no,
mondial_geo,river,Name,TEXT,yes,
mondial_geo,river,River,TEXT,no,
mondial_geo,river,Lake,TEXT,no,
mondial_geo,river,Sea,TEXT,no,
mondial_geo,river,Length,REAL,no,
mondial_geo,river,SourceLongitude,REAL,no,
mondial_geo,river,SourceLatitude,REAL,no,
mondial_geo,river,Mountains,TEXT,no,
mondial_geo,river,SourceAltitude,REAL,no,
mondial_geo,river,EstuaryLongitude,REAL,no,
mondial_geo,river,EstuaryLatitude,REAL,no,
mondial_geo,sea,Name,TEXT,yes,
mondial_geo,sea,Depth,REAL,no,
mondial_geo,target,Country,TEXT,yes,
mondial_geo,target,Target,TEXT,no,
student_loan,bool,name,TEXT,yes,
student_loan,person,name,TEXT,yes,
student_loan,disabled,name,TEXT,yes,person.name
student_loan,enlist,name,TEXT,no,person.name
student_loan,enlist,organization,TEXT,no,
student_loan,filed_for_bankruptcy,name,TEXT,yes,person.name
student_loan,longest_absense_from_school,name,TEXT,yes,person.name
student_loan,longest_absense_from_school,month,INT,no,
student_loan,male,name,TEXT,yes,person.name
student_loan,no_payment_due,name,TEXT,yes,person.name
student_loan,no_payment_due,bool,TEXT,no,bool.name
student_loan,unemployed,name,TEXT,yes,person.name
student_loan,enrolled,name,TEXT,yes,person.name
student_loan,enrolled,school,TEXT,yes,
student_loan,enrolled,month,INT,no,
codebase_comments,method,Id,INT,yes,
codebase_comments,method,Name,TEXT,no,
codebase_comments,method,Full Comment,TEXT,no,
codebase_comments,method,Summary,TEXT,no,
codebase_comments,method,Api Calls,TEXT,no,
codebase_comments,method,CommentIs Xml,INT,no,
codebase_comments,method,Sampled At,INT,no,
codebase_comments,method,Solution Id,INT,no,
codebase_comments,method,Language,TEXT,no,
codebase_comments,method,Name Tokenized,TEXT,no,
codebase_comments,methodparameter,Id,INT,yes,
codebase_comments,methodparameter,Method Id,TEXT,no,
codebase_comments,methodparameter,Type,TEXT,no,
codebase_comments,methodparameter,Name,TEXT,no,
codebase_comments,repo,Id,INT,yes,
codebase_comments,repo,Url,TEXT,no,
codebase_comments,repo,Stars,INT,no,
codebase_comments,repo,Forks,INT,no,
codebase_comments,repo,Watchers,INT,no,
codebase_comments,repo,Processed Time,INT,no,
codebase_comments,solution,Id,INT,yes,
codebase_comments,solution,Repository Id,INT,no,
codebase_comments,solution,Path,TEXT,no,
codebase_comments,solution,Processed Time,INT,no,
codebase_comments,solution,Was Compiled,INT,no,
retail_world,categories,Category ID,INT,yes,
retail_world,categories,Category Name,TEXT,no,
retail_world,categories,Description,TEXT,no,
retail_world,customers,Customer ID,INT,yes,
retail_world,customers,Customer Name,TEXT,no,
retail_world,customers,Contact Name,TEXT,no,
retail_world,customers,Address,TEXT,no,
retail_world,customers,City,TEXT,no,
retail_world,customers,Postal Code,TEXT,no,
retail_world,customers,Country,TEXT,no,
retail_world,employees,Employee ID,INT,yes,
retail_world,employees,Last Name,TEXT,no,
retail_world,employees,First Name,TEXT,no,
retail_world,employees,Birth Date,TEXT,no,
retail_world,employees,Photo,TEXT,no,
retail_world,employees,Notes,TEXT,no,
retail_world,shippers,Shipper ID,INT,yes,
retail_world,shippers,Shipper Name,TEXT,no,
retail_world,shippers,Phone,TEXT,no,
retail_world,suppliers,Supplier ID,INT,yes,
retail_world,suppliers,Supplier Name,TEXT,no,
retail_world,suppliers,Contact Name,TEXT,no,
retail_world,suppliers,Address,TEXT,no,
retail_world,suppliers,City,TEXT,no,
retail_world,suppliers,Postal Code,TEXT,no,
retail_world,suppliers,Country,TEXT,no,
retail_world,suppliers,Phone,TEXT,no,
retail_world,products,Product ID,INT,yes,
retail_world,products,Product Name,TEXT,no,
retail_world,products,Supplier ID,INT,no,suppliers.Supplier ID
retail_world,products,Category ID,INT,no,categories.Category ID
retail_world,products,Unit,TEXT,no,
retail_world,products,Price,REAL,no,
retail_world,orders,Order ID,INT,yes,
retail_world,orders,Customer ID,INT,no,customers.Customer ID
retail_world,orders,Employee ID,INT,no,employees.Employee ID
retail_world,orders,Order Date,TEXT,no,
retail_world,orders,Shipper ID,INT,no,shippers.Shipper ID
retail_world,orderdetails,order detail id,INT,yes,
retail_world,orderdetails,Order ID,INT,no,orders.Order ID
retail_world,orderdetails,Product ID,INT,no,products.Product ID
retail_world,orderdetails,Quantity,INT,no,
music_tracker,torrents,groupName,TEXT,no,
music_tracker,torrents,totalSnatched,INT,no,
music_tracker,torrents,artist,TEXT,no,
music_tracker,torrents,groupYear,INT,no,
music_tracker,torrents,releaseType,TEXT,no,
music_tracker,torrents,groupId,INT,no,
music_tracker,torrents,id,INT,yes,
music_tracker,tags,index,INT,yes,
music_tracker,tags,id,INT,no,
music_tracker,tags,tag,TEXT,no,
disney,characters,movie title,TEXT,yes,
disney,characters,release date,TEXT,no,
disney,characters,hero,TEXT,no,voice-actors.character
disney,characters,villian,TEXT,no,
disney,characters,song,TEXT,no,
disney,director,name,TEXT,yes,characters.movie title
disney,director,director,TEXT,no,
disney,movies_total_gross,movie title,TEXT,yes,characters.movie title
disney,movies_total_gross,release date,TEXT,yes,
disney,movies_total_gross,genre,TEXT,no,
disney,movies_total_gross,Motion Picture Association of America rating,TEXT,no,
disney,movies_total_gross,total gross,TEXT,no,
disney,movies_total_gross,inflation adjusted gross,TEXT,no,
disney,revenue,Year,INT,yes,
disney,revenue,Studio Entertainment[NI 1],REAL,no,
disney,revenue,Disney Consumer Products[NI 2],REAL,no,
disney,revenue,Disney Interactive[NI 3][Rev 1],INT,no,
disney,revenue,Walt Disney Parks and Resorts,REAL,no,
disney,revenue,Disney Media Networks,TEXT,no,
disney,revenue,Total,INT,no,
disney,voice-actors,character,TEXT,yes,
disney,voice-actors,voice-actor,TEXT,no,
disney,voice-actors,movie,TEXT,no,characters.movie title
college_completion,institution_details,Unit ID number,INT,yes,
college_completion,institution_details,chronname,TEXT,no,
college_completion,institution_details,city,TEXT,no,
college_completion,institution_details,state,TEXT,no,
college_completion,institution_details,level,TEXT,no,
college_completion,institution_details,control,TEXT,no,
college_completion,institution_details,basic,TEXT,no,
college_completion,institution_details,Historically Black College and Universities,TEXT,no,
college_completion,institution_details,flagship,TEXT,no,
college_completion,institution_details,long_x,REAL,no,
college_completion,institution_details,lat_y,REAL,no,
college_completion,institution_details,site,TEXT,no,
college_completion,institution_details,student count,INT,no,
college_completion,institution_details,awards per value,REAL,no,
college_completion,institution_details,awards per state value,REAL,no,
college_completion,institution_details,awards per national value,REAL,no,
college_completion,institution_details,expected award value,INT,no,
college_completion,institution_details,expected award state value,INT,no,
college_completion,institution_details,expected award national value,INT,no,
college_completion,institution_details,exp_award_percentile,INT,no,
college_completion,institution_details,Full-time percentage,REAL,no,
college_completion,institution_details,Full-time percentage,INT,no,
college_completion,institution_details,fte_percentile,INT,no,
college_completion,institution_details,median SAT value,TEXT,no,
college_completion,institution_details,median SAT percentile,TEXT,no,
college_completion,institution_details,aid value,INT,no,
college_completion,institution_details,aid percentile,INT,no,
college_completion,institution_details,endow value,TEXT,no,
college_completion,institution_details,endow percentile,TEXT,no,
college_completion,institution_details,graduation 100 value,REAL,no,
college_completion,institution_details,graduation 100 percentile,INT,no,
college_completion,institution_details,graduation 150 value,REAL,no,
college_completion,institution_details,graduation 150 percentile,INT,no,
college_completion,institution_details,pell value,REAL,no,
college_completion,institution_details,pell percentile,INT,no,
college_completion,institution_details,retain value,REAL,no,
college_completion,institution_details,retain percentile,INT,no,
college_completion,institution_details,full time faculty value,REAL,no,
college_completion,institution_details,full time faculty percentile,INT,no,
college_completion,institution_details,voluntary system of accountability year,TEXT,no,
college_completion,institution_details,voluntary system of accountability after 4 year first time,TEXT,no,
college_completion,institution_details,voluntary system of accountability graduation elsewhere after 4 year first time,TEXT,no,
college_completion,institution_details,voluntary system of accountability enrollment after 4 year first time,TEXT,no,
college_completion,institution_details,voluntary system of accountability enrollment elsewhere after 4 year first time,TEXT,no,
college_completion,institution_details,voluntary system of accountability graduation elsewhere after 6 year first time,TEXT,no,
college_completion,institution_details,voluntary system of accountability graduation elsewhere after 6 year first time,TEXT,no,
college_completion,institution_details,voluntary system of accountability enrollment after 6 year first time,TEXT,no,
college_completion,institution_details,voluntary system of accountability enrollment elsewhere after 6 year first time,TEXT,no,
college_completion,institution_details,voluntary system of accountability transfer after 6 year first time,TEXT,no,
college_completion,institution_details,voluntary system of accountability graduation elsewhere after 4 year,TEXT,no,
college_completion,institution_details,voluntary system of accountability enrollment after 4 years transfer,TEXT,no,
college_completion,institution_details,voluntary system of accountability enrollment elsewhere after 4 years transfer,TEXT,no,
college_completion,institution_details,voluntary system of accountability enrollment elsewhere after 6 years transfer,TEXT,no,
college_completion,institution_details,voluntary system of accountability graduation elsewhere after 6 years transfer,TEXT,no,
college_completion,institution_details,voluntary system of accountability enrollment after 6 years transfer,TEXT,no,
college_completion,institution_details,voluntary system of accountability enrollment elsewhere after 6 years transfer,TEXT,no,
college_completion,institution_details,similar,TEXT,no,
college_completion,institution_details,state_sector_ct,INT,no,
college_completion,institution_details,carnegie_ct,INT,no,
college_completion,institution_details,counted_pct,TEXT,no,
college_completion,institution_details,nicknames,TEXT,no,
college_completion,institution_details,cohort_size,INT,no,
college_completion,institution_grads,unit id,INT,no,institution_details.Unit ID number
college_completion,institution_grads,year,INT,no,
college_completion,institution_grads,gender,TEXT,no,
college_completion,institution_grads,race,TEXT,no,
college_completion,institution_grads,cohort,TEXT,no,
college_completion,institution_grads,graduation cohort,TEXT,no,
college_completion,institution_grads,graduation 100,TEXT,no,
college_completion,institution_grads,graduation 150,TEXT,no,
college_completion,institution_grads,grad_100_rate,TEXT,no,
college_completion,institution_grads,grad_150_rate,TEXT,no,
college_completion,state_sector_grads,state id,INT,no,state_sector_details.state id
college_completion,state_sector_grads,state name,TEXT,no,institution_details.state
college_completion,state_sector_grads,state_abbr,TEXT,no,
college_completion,state_sector_grads,control,TEXT,no,
college_completion,state_sector_grads,level,TEXT,no,
college_completion,state_sector_grads,year,INT,no,
college_completion,state_sector_grads,gender,TEXT,no,
college_completion,state_sector_grads,race,TEXT,no,
college_completion,state_sector_grads,cohort,TEXT,no,
college_completion,state_sector_grads,graduation cohort,TEXT,no,
college_completion,state_sector_grads,graduation 100,TEXT,no,
college_completion,state_sector_grads,graduation 150,TEXT,no,
college_completion,state_sector_grads,grad_100_rate,TEXT,no,
college_completion,state_sector_grads,grad_150_rate,TEXT,no,
college_completion,state_sector_grads,graduation cohort count,INT,no,
college_completion,state_sector_details,state id,INT,yes,
college_completion,state_sector_details,state name,TEXT,no,institution_details.state
college_completion,state_sector_details,state_post,TEXT,no,
college_completion,state_sector_details,level,TEXT,yes,
college_completion,state_sector_details,control,TEXT,yes,
college_completion,state_sector_details,schools_count,INT,no,
college_completion,state_sector_details,counted percentage,TEXT,no,
college_completion,state_sector_details,awards per state value,TEXT,no,
college_completion,state_sector_details,awards per national value,REAL,no,
college_completion,state_sector_details,expected award state value,TEXT,no,
college_completion,state_sector_details,expected award national value,INT,no,
college_completion,state_sector_details,state appropriation value,TEXT,no,
college_completion,state_sector_details,state_appr_rank,TEXT,no,
college_completion,state_sector_details,grad_rate_rank,TEXT,no,
college_completion,state_sector_details,awards_per_rank,TEXT,no,
ice_hockey_draft,height_info,height id,INT,yes,
ice_hockey_draft,height_info,height in cm,INT,no,
ice_hockey_draft,height_info,height in inch,TEXT,no,
ice_hockey_draft,weight_info,weight id,INT,yes,
ice_hockey_draft,weight_info,weight in kg,INT,no,
ice_hockey_draft,weight_info,weight in lbs,INT,no,
ice_hockey_draft,playerinfo,ELITE ID,INT,yes,
ice_hockey_draft,playerinfo,Player Name,TEXT,no,
ice_hockey_draft,playerinfo,birthdate,TEXT,no,
ice_hockey_draft,playerinfo,birthyear,TEXT,no,
ice_hockey_draft,playerinfo,birthmonth,INT,no,
ice_hockey_draft,playerinfo,birthday,INT,no,
ice_hockey_draft,playerinfo,birthplace,TEXT,no,
ice_hockey_draft,playerinfo,nation,TEXT,no,
ice_hockey_draft,playerinfo,height,INT,no,height_info.height id
ice_hockey_draft,playerinfo,weight,INT,no,weight_info.weight id
ice_hockey_draft,playerinfo,position information,TEXT,no,
ice_hockey_draft,playerinfo,shoots,TEXT,no,
ice_hockey_draft,playerinfo,draft year,INT,no,
ice_hockey_draft,playerinfo,draft round,INT,no,
ice_hockey_draft,playerinfo,overall,INT,no,
ice_hockey_draft,playerinfo,overallby,TEXT,no,
ice_hockey_draft,playerinfo,Central Scouting Service ranking,INT,no,
ice_hockey_draft,playerinfo,sum 7-year game plays,INT,no,
ice_hockey_draft,playerinfo,sum 7-year time on ice,INT,no,
ice_hockey_draft,playerinfo,game play greater than 0,TEXT,no,
ice_hockey_draft,seasonstatus,ELITE ID,INT,no,playerinfo.ELITE ID
ice_hockey_draft,seasonstatus,SEASON,TEXT,no,
ice_hockey_draft,seasonstatus,TEAM,TEXT,no,
ice_hockey_draft,seasonstatus,LEAGUE,TEXT,no,
ice_hockey_draft,seasonstatus,GAME TYPE,TEXT,no,
ice_hockey_draft,seasonstatus,Game Plays,INT,no,
ice_hockey_draft,seasonstatus,G,INT,no,
ice_hockey_draft,seasonstatus,A,INT,no,
ice_hockey_draft,seasonstatus,P,INT,no,
ice_hockey_draft,seasonstatus,Penalty Minutes,INT,no,
ice_hockey_draft,seasonstatus,Plus Minutes,INT,no,
world_development_indicators,country,Country Code,TEXT,yes,
world_development_indicators,country,Short Name,TEXT,no,
world_development_indicators,country,Table Name,TEXT,no,
world_development_indicators,country,Long Name,TEXT,no,
world_development_indicators,country,Alpha to Code,TEXT,no,
world_development_indicators,country,Currency Unit,TEXT,no,
world_development_indicators,country,Special Notes,TEXT,no,
world_development_indicators,country,Region,TEXT,no,
world_development_indicators,country,Income Group,TEXT,no,
world_development_indicators,country,world bank to code,TEXT,no,
world_development_indicators,country,National Accounts Base Year,TEXT,no,
world_development_indicators,country,National Accounts Reference Year,TEXT,no,
world_development_indicators,country,SNA Price Valuation,TEXT,no,
world_development_indicators,country,Lending Category,TEXT,no,
world_development_indicators,country,Other groups,TEXT,no,
world_development_indicators,country,System Of National Accounts,TEXT,no,
world_development_indicators,country,Alternative Conversion Factor,TEXT,no,
world_development_indicators,country,purchasing power parity survey year,TEXT,no,
world_development_indicators,country,Balance Of Payments Manual In Use,TEXT,no,
world_development_indicators,country,External Debt Reporting Status,TEXT,no,
world_development_indicators,country,System Of Trade,TEXT,no,
world_development_indicators,country,Government Accounting Concept,TEXT,no,
world_development_indicators,country,International Monetory Fund Data Dissemination Standard,TEXT,no,
world_development_indicators,country,Latest Population Census,TEXT,no,
world_development_indicators,country,Latest Household Survey,TEXT,no,
world_development_indicators,country,Source Of Most Recent Income And Expenditure Data,TEXT,no,
world_development_indicators,country,Vital Registration Complete,TEXT,no,
world_development_indicators,country,Latest Agricultural Census,TEXT,no,
world_development_indicators,country,Latest Industrial Data,INT,no,
world_development_indicators,country,Latest Trade Data,INT,no,
world_development_indicators,country,Latest Water Withdrawal Data,INT,no,
world_development_indicators,series,Series Code,TEXT,yes,
world_development_indicators,series,Topic,TEXT,no,
world_development_indicators,series,Indicator Name,TEXT,no,
world_development_indicators,series,Short Definition,TEXT,no,
world_development_indicators,series,Long Definition,TEXT,no,
world_development_indicators,series,Unit Of Measure,TEXT,no,
world_development_indicators,series,Periodicity,TEXT,no,
world_development_indicators,series,Base Period,TEXT,no,
world_development_indicators,series,Other Notes,INT,no,
world_development_indicators,series,Aggregation Method,TEXT,no,
world_development_indicators,series,Limitations And Exceptions,TEXT,no,
world_development_indicators,series,Notes From Original Source,TEXT,no,
world_development_indicators,series,General Comments,TEXT,no,
world_development_indicators,series,Source,TEXT,no,
world_development_indicators,series,Statistical Concept And Methodology,TEXT,no,
world_development_indicators,series,Development Relevance,TEXT,no,
world_development_indicators,series,Related Source Links,TEXT,no,
world_development_indicators,series,Other Web Links,INT,no,
world_development_indicators,series,Related Indicators,INT,no,
world_development_indicators,series,License Type,TEXT,no,
world_development_indicators,countrynotes,Country code,TEXT,yes,country.Country Code
world_development_indicators,countrynotes,Series code,TEXT,yes,series.Series Code
world_development_indicators,countrynotes,Description,TEXT,no,
world_development_indicators,footnotes,Country code,TEXT,yes,country.Country Code
world_development_indicators,footnotes,Series code,TEXT,yes,series.Series Code
world_development_indicators,footnotes,Year,TEXT,yes,
world_development_indicators,footnotes,Description,TEXT,no,
world_development_indicators,indicators,Country code,TEXT,no,
world_development_indicators,indicators,Series code,TEXT,yes,country.Country Code
world_development_indicators,indicators,Indicator Name,TEXT,no,
world_development_indicators,indicators,Indicator Code,TEXT,yes,
world_development_indicators,indicators,Year,INT,yes,
world_development_indicators,indicators,Value,INT,no,
world_development_indicators,seriesnotes,Series code,TEXT,yes,series.Series Code
world_development_indicators,seriesnotes,Year,TEXT,yes,
world_development_indicators,seriesnotes,Description,TEXT,no,
airline,air carriers,Code,INT,yes,
airline,air carriers,Description,TEXT,no,
airline,airports,Code,TEXT,yes,
airline,airports,Description,TEXT,no,
airline,airlines,flight date,TEXT,no,
airline,airlines,operator carrier airline id,INT,no,air carriers.Code
airline,airlines,tail number,TEXT,no,
airline,airlines,operator carrier flight number,INT,no,
airline,airlines,origin airport id,INT,no,
airline,airlines,origin airport sequence id,INT,no,
airline,airlines,origin city market id,INT,no,
airline,airlines,ORIGIN,TEXT,no,airports.Code
airline,airlines,destination airport id,INT,no,
airline,airlines,destination airport sequence id,INT,no,
airline,airlines,destination city market id,INT,no,
airline,airlines,destination,TEXT,no,airports.Code
airline,airlines,scheduled local departure time,INT,no,
airline,airlines,departure time,INT,no,
airline,airlines,Departure delay,INT,no,
airline,airlines,departure delay new,INT,no,
airline,airlines,arrival time,INT,no,
airline,airlines,arrival delay,INT,no,
airline,airlines,arrival delay new,INT,no,
airline,airlines,CANCELLED,INT,no,
airline,airlines,cancellation code,TEXT,no,
airline,airlines,scheduled elapsed time,INT,no,
airline,airlines,actual elapsed time,INT,no,
airline,airlines,carrier delay,INT,no,
airline,airlines,weather delay,INT,no,
airline,airlines,National Aviavtion System delay,INT,no,
airline,airlines,security delay,INT,no,
airline,airlines,late aircraft delay,INT,no,
retail_complains,state,StateCode,TEXT,yes,
retail_complains,state,State,TEXT,no,
retail_complains,state,Region,TEXT,no,
retail_complains,callcenterlogs,Date received,TEXT,no,
retail_complains,callcenterlogs,Complaint ID,TEXT,yes,
retail_complains,callcenterlogs,rand client,TEXT,no,client.client id
retail_complains,callcenterlogs,phone final,TEXT,no,
retail_complains,callcenterlogs,voice response unit line,TEXT,no,
retail_complains,callcenterlogs,call id,INT,no,
retail_complains,callcenterlogs,priority,INT,no,
retail_complains,callcenterlogs,type,TEXT,no,
retail_complains,callcenterlogs,outcome,TEXT,no,
retail_complains,callcenterlogs,server,TEXT,no,
retail_complains,callcenterlogs,server start,TEXT,no,
retail_complains,callcenterlogs,server exit,TEXT,no,
retail_complains,callcenterlogs,server time,TEXT,no,
retail_complains,client,client id,TEXT,yes,
retail_complains,client,sex,TEXT,no,
retail_complains,client,day,INT,no,
retail_complains,client,month,INT,no,
retail_complains,client,year,INT,no,
retail_complains,client,age,INT,no,
retail_complains,client,social,TEXT,no,
retail_complains,client,first,TEXT,no,
retail_complains,client,middle,TEXT,no,
retail_complains,client,last,TEXT,no,
retail_complains,client,phone,TEXT,no,
retail_complains,client,email,TEXT,no,
retail_complains,client,address_1,TEXT,no,
retail_complains,client,address_2,TEXT,no,
retail_complains,client,city,TEXT,no,
retail_complains,client,state,TEXT,no,
retail_complains,client,zipcode,INT,no,
retail_complains,client,district id,INT,no,district.district id
retail_complains,district,district id,INT,yes,
retail_complains,district,city,TEXT,no,
retail_complains,district,state_abbrev,TEXT,no,state.StateCode
retail_complains,district,division,TEXT,no,
retail_complains,events,Date received,TEXT,no,
retail_complains,events,Product,TEXT,no,
retail_complains,events,Sub-product,TEXT,no,
retail_complains,events,Issue,TEXT,no,
retail_complains,events,Sub-issue,TEXT,no,
retail_complains,events,Consumer complaint narrative,TEXT,no,
retail_complains,events,Tags,TEXT,no,
retail_complains,events,Tags Consumer consent provided?,TEXT,no,
retail_complains,events,Submitted via,TEXT,no,
retail_complains,events,Date sent to company,TEXT,no,
retail_complains,events,Company response to consumer,TEXT,no,
retail_complains,events,Timely response?,TEXT,no,
retail_complains,events,Consumer disputed?,TEXT,no,
retail_complains,events,Complaint ID,TEXT,yes,callcenterlogs.Complaint ID
retail_complains,events,Client ID,TEXT,yes,client.client id
retail_complains,reviews,Date,TEXT,yes,
retail_complains,reviews,Stars,INT,no,
retail_complains,reviews,Reviews,TEXT,no,
retail_complains,reviews,Product,TEXT,no,
retail_complains,reviews,district_id,INT,no,district.district id
trains,cars,id,INT,yes,
trains,cars,train id,INT,no,trains.id
trains,cars,position,INT,no,
trains,cars,shape,TEXT,no,
trains,cars,length,TEXT,no,
trains,cars,sides,TEXT,no,
trains,cars,roof,TEXT,no,
trains,cars,wheels,INT,no,
trains,cars,load_shape,TEXT,no,
trains,cars,load number,INT,no,
trains,trains,id,INT,yes,
trains,trains,direction,TEXT,no,
public_review_platform,attributes,attribute id,INT,yes,
public_review_platform,attributes,attribute name,TEXT,no,
public_review_platform,categories,category id,INT,yes,
public_review_platform,categories,category name,TEXT,no,
public_review_platform,compliments,compliment id,INT,yes,
public_review_platform,compliments,compliment type,TEXT,no,
public_review_platform,days,day id,INT,yes,
public_review_platform,days,day of week,TEXT,no,
public_review_platform,years,year id,INT,yes,
public_review_platform,years,actual year,INT,no,
public_review_platform,business_attributes,attribute id,INT,yes,
public_review_platform,business_attributes,business id,INT,yes,
public_review_platform,business_attributes,attribute value,TEXT,no,
public_review_platform,business_categories,business id,INT,yes,
public_review_platform,business_categories,category id,INT,yes,
public_review_platform,business_hours,business id,INT,yes,
public_review_platform,business_hours,day id,INT,yes,
public_review_platform,business_hours,opening time,TEXT,no,
public_review_platform,business_hours,closing time,TEXT,no,
public_review_platform,checkins,business id,INT,yes,
public_review_platform,checkins,day id,INT,yes,
public_review_platform,checkins,label_time_0,TEXT,no,
public_review_platform,checkins,label_time_1,TEXT,no,
public_review_platform,checkins,label_time_2,TEXT,no,
public_review_platform,checkins,label_time_3,TEXT,no,
public_review_platform,checkins,label_time_4,TEXT,no,
public_review_platform,checkins,label_time_5,TEXT,no,
public_review_platform,checkins,label_time_6,TEXT,no,
public_review_platform,checkins,label_time_7,TEXT,no,
public_review_platform,checkins,label_time_8,TEXT,no,
public_review_platform,checkins,label_time_9,TEXT,no,
public_review_platform,checkins,label_time_10,TEXT,no,
public_review_platform,checkins,label_time_11,TEXT,no,
public_review_platform,checkins,label_time_12,TEXT,no,
public_review_platform,checkins,label_time_13,TEXT,no,
public_review_platform,checkins,label_time_14,TEXT,no,
public_review_platform,checkins,label_time_15,TEXT,no,
public_review_platform,checkins,label_time_16,TEXT,no,
public_review_platform,checkins,label_time_17,TEXT,no,
public_review_platform,checkins,label_time_18,TEXT,no,
public_review_platform,checkins,label_time_19,TEXT,no,
public_review_platform,checkins,label_time_20,TEXT,no,
public_review_platform,checkins,label_time_21,TEXT,no,
public_review_platform,checkins,label_time_22,TEXT,no,
public_review_platform,checkins,label_time_23,TEXT,no,
public_review_platform,elite,user id,INT,yes,
public_review_platform,elite,year id,INT,yes,
public_review_platform,reviews,business id,INT,yes,
public_review_platform,reviews,user id,INT,yes,
public_review_platform,reviews,review stars,INT,no,
public_review_platform,reviews,review votes funny,TEXT,no,
public_review_platform,reviews,review votes useful,TEXT,no,
public_review_platform,reviews,review votes cool,TEXT,no,
public_review_platform,reviews,review length,TEXT,no,
public_review_platform,tips,business id,INT,yes,
public_review_platform,tips,user id,INT,yes,
public_review_platform,tips,Likes,INT,no,
public_review_platform,tips,tip length,TEXT,no,
public_review_platform,users_compliments,compliment id,INT,yes,
public_review_platform,users_compliments,user id,INT,yes,
public_review_platform,users_compliments,number of compliments,TEXT,no,
public_review_platform,business,business id,INT,yes,
public_review_platform,business,active,TEXT,no,
public_review_platform,business,city,TEXT,no,
public_review_platform,business,state,TEXT,no,
public_review_platform,business,stars,REAL,no,
public_review_platform,business,review count,TEXT,no,
public_review_platform,users,user id,INT,yes,
public_review_platform,users,user yelping since year,INT,no,
public_review_platform,users,user average stars,TEXT,no,
public_review_platform,users,user votes funny,TEXT,no,
public_review_platform,users,user votes useful,TEXT,no,
public_review_platform,users,user votes cool,TEXT,no,
public_review_platform,users,user review count,TEXT,no,
public_review_platform,users,user fans,TEXT,no,
donor,essays,project id,TEXT,no,
donor,essays,teacher acctid,TEXT,no,
donor,essays,title,TEXT,no,
donor,essays,short description,TEXT,no,
donor,essays,need statement,TEXT,no,
donor,essays,essay,TEXT,no,
donor,projects,project id,TEXT,yes,
donor,projects,teacher_acctid,TEXT,no,
donor,projects,schoolid,TEXT,no,
donor,projects,school national center for education statistics id,TEXT,no,
donor,projects,school latitude,REAL,no,
donor,projects,school longitude,REAL,no,
donor,projects,school city,TEXT,no,
donor,projects,school state,TEXT,no,
donor,projects,school zip,INT,no,
donor,projects,school metro,TEXT,no,
donor,projects,school district,TEXT,no,
donor,projects,school county,TEXT,no,
donor,projects,school charter,TEXT,no,
donor,projects,school magnet,TEXT,no,
donor,projects,school year round,TEXT,no,
donor,projects,school Nonleafy Normal Stature,TEXT,no,
donor,projects,school Knowledge Is Power Program,TEXT,no,
donor,projects,school charter ready promise,TEXT,no,
donor,projects,teacher prefix,TEXT,no,
donor,projects,teachers teach for america,TEXT,no,
donor,projects,teacher_new_york_teaching_fellow,TEXT,no,
donor,projects,primary focus subject,TEXT,no,
donor,projects,primary focus area,TEXT,no,
donor,projects,secondary focus subject,TEXT,no,
donor,projects,secondary focus area,TEXT,no,
donor,projects,resource type,TEXT,no,
donor,projects,poverty level,TEXT,no,
donor,projects,grade level,TEXT,no,
donor,projects,fulfillment labor materials,REAL,no,
donor,projects,total price excluding optional support,REAL,no,
donor,projects,total price including optional support,REAL,no,
donor,projects,students reached,INT,no,
donor,projects,eligible double your impact match,TEXT,no,
donor,projects,eligible almost home match,TEXT,no,
donor,projects,date posted,TEXT,no,
donor,donations,donation id,TEXT,yes,
donor,donations,project id,TEXT,no,projects.project id
donor,donations,donor accid,TEXT,no,
donor,donations,donor city,TEXT,no,
donor,donations,donor state,TEXT,no,
donor,donations,donor zip,TEXT,no,
donor,donations,is teacher acct,TEXT,no,
donor,donations,donation timestamp,TEXT,no,
donor,donations,donation to project,REAL,no,
donor,donations,donation optional support,REAL,no,
donor,donations,donation total,REAL,no,
donor,donations,dollar amount,TEXT,no,
donor,donations,donation included optional support,TEXT,no,
donor,donations,payment method,TEXT,no,
donor,donations,payment included acct credit,TEXT,no,
donor,donations,payment included campaign gift card,TEXT,no,
donor,donations,payment included web purchased gift card,TEXT,no,
donor,donations,payment was promo matched,TEXT,no,
donor,donations,via giving page,TEXT,no,
donor,donations,for honoree,TEXT,no,
donor,donations,donation message,TEXT,no,
donor,resources,resource id,TEXT,yes,
donor,resources,project id,TEXT,no,projects.project id
donor,resources,vendor id,INT,no,
donor,resources,vendor name,TEXT,no,
donor,resources,project resource type,TEXT,no,
donor,resources,item name,TEXT,no,
donor,resources,item number,TEXT,no,
donor,resources,item unit price,REAL,no,
donor,resources,item quantity,INT,no,
coinmarketcap,coins,id,INT,yes,
coinmarketcap,coins,name,TEXT,no,
coinmarketcap,coins,slug,TEXT,no,
coinmarketcap,coins,symbol,TEXT,no,
coinmarketcap,coins,status,TEXT,no,
coinmarketcap,coins,category,TEXT,no,
coinmarketcap,coins,description,TEXT,no,
coinmarketcap,coins,subreddit,TEXT,no,
coinmarketcap,coins,notice,TEXT,no,
coinmarketcap,coins,tags,TEXT,no,
coinmarketcap,coins,tag_names,TEXT,no,
coinmarketcap,coins,website,TEXT,no,
coinmarketcap,coins,platform id,INT,no,
coinmarketcap,coins,date added,TEXT,no,
coinmarketcap,coins,date lanched,TEXT,no,
coinmarketcap,historical,date,TEXT,no,
coinmarketcap,historical,coin_id,INT,no,
coinmarketcap,historical,coinmarketcap rank,INT,no,
coinmarketcap,historical,Market capitalization,REAL,no,
coinmarketcap,historical,price,REAL,no,
coinmarketcap,historical,open,REAL,no,
coinmarketcap,historical,high,REAL,no,
coinmarketcap,historical,low,REAL,no,
coinmarketcap,historical,close,REAL,no,
coinmarketcap,historical,time_high,TEXT,no,
coinmarketcap,historical,time_low,TEXT,no,
coinmarketcap,historical,volume_24h,REAL,no,
coinmarketcap,historical,percent change 1h,REAL,no,
coinmarketcap,historical,percent change 24h,REAL,no,
coinmarketcap,historical,percent change 7d,REAL,no,
coinmarketcap,historical,circulating supply,REAL,no,
coinmarketcap,historical,total supply,REAL,no,
coinmarketcap,historical,max supply,REAL,no,
coinmarketcap,historical,number market pairs,INT,no,
simpson_episodes,episode,episode id,TEXT,yes,
simpson_episodes,episode,season,INT,no,
simpson_episodes,episode,episode,INT,no,
simpson_episodes,episode,number in series,INT,no,
simpson_episodes,episode,title,TEXT,no,
simpson_episodes,episode,summary,TEXT,no,
simpson_episodes,episode,air date,TEXT,no,
simpson_episodes,episode,episode image,TEXT,no,
simpson_episodes,episode,rating,REAL,no,
simpson_episodes,episode,votes,INT,no,
simpson_episodes,person,name,TEXT,yes,
simpson_episodes,person,birth date,TEXT,no,
simpson_episodes,person,birth name,TEXT,no,
simpson_episodes,person,birth place,TEXT,no,
simpson_episodes,person,birth region,TEXT,no,
simpson_episodes,person,birth country,TEXT,no,
simpson_episodes,person,height meters,REAL,no,
simpson_episodes,person,nickname,TEXT,no,
simpson_episodes,award,award id,INT,yes,
simpson_episodes,award,organization,TEXT,no,
simpson_episodes,award,year,INT,no,
simpson_episodes,award,award_category,TEXT,no,
simpson_episodes,award,award,TEXT,no,
simpson_episodes,award,person,TEXT,no,person.name
simpson_episodes,award,role,TEXT,no,
simpson_episodes,award,episode id,TEXT,no,episode.episode id
simpson_episodes,award,season,TEXT,no,
simpson_episodes,award,song,TEXT,no,
simpson_episodes,award,result,TEXT,no,
simpson_episodes,character_award,award id,INT,no,award.award id
simpson_episodes,character_award,character,TEXT,no,
simpson_episodes,credit,episode id,TEXT,no,episode.episode id
simpson_episodes,credit,category,TEXT,no,
simpson_episodes,credit,person,TEXT,no,person.name
simpson_episodes,credit,role,TEXT,no,
simpson_episodes,credit,credited,TEXT,no,
simpson_episodes,keyword,episode id,TEXT,yes,episode.episode id
simpson_episodes,keyword,keyword,TEXT,yes,
simpson_episodes,vote,episode id,TEXT,no,episode.episode id
simpson_episodes,vote,stars,INT,no,
simpson_episodes,vote,votes,INT,no,
simpson_episodes,vote,percent,REAL,no,
movie_3,film_text,film id,INT,yes,
movie_3,film_text,title,TEXT,no,
movie_3,film_text,description,TEXT,no,
movie_3,actor,actor id,INT,yes,
movie_3,actor,first name,TEXT,no,
movie_3,actor,last name,TEXT,no,
movie_3,actor,last update,TEXT,no,
movie_3,address,address id,INT,yes,
movie_3,address,address,TEXT,no,
movie_3,address,address 2,TEXT,no,
movie_3,address,district,TEXT,no,
movie_3,address,city_id,INT,no,
movie_3,address,postal code,TEXT,no,
movie_3,address,phone,TEXT,no,
movie_3,address,last update,TEXT,no,
movie_3,category,category id,INT,yes,
movie_3,category,name,TEXT,no,
movie_3,category,last update,TEXT,no,
movie_3,city,city id,INT,yes,
movie_3,city,city,TEXT,no,
movie_3,city,country id,INT,no,
movie_3,city,last update,TEXT,no,
movie_3,country,country id,INT,yes,
movie_3,country,the name of the country,TEXT,no,
movie_3,country,last update,TEXT,no,
movie_3,customer,country id,INT,yes,
movie_3,customer,store id,INT,no,
movie_3,customer,first name,TEXT,no,
movie_3,customer,last name,TEXT,no,
movie_3,customer,email,TEXT,no,
movie_3,customer,address id,INT,no,
movie_3,customer,active,INT,no,
movie_3,customer,create date,TEXT,no,
movie_3,customer,last update,TEXT,no,
movie_3,film,film id,INT,yes,
movie_3,film,title,TEXT,no,
movie_3,film,description,TEXT,no,
movie_3,film,release year,TEXT,no,
movie_3,film,language id,INT,no,
movie_3,film,original language id,INT,no,
movie_3,film,rental duration,INT,no,
movie_3,film,rental rate,REAL,no,
movie_3,film,length,INT,no,
movie_3,film,replacement cost,REAL,no,
movie_3,film,rating,TEXT,no,
movie_3,film,special features,TEXT,no,
movie_3,film,last update,TEXT,no,
movie_3,film_actor,actor id,INT,yes,
movie_3,film_actor,film id,INT,yes,
movie_3,film_actor,last update,TEXT,no,
movie_3,film_category,film id,INT,yes,
movie_3,film_category,category id,INT,yes,
movie_3,film_category,last update,TEXT,no,
movie_3,inventory,inventory id,INT,yes,
movie_3,inventory,film id,INT,no,
movie_3,inventory,store id,INT,no,
movie_3,inventory,last update,TEXT,no,
movie_3,language,language id,INT,yes,
movie_3,language,name,TEXT,no,
movie_3,language,last update,TEXT,no,
movie_3,payment,payment id,INT,yes,
movie_3,payment,customer id,INT,no,
movie_3,payment,staff id,INT,no,
movie_3,payment,rental id,INT,no,
movie_3,payment,amount,REAL,no,
movie_3,payment,payment date,TEXT,no,
movie_3,payment,last update,TEXT,no,
movie_3,rental,rental id,INT,yes,
movie_3,rental,rental date,TEXT,no,
movie_3,rental,inventory id,INT,no,
movie_3,rental,customer id,INT,no,
movie_3,rental,return date,TEXT,no,
movie_3,rental,staff id,INT,no,
movie_3,rental,last update,TEXT,no,
movie_3,staff,staff id,INT,yes,
movie_3,staff,first name,TEXT,no,
movie_3,staff,last name,TEXT,no,
movie_3,staff,address id,INT,no,
movie_3,staff,picture of the staff,BLOB,no,
movie_3,staff,email of the staff,TEXT,no,
movie_3,staff,store id,INT,no,
movie_3,staff,active,INT,no,
movie_3,staff,username,TEXT,no,
movie_3,staff,password,TEXT,no,
movie_3,staff,last update,TEXT,no,
movie_3,store,store id,INT,yes,
movie_3,store,manager staff id,INT,no,
movie_3,store,address id,INT,no,
movie_3,store,last update,TEXT,no,
shooting,incidents,case number,TEXT,yes,
shooting,incidents,date,TEXT,no,
shooting,incidents,location,TEXT,no,
shooting,incidents,subject statuses,TEXT,no,
shooting,incidents,subject weapon,TEXT,no,
shooting,incidents,subjects,TEXT,no,
shooting,incidents,subject_count,INT,no,
shooting,incidents,officers,TEXT,no,
shooting,officers,case number,TEXT,no,incidents.case number
shooting,officers,race,TEXT,no,
shooting,officers,gender,TEXT,no,
shooting,officers,last name,TEXT,no,
shooting,officers,first name,TEXT,no,
shooting,officers,full name,TEXT,no,
shooting,subjects,case number,TEXT,no,incidents.case number
shooting,subjects,race,TEXT,no,
shooting,subjects,gender,TEXT,no,
shooting,subjects,last name,TEXT,no,
shooting,subjects,first name,TEXT,no,
shooting,subjects,full name,TEXT,no,
superstore,people,Customer ID,TEXT,yes,
superstore,people,Customer Name,TEXT,no,
superstore,people,Segment,TEXT,no,
superstore,people,Country,TEXT,no,
superstore,people,City,TEXT,no,
superstore,people,State,TEXT,no,
superstore,people,Postal Code,INT,no,
superstore,people,Region,TEXT,yes,
superstore,product,Product ID,TEXT,yes,
superstore,product,Product Name,TEXT,no,
superstore,product,Category,TEXT,no,
superstore,product,Sub-Category,TEXT,no,
superstore,product,Region,TEXT,yes,
superstore,central_superstore,row id,INT,yes,
superstore,central_superstore,order id,TEXT,no,
superstore,central_superstore,order date,TEXT,no,
superstore,central_superstore,ship date,TEXT,no,
superstore,central_superstore,ship mode,TEXT,no,
superstore,central_superstore,customer id,TEXT,no,people.Customer ID
superstore,central_superstore,Region,TEXT,no,people.Region
superstore,central_superstore,product id,TEXT,no,product.Product ID
superstore,central_superstore,Sales,REAL,no,
superstore,central_superstore,Quantity,INT,no,
superstore,central_superstore,Discount,REAL,no,
superstore,central_superstore,Profit,REAL,no,
superstore,east_superstore,row id,INT,yes,
superstore,east_superstore,order id,TEXT,no,
superstore,east_superstore,order date,TEXT,no,
superstore,east_superstore,ship date,TEXT,no,
superstore,east_superstore,ship mode,TEXT,no,
superstore,east_superstore,customer id,TEXT,no,people.Customer ID
superstore,east_superstore,Region,TEXT,no,people.Region
superstore,east_superstore,product id,TEXT,no,product.Product ID
superstore,east_superstore,Sales,REAL,no,
superstore,east_superstore,Quantity,INT,no,
superstore,east_superstore,Discount,REAL,no,
superstore,east_superstore,Profit,REAL,no,
superstore,south_superstore,row id,INT,yes,
superstore,south_superstore,order id,TEXT,no,
superstore,south_superstore,order date,TEXT,no,
superstore,south_superstore,ship date,TEXT,no,
superstore,south_superstore,ship mode,TEXT,no,
superstore,south_superstore,customer id,TEXT,no,people.Customer ID
superstore,south_superstore,Region,TEXT,no,people.Region
superstore,south_superstore,product id,TEXT,no,product.Product ID
superstore,south_superstore,Sales,REAL,no,
superstore,south_superstore,Quantity,INT,no,
superstore,south_superstore,Discount,REAL,no,
superstore,south_superstore,Profit,REAL,no,
superstore,west_superstore,row id,INT,yes,
superstore,west_superstore,order id,TEXT,no,
superstore,west_superstore,order date,TEXT,no,
superstore,west_superstore,ship date,TEXT,no,
superstore,west_superstore,ship mode,TEXT,no,
superstore,west_superstore,customer id,TEXT,no,people.Customer ID
superstore,west_superstore,Region,TEXT,no,people.Region
superstore,west_superstore,product id,TEXT,no,product.Product ID
superstore,west_superstore,Sales,REAL,no,
superstore,west_superstore,Quantity,INT,no,
superstore,west_superstore,Discount,REAL,no,
superstore,west_superstore,Profit,REAL,no,
movielens,users,user id,INT,yes,
movielens,users,age,TEXT,no,
movielens,users,user gender,TEXT,no,
movielens,users,occupation,TEXT,no,
movielens,directors,director id,INT,yes,
movielens,directors,director quality,INT,no,
movielens,directors,average revenue,INT,no,
movielens,actors,actor id,INT,yes,
movielens,actors,actor gender,TEXT,no,
movielens,actors,actor quality,INT,no,
movielens,movies,movie id,INT,yes,
movielens,movies,year,INT,no,
movielens,movies,is English,TEXT,no,
movielens,movies,country,TEXT,no,
movielens,movies,runningtime,INT,no,
movielens,movies2actors,movie id,INT,yes,
movielens,movies2actors,actor id,INT,yes,
movielens,movies2actors,cast number,INT,no,
movielens,movies2directors,movie id,INT,yes,
movielens,movies2directors,director id,INT,yes,
movielens,movies2directors,genre,TEXT,no,
movielens,u2base,user id,INT,yes,
movielens,u2base,movie id,INT,yes,
movielens,u2base,rating,TEXT,no,
