db_name,table_name,column_name,data_type,is_primary_key,foreign_key_ref
perpetrator,perpetrator,perpetrator id,INT,yes,
perpetrator,perpetrator,people id,INT,no,people.people id
perpetrator,perpetrator,date,TEXT,no,
perpetrator,perpetrator,year,INT,no,
perpetrator,perpetrator,location,TEXT,no,
perpetrator,perpetrator,country,TEXT,no,
perpetrator,perpetrator,killed,INT,no,
perpetrator,perpetrator,injured,INT,no,
perpetrator,people,people id,INT,yes,
perpetrator,people,name,TEXT,no,
perpetrator,people,height,INT,no,
perpetrator,people,weight,INT,no,
perpetrator,people,home town,TEXT,no,
college_2,classroom,building,TEXT,yes,
college_2,classroom,room number,TEXT,no,
college_2,classroom,capacity,INT,no,
college_2,department,department name,TEXT,yes,
college_2,department,building,TEXT,no,
college_2,department,budget,INT,no,
college_2,course,course id,TEXT,yes,
college_2,course,title,TEXT,no,
college_2,course,department name,TEXT,no,department.department name
college_2,course,credits,INT,no,
college_2,instructor,id,TEXT,yes,
college_2,instructor,name,TEXT,no,
college_2,instructor,department name,TEXT,no,department.department name
college_2,instructor,salary,INT,no,
college_2,section,course id,TEXT,yes,course.course id
college_2,section,section id,TEXT,no,
college_2,section,semester,TEXT,no,
college_2,section,year,INT,no,
college_2,section,building,TEXT,no,classroom.building
college_2,section,room number,TEXT,no,classroom.room number
college_2,section,time slot id,TEXT,no,
college_2,teaches,id,TEXT,yes,instructor.id
college_2,teaches,course id,TEXT,no,section.course id
college_2,teaches,section id,TEXT,no,section.section id
college_2,teaches,semester,TEXT,no,section.semester
college_2,teaches,year,INT,no,section.year
college_2,student,id,TEXT,yes,
college_2,student,name,TEXT,no,
college_2,student,department name,TEXT,no,department.department name
college_2,student,total credits,INT,no,
college_2,takes classes,id,TEXT,yes,student.id
college_2,takes classes,course id,TEXT,no,section.course id
college_2,takes classes,section id,TEXT,no,section.section id
college_2,takes classes,semester,TEXT,no,section.semester
college_2,takes classes,year,INT,no,section.year
college_2,takes classes,grade,TEXT,no,
college_2,advisor,student id,TEXT,yes,student.id
college_2,advisor,instructor id,TEXT,no,instructor.id
college_2,time slot,time slot id,TEXT,yes,
college_2,time slot,day,TEXT,no,
college_2,time slot,start hour,INT,no,
college_2,time slot,start minute,INT,no,
college_2,time slot,end hour,INT,no,
college_2,time slot,end minute,INT,no,
college_2,prerequisite,course id,TEXT,yes,course.course id
college_2,prerequisite,prerequisite id,TEXT,no,course.course id
flight_company,airport,id,INT,yes,
flight_company,airport,city,TEXT,no,
flight_company,airport,country,TEXT,no,
flight_company,airport,iata,TEXT,no,
flight_company,airport,icao,TEXT,no,
flight_company,airport,name,TEXT,no,
flight_company,operate company,id,INT,yes,
flight_company,operate company,name,TEXT,no,
flight_company,operate company,type,TEXT,no,
flight_company,operate company,principal activities,TEXT,no,
flight_company,operate company,incorporated in,TEXT,no,
flight_company,operate company,group equity shareholding,INT,no,
flight_company,flight,id,INT,yes,
flight_company,flight,vehicle flight number,TEXT,no,
flight_company,flight,date,TEXT,no,
flight_company,flight,pilot,TEXT,no,
flight_company,flight,velocity,INT,no,
flight_company,flight,altitude,INT,no,
flight_company,flight,airport id,INT,no,airport.id
flight_company,flight,company id,INT,no,operate company.id
icfp_1,institution,institution id,INT,yes,
icfp_1,institution,name,TEXT,no,
icfp_1,institution,country,TEXT,no,
icfp_1,authors,author id,INT,yes,
icfp_1,authors,last name,TEXT,no,
icfp_1,authors,first name,TEXT,no,
icfp_1,papers,paper id,INT,yes,
icfp_1,papers,title,TEXT,no,
icfp_1,authorship count,author id,INT,yes,authors.author id
icfp_1,authorship count,institution id,INT,no,institution.institution id
icfp_1,authorship count,paper id,INT,no,papers.paper id
icfp_1,authorship count,author count,INT,no,
body_builder,body builder,body builder id,INT,yes,
body_builder,body builder,people id,INT,no,people.people id
body_builder,body builder,snatch,INT,no,
body_builder,body builder,clean jerk,INT,no,
body_builder,body builder,total,INT,no,
body_builder,people,people id,INT,yes,
body_builder,people,name,TEXT,no,
body_builder,people,height,INT,no,
body_builder,people,weight,INT,no,
body_builder,people,birth date,TEXT,no,
body_builder,people,birth place,TEXT,no,
storm_record,storm,storm id,INT,yes,
storm_record,storm,name,TEXT,no,
storm_record,storm,dates active,TEXT,no,
storm_record,storm,max speed,INT,no,
storm_record,storm,damage millions usd,INT,no,
storm_record,storm,number deaths,INT,no,
storm_record,region,region id,INT,yes,
storm_record,region,region code,TEXT,no,
storm_record,region,region name,TEXT,no,
storm_record,affected region,region id,INT,yes,region.region id
storm_record,affected region,storm id,INT,no,storm.storm id
storm_record,affected region,number city affected,INT,no,
pilot_record,aircraft,aircraft id,INT,yes,
pilot_record,aircraft,order year,INT,no,
pilot_record,aircraft,manufacturer,TEXT,no,
pilot_record,aircraft,model,TEXT,no,
pilot_record,aircraft,fleet series,TEXT,no,
pilot_record,aircraft,powertrain,TEXT,no,
pilot_record,aircraft,fuel propulsion,TEXT,no,
pilot_record,pilot,pilot id,INT,yes,
pilot_record,pilot,pilot name,TEXT,no,
pilot_record,pilot,rank,INT,no,
pilot_record,pilot,age,INT,no,
pilot_record,pilot,nationality,TEXT,no,
pilot_record,pilot,position,TEXT,no,
pilot_record,pilot,join year,INT,no,
pilot_record,pilot,team,TEXT,no,
pilot_record,pilot record,record id,INT,no,
pilot_record,pilot record,pilot id,INT,yes,pilot.pilot id
pilot_record,pilot record,aircraft id,INT,no,aircraft.aircraft id
pilot_record,pilot record,date,TEXT,no,
race_track,race,race id,INT,yes,
race_track,race,name,TEXT,no,
race_track,race,class,TEXT,no,
race_track,race,date,TEXT,no,
race_track,race,track id,TEXT,no,track.track id
race_track,track,track id,INT,yes,
race_track,track,name,TEXT,no,
race_track,track,location,TEXT,no,
race_track,track,seating,INT,no,
race_track,track,year opened,INT,no,
academic,author,aid,INT,yes,
academic,author,homepage,TEXT,no,
academic,author,name,TEXT,no,
academic,author,oid,INT,no,
academic,conference,cid,INT,yes,
academic,conference,homepage,TEXT,no,
academic,conference,name,TEXT,no,
academic,domain,did,INT,yes,
academic,domain,name,TEXT,no,
academic,domain author,aid,INT,no,author.aid
academic,domain author,did,INT,yes,domain.did
academic,domain conference,cid,INT,no,conference.cid
academic,domain conference,did,INT,yes,domain.did
academic,journal,homepage,TEXT,no,
academic,journal,jid,INT,yes,
academic,journal,name,TEXT,no,
academic,domain journal,did,INT,yes,domain.did
academic,domain journal,jid,INT,no,journal.jid
academic,keyword,keyword,TEXT,no,
academic,keyword,kid,INT,yes,
academic,domain keyword,did,INT,yes,domain.did
academic,domain keyword,kid,INT,no,keyword.kid
academic,publication,abstract,TEXT,no,
academic,publication,cid,TEXT,no,conference.cid
academic,publication,citation num,INT,no,
academic,publication,jid,INT,no,journal.jid
academic,publication,pid,INT,yes,
academic,publication,reference num,INT,no,
academic,publication,title,TEXT,no,
academic,publication,year,INT,no,
academic,domain publication,did,INT,yes,domain.did
academic,domain publication,pid,INT,no,publication.pid
academic,organization,continent,TEXT,no,
academic,organization,homepage,TEXT,no,
academic,organization,name,TEXT,no,
academic,organization,oid,INT,yes,
academic,publication keyword,pid,INT,no,publication.pid
academic,publication keyword,kid,INT,yes,keyword.kid
academic,writes,aid,INT,yes,author.aid
academic,writes,pid,INT,no,publication.pid
academic,cite,cited,INT,no,publication.pid
academic,cite,citing,INT,no,publication.pid
department_store,addresses,address id,INT,yes,
department_store,addresses,address details,TEXT,no,
department_store,staff,staff id,INT,yes,
department_store,staff,staff gender,TEXT,no,
department_store,staff,staff name,TEXT,no,
department_store,suppliers,supplier id,INT,yes,
department_store,suppliers,supplier name,TEXT,no,
department_store,suppliers,supplier phone,TEXT,no,
department_store,department store chain,department store chain id,INT,yes,
department_store,department store chain,department store chain name,TEXT,no,
department_store,customers,customer id,INT,yes,
department_store,customers,payment method code,TEXT,no,
department_store,customers,customer code,TEXT,no,
department_store,customers,customer name,TEXT,no,
department_store,customers,customer address,TEXT,no,
department_store,customers,customer phone,TEXT,no,
department_store,customers,customer email,TEXT,no,
department_store,products,product id,INT,yes,
department_store,products,product type code,TEXT,no,
department_store,products,product name,TEXT,no,
department_store,products,product price,INT,no,
department_store,supplier addresses,supplier id,INT,yes,suppliers.supplier id
department_store,supplier addresses,address id,INT,no,addresses.address id
department_store,supplier addresses,date from,TEXT,no,
department_store,supplier addresses,date to,TEXT,no,
department_store,customer addresses,customer id,INT,yes,customers.customer id
department_store,customer addresses,address id,INT,no,addresses.address id
department_store,customer addresses,date from,TEXT,no,
department_store,customer addresses,date to,TEXT,no,
department_store,customer orders,order id,INT,yes,
department_store,customer orders,customer id,INT,no,customers.customer id
department_store,customer orders,order status code,TEXT,no,
department_store,customer orders,order date,TEXT,no,
department_store,department stores,department store id,INT,yes,
department_store,department stores,department store chain id,INT,no,department store chain.department store chain id
department_store,department stores,store name,TEXT,no,
department_store,department stores,store address,TEXT,no,
department_store,department stores,store phone,TEXT,no,
department_store,department stores,store email,TEXT,no,
department_store,departments,department id,INT,yes,
department_store,departments,department store id,INT,no,department stores.department store id
department_store,departments,department name,TEXT,no,
department_store,order items,order item id,INT,yes,
department_store,order items,order id,INT,no,customer orders.order id
department_store,order items,product id,INT,no,products.product id
department_store,product suppliers,product id,INT,yes,products.product id
department_store,product suppliers,supplier id,INT,no,suppliers.supplier id
department_store,product suppliers,date supplied from,TEXT,no,
department_store,product suppliers,date supplied to,TEXT,no,
department_store,product suppliers,total amount purchased,TEXT,no,
department_store,product suppliers,total value purchased,INT,no,
department_store,staff department assignments,staff id,INT,yes,staff.staff id
department_store,staff department assignments,department id,INT,no,departments.department id
department_store,staff department assignments,date assigned from,TEXT,no,
department_store,staff department assignments,job title code,TEXT,no,
department_store,staff department assignments,date assigned to,TEXT,no,
music_4,artist,artist id,INT,yes,
music_4,artist,artist,TEXT,no,
music_4,artist,age,INT,no,
music_4,artist,famous title,TEXT,no,
music_4,artist,famous release date,TEXT,no,
music_4,volume,volume id,INT,yes,
music_4,volume,volume issue,TEXT,no,
music_4,volume,issue date,TEXT,no,
music_4,volume,weeks on top,INT,no,
music_4,volume,song,TEXT,no,
music_4,volume,artist id,INT,no,artist.artist id
music_4,music festival,id,INT,yes,
music_4,music festival,music festival,TEXT,no,
music_4,music festival,date of ceremony,TEXT,no,
music_4,music festival,category,TEXT,no,
music_4,music festival,volume,INT,no,volume.volume id
music_4,music festival,result,TEXT,no,
insurance_fnol,customers,customer id,INT,yes,
insurance_fnol,customers,customer name,TEXT,no,
insurance_fnol,services,service id,INT,yes,
insurance_fnol,services,service name,TEXT,no,
insurance_fnol,available policies,policy id,INT,yes,
insurance_fnol,available policies,policy type code,TEXT,no,
insurance_fnol,available policies,customer phone,TEXT,no,
insurance_fnol,customers policies,customer id,INT,yes,customers.customer id
insurance_fnol,customers policies,policy id,INT,no,available policies.policy id
insurance_fnol,customers policies,date opened,TEXT,no,
insurance_fnol,customers policies,date closed,TEXT,no,
insurance_fnol,first notification of loss,fnol id,INT,yes,
insurance_fnol,first notification of loss,customer id,INT,no,customers policies.customer id
insurance_fnol,first notification of loss,policy id,INT,no,customers policies.policy id
insurance_fnol,first notification of loss,service id,INT,no,services.service id
insurance_fnol,claims,claim id,INT,yes,
insurance_fnol,claims,fnol id,INT,no,first notification of loss.fnol id
insurance_fnol,claims,effective date,TEXT,no,
insurance_fnol,settlements,settlement id,INT,yes,
insurance_fnol,settlements,claim id,INT,no,claims.claim id
insurance_fnol,settlements,effective date,TEXT,no,
insurance_fnol,settlements,settlement amount,INT,no,
cinema,film,film id,INT,yes,
cinema,film,rank in series,INT,no,
cinema,film,number in season,INT,no,
cinema,film,title,TEXT,no,
cinema,film,directed by,TEXT,no,
cinema,film,original air date,TEXT,no,
cinema,film,production code,TEXT,no,
cinema,cinema,cinema id,INT,yes,
cinema,cinema,name,TEXT,no,
cinema,cinema,openning year,INT,no,
cinema,cinema,capacity,INT,no,
cinema,cinema,location,TEXT,no,
cinema,schedule,cinema id,INT,yes,cinema.cinema id
cinema,schedule,film id,INT,no,film.film id
cinema,schedule,date,TEXT,no,
cinema,schedule,show times per day,INT,no,
cinema,schedule,price,INT,no,
decoration_competition,college,college id,INT,yes,
decoration_competition,college,name,TEXT,no,
decoration_competition,college,leader name,TEXT,no,
decoration_competition,college,college location,TEXT,no,
decoration_competition,member,member id,INT,yes,
decoration_competition,member,name,TEXT,no,
decoration_competition,member,country,TEXT,no,
decoration_competition,member,college id,INT,no,college.college id
decoration_competition,round,round id,INT,no,
decoration_competition,round,member id,INT,yes,member.member id
decoration_competition,round,decoration theme,TEXT,no,
decoration_competition,round,rank in round,INT,no,
phone_market,phone,name,TEXT,no,
phone_market,phone,phone id,INT,yes,
phone_market,phone,memory in g,INT,no,
phone_market,phone,carrier,TEXT,no,
phone_market,phone,price,INT,no,
phone_market,market,market id,INT,yes,
phone_market,market,district,TEXT,no,
phone_market,market,num of employees,INT,no,
phone_market,market,num of shops,INT,no,
phone_market,market,ranking,INT,no,
phone_market,phone market,market id,INT,yes,market.market id
phone_market,phone market,phone id,TEXT,no,phone.phone id
phone_market,phone market,num of stock,INT,no,
store_product,product,product id,INT,yes,
store_product,product,product,TEXT,no,
store_product,product,dimensions,TEXT,no,
store_product,product,dpi,INT,no,
store_product,product,pages per minute color,INT,no,
store_product,product,max page size,TEXT,no,
store_product,product,interface,TEXT,no,
store_product,store,store id,INT,yes,
store_product,store,store name,TEXT,no,
store_product,store,type,TEXT,no,
store_product,store,area size,INT,no,
store_product,store,number of product category,INT,no,
store_product,store,ranking,INT,no,
store_product,district,district id,INT,yes,
store_product,district,district name,TEXT,no,
store_product,district,headquartered city,TEXT,no,
store_product,district,city population,INT,no,
store_product,district,city area,INT,no,
store_product,store product,store id,INT,yes,store.store id
store_product,store product,product id,INT,no,
store_product,store district,store id,INT,yes,store.store id
store_product,store district,district id,INT,no,district.district id
assets_maintenance,third party companies,company id,INT,yes,
assets_maintenance,third party companies,company type,TEXT,no,
assets_maintenance,third party companies,company name,TEXT,no,
assets_maintenance,third party companies,company address,TEXT,no,
assets_maintenance,third party companies,other company details,TEXT,no,
assets_maintenance,maintenance contracts,maintenance contract id,INT,yes,
assets_maintenance,maintenance contracts,maintenance contract company id,INT,no,third party companies.company id
assets_maintenance,maintenance contracts,contract start date,TEXT,no,
assets_maintenance,maintenance contracts,contract end date,TEXT,no,
assets_maintenance,maintenance contracts,other contract details,TEXT,no,
assets_maintenance,parts,part id,INT,yes,
assets_maintenance,parts,part name,TEXT,no,
assets_maintenance,parts,chargeable yn,TEXT,no,
assets_maintenance,parts,chargeable amount,TEXT,no,
assets_maintenance,parts,other part details,TEXT,no,
assets_maintenance,skills,skill id,INT,yes,
assets_maintenance,skills,skill code,TEXT,no,
assets_maintenance,skills,skill description,TEXT,no,
assets_maintenance,staff,staff id,INT,yes,
assets_maintenance,staff,staff name,TEXT,no,
assets_maintenance,staff,gender,TEXT,no,
assets_maintenance,staff,other staff details,TEXT,no,
assets_maintenance,assets,asset id,INT,yes,
assets_maintenance,assets,maintenance contract id,INT,no,maintenance contracts.maintenance contract id
assets_maintenance,assets,supplier company id,INT,no,third party companies.company id
assets_maintenance,assets,asset details,TEXT,no,
assets_maintenance,assets,asset make,TEXT,no,
assets_maintenance,assets,asset model,TEXT,no,
assets_maintenance,assets,asset acquired date,TEXT,no,
assets_maintenance,assets,asset disposed date,TEXT,no,
assets_maintenance,assets,other asset details,TEXT,no,
assets_maintenance,asset parts,asset id,INT,no,assets.asset id
assets_maintenance,asset parts,part id,INT,no,parts.part id
assets_maintenance,maintenance engineers,engineer id,INT,yes,
assets_maintenance,maintenance engineers,company id,INT,no,third party companies.company id
assets_maintenance,maintenance engineers,first name,TEXT,no,
assets_maintenance,maintenance engineers,last name,TEXT,no,
assets_maintenance,maintenance engineers,other details,TEXT,no,
assets_maintenance,engineer skills,engineer id,INT,no,maintenance engineers.engineer id
assets_maintenance,engineer skills,skill id,INT,no,skills.skill id
assets_maintenance,fault log,fault log entry id,INT,yes,
assets_maintenance,fault log,asset id,INT,no,assets.asset id
assets_maintenance,fault log,recorded by staff id,INT,no,staff.staff id
assets_maintenance,fault log,fault log entry datetime,TEXT,no,
assets_maintenance,fault log,fault description,TEXT,no,
assets_maintenance,fault log,other fault details,TEXT,no,
assets_maintenance,engineer visits,engineer visit id,INT,yes,
assets_maintenance,engineer visits,contact staff id,INT,no,staff.staff id
assets_maintenance,engineer visits,engineer id,INT,no,maintenance engineers.engineer id
assets_maintenance,engineer visits,fault log entry id,INT,no,fault log.fault log entry id
assets_maintenance,engineer visits,fault status,TEXT,no,
assets_maintenance,engineer visits,visit start datetime,TEXT,no,
assets_maintenance,engineer visits,visit end datetime,TEXT,no,
assets_maintenance,engineer visits,other visit details,TEXT,no,
assets_maintenance,part faults,part fault id,INT,yes,
assets_maintenance,part faults,part id,INT,no,parts.part id
assets_maintenance,part faults,fault short name,TEXT,no,
assets_maintenance,part faults,fault description,TEXT,no,
assets_maintenance,part faults,other fault details,TEXT,no,
assets_maintenance,fault log parts,fault log entry id,INT,no,fault log.fault log entry id
assets_maintenance,fault log parts,part fault id,INT,no,part faults.part fault id
assets_maintenance,fault log parts,fault status,TEXT,no,
assets_maintenance,skills required to fix,part fault id,INT,no,part faults.part fault id
assets_maintenance,skills required to fix,skill id,INT,no,skills.skill id
student_assessment,addresses,address id,INT,yes,
student_assessment,addresses,line 1,TEXT,no,
student_assessment,addresses,line 2,TEXT,no,
student_assessment,addresses,city,TEXT,no,
student_assessment,addresses,zip postcode,TEXT,no,
student_assessment,addresses,state province county,TEXT,no,
student_assessment,addresses,country,TEXT,no,
student_assessment,people,person id,INT,yes,
student_assessment,people,first name,TEXT,no,
student_assessment,people,middle name,TEXT,no,
student_assessment,people,last name,TEXT,no,
student_assessment,people,cell mobile number,TEXT,no,
student_assessment,people,email address,TEXT,no,
student_assessment,people,login name,TEXT,no,
student_assessment,people,password,TEXT,no,
student_assessment,students,student id,INT,yes,people.person id
student_assessment,students,student details,TEXT,no,
student_assessment,courses,course id,TEXT,yes,
student_assessment,courses,course name,TEXT,no,
student_assessment,courses,course description,TEXT,no,
student_assessment,courses,other details,TEXT,no,
student_assessment,people addresses,person address id,INT,yes,
student_assessment,people addresses,person id,INT,no,people.person id
student_assessment,people addresses,address id,INT,no,addresses.address id
student_assessment,people addresses,date from,TEXT,no,
student_assessment,people addresses,date to,TEXT,no,
student_assessment,student course registrations,student id,INT,yes,students.student id
student_assessment,student course registrations,course id,INT,no,courses.course id
student_assessment,student course registrations,registration date,TEXT,no,
student_assessment,student course attendance,student id,INT,yes,student course registrations.student id
student_assessment,student course attendance,course id,INT,no,student course registrations.course id
student_assessment,student course attendance,date of attendance,TEXT,no,
student_assessment,candidates,candidate id,INT,yes,people.person id
student_assessment,candidates,candidate details,TEXT,no,
student_assessment,candidate assessments,candidate id,INT,yes,candidates.candidate id
student_assessment,candidate assessments,qualification,TEXT,no,
student_assessment,candidate assessments,assessment date,TEXT,no,
student_assessment,candidate assessments,asessment outcome code,TEXT,no,
dog_kennels,breeds,breed code,TEXT,yes,
dog_kennels,breeds,breed name,TEXT,no,
dog_kennels,charges,charge id,INT,yes,
dog_kennels,charges,charge type,TEXT,no,
dog_kennels,charges,charge amount,INT,no,
dog_kennels,sizes,size code,TEXT,yes,
dog_kennels,sizes,size description,TEXT,no,
dog_kennels,treatment types,treatment type code,TEXT,yes,
dog_kennels,treatment types,treatment type description,TEXT,no,
dog_kennels,owners,owner id,INT,yes,
dog_kennels,owners,first name,TEXT,no,
dog_kennels,owners,last name,TEXT,no,
dog_kennels,owners,street,TEXT,no,
dog_kennels,owners,city,TEXT,no,
dog_kennels,owners,state,TEXT,no,
dog_kennels,owners,zip code,TEXT,no,
dog_kennels,owners,email address,TEXT,no,
dog_kennels,owners,home phone,TEXT,no,
dog_kennels,owners,cell number,TEXT,no,
dog_kennels,dogs,dog id,INT,yes,
dog_kennels,dogs,owner id,INT,no,owners.owner id
dog_kennels,dogs,abandoned yes or no,TEXT,no,
dog_kennels,dogs,breed code,TEXT,no,breeds.breed code
dog_kennels,dogs,size code,TEXT,no,sizes.size code
dog_kennels,dogs,name,TEXT,no,
dog_kennels,dogs,age,TEXT,no,
dog_kennels,dogs,date of birth,TEXT,no,
dog_kennels,dogs,gender,TEXT,no,
dog_kennels,dogs,weight,TEXT,no,
dog_kennels,dogs,date arrived,TEXT,no,
dog_kennels,dogs,date adopted,TEXT,no,
dog_kennels,dogs,date departed,TEXT,no,
dog_kennels,professionals,professional id,INT,yes,
dog_kennels,professionals,role code,TEXT,no,
dog_kennels,professionals,first name,TEXT,no,
dog_kennels,professionals,street,TEXT,no,
dog_kennels,professionals,city,TEXT,no,
dog_kennels,professionals,state,TEXT,no,
dog_kennels,professionals,zip code,TEXT,no,
dog_kennels,professionals,last name,TEXT,no,
dog_kennels,professionals,email address,TEXT,no,
dog_kennels,professionals,home phone,TEXT,no,
dog_kennels,professionals,cell number,TEXT,no,
dog_kennels,treatments,treatment id,INT,yes,
dog_kennels,treatments,dog id,INT,no,dogs.dog id
dog_kennels,treatments,professional id,INT,no,professionals.professional id
dog_kennels,treatments,treatment type code,TEXT,no,treatment types.treatment type code
dog_kennels,treatments,date of treatment,TEXT,no,
dog_kennels,treatments,cost of treatment,INT,no,
music_1,genre,genre name,TEXT,yes,
music_1,genre,rating,TEXT,no,
music_1,genre,most popular in,TEXT,no,
music_1,artist,artist name,TEXT,yes,
music_1,artist,country,TEXT,no,
music_1,artist,gender,TEXT,no,
music_1,artist,preferred genre,TEXT,no,genre.genre name
music_1,files,song id,INT,yes,
music_1,files,artist name,TEXT,no,artist.artist name
music_1,files,file size,TEXT,no,
music_1,files,duration,TEXT,no,
music_1,files,formats,TEXT,no,
music_1,song,song name,TEXT,yes,
music_1,song,artist name,TEXT,no,artist.artist name
music_1,song,country,TEXT,no,
music_1,song,song id,INT,no,files.song id
music_1,song,genre is,TEXT,no,genre.genre name
music_1,song,rating,INT,no,
music_1,song,languages,TEXT,no,
music_1,song,releasedate,TEXT,no,
music_1,song,resolution,INT,no,
company_employee,people,people id,INT,yes,
company_employee,people,age,INT,no,
company_employee,people,name,TEXT,no,
company_employee,people,nationality,TEXT,no,
company_employee,people,graduation college,TEXT,no,
company_employee,company,company id,INT,yes,
company_employee,company,name,TEXT,no,
company_employee,company,headquarters,TEXT,no,
company_employee,company,industry,TEXT,no,
company_employee,company,sales in billion,INT,no,
company_employee,company,profits in billion,INT,no,
company_employee,company,assets in billion,INT,no,
company_employee,company,market value in billion,INT,no,
company_employee,employment,company id,INT,yes,company.company id
company_employee,employment,people id,INT,no,people.people id
company_employee,employment,year working,INT,no,
farm,city,city id,INT,yes,
farm,city,official name,TEXT,no,
farm,city,status,TEXT,no,
farm,city,area km 2,INT,no,
farm,city,population,INT,no,
farm,city,census ranking,TEXT,no,
farm,farm,farm id,INT,yes,
farm,farm,year,INT,no,
farm,farm,total horses,INT,no,
farm,farm,working horses,INT,no,
farm,farm,total cattle,INT,no,
farm,farm,oxen,INT,no,
farm,farm,bulls,INT,no,
farm,farm,cows,INT,no,
farm,farm,pigs,INT,no,
farm,farm,sheep and goats,INT,no,
farm,farm competition,competition id,INT,yes,
farm,farm competition,year,INT,no,
farm,farm competition,theme,TEXT,no,
farm,farm competition,host city id,INT,no,city.city id
farm,farm competition,hosts,TEXT,no,
farm,competition record,competition id,INT,yes,farm competition.competition id
farm,competition record,farm id,INT,no,farm.farm id
farm,competition record,rank,INT,no,
solvency_ii,addresses,address id,INT,yes,
solvency_ii,addresses,address details,TEXT,no,
solvency_ii,locations,location id,INT,yes,
solvency_ii,locations,other details,TEXT,no,
solvency_ii,products,product id,INT,yes,
solvency_ii,products,product type code,TEXT,no,
solvency_ii,products,product name,TEXT,no,
solvency_ii,products,product price,INT,no,
solvency_ii,parties,party id,INT,yes,
solvency_ii,parties,party details,TEXT,no,
solvency_ii,assets,asset id,INT,yes,
solvency_ii,assets,other details,TEXT,no,
solvency_ii,channels,channel id,INT,yes,
solvency_ii,channels,other details,TEXT,no,
solvency_ii,finances,finance id,INT,yes,
solvency_ii,finances,other details,TEXT,no,
solvency_ii,events,event id,INT,yes,
solvency_ii,events,address id,INT,no,addresses.address id
solvency_ii,events,channel id,INT,no,
solvency_ii,events,event type code,TEXT,no,
solvency_ii,events,finance id,INT,no,finances.finance id
solvency_ii,events,location id,INT,no,locations.location id
solvency_ii,products in events,product in event id,INT,yes,
solvency_ii,products in events,event id,INT,no,events.event id
solvency_ii,products in events,product id,INT,no,products.product id
solvency_ii,parties in events,party id,INT,yes,parties.party id
solvency_ii,parties in events,event id,INT,no,events.event id
solvency_ii,parties in events,role code,TEXT,no,
solvency_ii,agreements,document id,INT,yes,
solvency_ii,agreements,event id,INT,no,events.event id
solvency_ii,assets in events,asset id,INT,yes,
solvency_ii,assets in events,event id,INT,no,events.event id
city_record,city,city id,INT,yes,
city_record,city,city,TEXT,no,
city_record,city,hanzi,TEXT,no,
city_record,city,hanyu pinyin,TEXT,no,
city_record,city,regional population,INT,no,
city_record,city,gdp,INT,no,
city_record,match,match id,INT,yes,
city_record,match,date,TEXT,no,
city_record,match,venue,TEXT,no,
city_record,match,score,TEXT,no,
city_record,match,result,TEXT,no,
city_record,match,competition,TEXT,no,
city_record,temperature,city id,INT,yes,city.city id
city_record,temperature,jan,INT,no,
city_record,temperature,feb,INT,no,
city_record,temperature,mar,INT,no,
city_record,temperature,apr,INT,no,
city_record,temperature,jun,INT,no,
city_record,temperature,jul,INT,no,
city_record,temperature,aug,INT,no,
city_record,temperature,sep,INT,no,
city_record,temperature,oct,INT,no,
city_record,temperature,nov,INT,no,
city_record,temperature,dec,INT,no,
city_record,hosting city,year,INT,yes,
city_record,hosting city,match id,INT,no,match.match id
city_record,hosting city,host city,TEXT,no,city.city id
swimming,swimmer,id,INT,yes,
swimming,swimmer,name,TEXT,no,
swimming,swimmer,nationality,TEXT,no,
swimming,swimmer,meter 100,INT,no,
swimming,swimmer,meter 200,TEXT,no,
swimming,swimmer,meter 300,TEXT,no,
swimming,swimmer,meter 400,TEXT,no,
swimming,swimmer,meter 500,TEXT,no,
swimming,swimmer,meter 600,TEXT,no,
swimming,swimmer,meter 700,TEXT,no,
swimming,swimmer,time,TEXT,no,
swimming,stadium,id,INT,yes,
swimming,stadium,name,TEXT,no,
swimming,stadium,capacity,INT,no,
swimming,stadium,city,TEXT,no,
swimming,stadium,country,TEXT,no,
swimming,stadium,opening year,INT,no,
swimming,event,id,INT,yes,
swimming,event,name,TEXT,no,
swimming,event,stadium id,INT,no,stadium.id
swimming,event,year,TEXT,no,
swimming,record,id,INT,no,
swimming,record,result,TEXT,no,
swimming,record,swimmer id,INT,yes,swimmer.id
swimming,record,event id,INT,no,event.id
flight_2,airlines,airline id,INT,yes,
flight_2,airlines,airline name,TEXT,no,
flight_2,airlines,abbreviation,TEXT,no,
flight_2,airlines,country,TEXT,no,
flight_2,airports,city,TEXT,no,
flight_2,airports,airport code,TEXT,yes,
flight_2,airports,airport name,TEXT,no,
flight_2,airports,country,TEXT,no,
flight_2,airports,country abbrev,TEXT,no,
flight_2,flights,airline,INT,yes,
flight_2,flights,flight number,INT,no,
flight_2,flights,source airport,TEXT,no,airports.airport code
flight_2,flights,destination airport,TEXT,no,airports.airport code
election,county,county id,INT,yes,
election,county,county name,TEXT,no,
election,county,population,INT,no,
election,county,zip code,TEXT,no,
election,party,party id,INT,yes,
election,party,year,INT,no,
election,party,party,TEXT,no,
election,party,governor,TEXT,no,
election,party,lieutenant governor,TEXT,no,
election,party,comptroller,TEXT,no,
election,party,attorney general,TEXT,no,
election,party,us senate,TEXT,no,
election,election,election id,INT,yes,
election,election,counties represented,TEXT,no,
election,election,district,INT,no,county.county id
election,election,delegate,TEXT,no,
election,election,party,INT,no,party.party id
election,election,first elected,INT,no,
election,election,committee,TEXT,no,
manufactory_1,manufacturers,code,INT,yes,
manufactory_1,manufacturers,name,TEXT,no,
manufactory_1,manufacturers,headquarter,TEXT,no,
manufactory_1,manufacturers,founder,TEXT,no,
manufactory_1,manufacturers,revenue,INT,no,
manufactory_1,products,code,INT,yes,
manufactory_1,products,name,TEXT,no,
manufactory_1,products,price,INT,no,
manufactory_1,products,manufacturer,INT,no,manufacturers.code
debate,people,people id,INT,yes,
debate,people,district,TEXT,no,
debate,people,name,TEXT,no,
debate,people,party,TEXT,no,
debate,people,age,INT,no,
debate,debate,debate id,INT,yes,
debate,debate,date,TEXT,no,
debate,debate,venue,TEXT,no,
debate,debate,num of audience,INT,no,
debate,debate people,debate id,INT,yes,debate.debate id
debate,debate people,affirmative,INT,no,people.people id
debate,debate people,negative,INT,no,people.people id
debate,debate people,if affirmative win,TEXT,no,
network_2,person,name,TEXT,yes,
network_2,person,age,INT,no,
network_2,person,city,TEXT,no,
network_2,person,gender,TEXT,no,
network_2,person,job,TEXT,no,
network_2,person friend,name,TEXT,no,person.name
network_2,person friend,friend,TEXT,no,person.name
network_2,person friend,year,INT,no,
local_govt_in_alabama,services,service id,INT,yes,
local_govt_in_alabama,services,service type code,TEXT,no,
local_govt_in_alabama,participants,participant id,INT,yes,
local_govt_in_alabama,participants,participant type code,TEXT,no,
local_govt_in_alabama,participants,participant details,TEXT,no,
local_govt_in_alabama,events,event id,INT,yes,
local_govt_in_alabama,events,service id,INT,no,services.service id
local_govt_in_alabama,events,event details,TEXT,no,
local_govt_in_alabama,participants in events,event id,INT,yes,events.event id
local_govt_in_alabama,participants in events,participant id,INT,no,participants.participant id
climbing,mountain,mountain id,INT,yes,
climbing,mountain,name,TEXT,no,
climbing,mountain,height,INT,no,
climbing,mountain,prominence,INT,no,
climbing,mountain,range,TEXT,no,
climbing,mountain,country,TEXT,no,
climbing,climber,climber id,INT,yes,
climbing,climber,name,TEXT,no,
climbing,climber,country,TEXT,no,
climbing,climber,time,TEXT,no,
climbing,climber,points,INT,no,
climbing,climber,mountain id,INT,no,mountain.mountain id
e_learning,course authors and tutors,author id,INT,yes,
e_learning,course authors and tutors,author tutor atb,TEXT,no,
e_learning,course authors and tutors,login name,TEXT,no,
e_learning,course authors and tutors,password,TEXT,no,
e_learning,course authors and tutors,personal name,TEXT,no,
e_learning,course authors and tutors,middle name,TEXT,no,
e_learning,course authors and tutors,family name,TEXT,no,
e_learning,course authors and tutors,gender mf,TEXT,no,
e_learning,course authors and tutors,address line 1,TEXT,no,
e_learning,students,student id,INT,yes,
e_learning,students,date of registration,TEXT,no,
e_learning,students,date of latest logon,TEXT,no,
e_learning,students,login name,TEXT,no,
e_learning,students,password,TEXT,no,
e_learning,students,personal name,TEXT,no,
e_learning,students,middle name,TEXT,no,
e_learning,students,family name,TEXT,no,
e_learning,subjects,subject id,INT,yes,
e_learning,subjects,subject name,TEXT,no,
e_learning,courses,course id,INT,yes,
e_learning,courses,author id,INT,no,course authors and tutors.author id
e_learning,courses,subject id,INT,no,subjects.subject id
e_learning,courses,course name,TEXT,no,
e_learning,courses,course description,TEXT,no,
e_learning,student course enrolment,registration id,INT,yes,
e_learning,student course enrolment,student id,INT,no,students.student id
e_learning,student course enrolment,course id,INT,no,courses.course id
e_learning,student course enrolment,date of enrolment,TEXT,no,
e_learning,student course enrolment,date of completion,TEXT,no,
e_learning,student tests taken,registration id,INT,no,student course enrolment.registration id
e_learning,student tests taken,date test taken,TEXT,no,
e_learning,student tests taken,test result,TEXT,no,
scientist_1,scientists,ssn,INT,yes,
scientist_1,scientists,name,TEXT,no,
scientist_1,projects,code,TEXT,yes,
scientist_1,projects,name,TEXT,no,
scientist_1,projects,hours,INT,no,
scientist_1,assigned to,scientist,INT,yes,scientists.ssn
scientist_1,assigned to,project,TEXT,no,projects.code
ship_1,captain,captain id,INT,yes,
ship_1,captain,name,TEXT,no,
ship_1,captain,ship id,INT,no,ship.ship id
ship_1,captain,age,TEXT,no,
ship_1,captain,class,TEXT,no,
ship_1,captain,rank,TEXT,no,
ship_1,ship,ship id,INT,yes,
ship_1,ship,name,TEXT,no,
ship_1,ship,type,TEXT,no,
ship_1,ship,built year,INT,no,
ship_1,ship,class,TEXT,no,
ship_1,ship,flag,TEXT,no,
entertainment_awards,festival detail,festival id,INT,yes,
entertainment_awards,festival detail,festival name,TEXT,no,
entertainment_awards,festival detail,chair name,TEXT,no,
entertainment_awards,festival detail,location,TEXT,no,
entertainment_awards,festival detail,year,INT,no,
entertainment_awards,festival detail,num of audience,INT,no,
entertainment_awards,artwork,artwork id,INT,yes,
entertainment_awards,artwork,type,TEXT,no,
entertainment_awards,artwork,name,TEXT,no,
entertainment_awards,nomination,artwork id,INT,yes,artwork.artwork id
entertainment_awards,nomination,festival id,INT,no,festival detail.festival id
entertainment_awards,nomination,result,TEXT,no,
allergy_1,allergy type,allergy name,TEXT,yes,
allergy_1,allergy type,allergy type,TEXT,no,
allergy_1,has allergy,stuid,INT,no,student.stuid
allergy_1,has allergy,allergy,TEXT,no,allergy type.allergy name
allergy_1,student,stuid,INT,yes,
allergy_1,student,last name,TEXT,no,
allergy_1,student,first name,TEXT,no,
allergy_1,student,age,INT,no,
allergy_1,student,sex,TEXT,no,
allergy_1,student,major,INT,no,
allergy_1,student,advisor,INT,no,
allergy_1,student,city code,TEXT,no,
imdb,actor,aid,INT,yes,
imdb,actor,gender,TEXT,no,
imdb,actor,name,TEXT,no,
imdb,actor,nationality,TEXT,no,
imdb,actor,birth city,TEXT,no,
imdb,actor,birth year,INT,no,
imdb,copyright,id,INT,yes,
imdb,copyright,msid,INT,no,
imdb,copyright,cid,INT,no,
imdb,cast,id,INT,yes,
imdb,cast,msid,INT,no,copyright.msid
imdb,cast,aid,INT,no,actor.aid
imdb,cast,role,INT,no,
imdb,genre,gid,INT,yes,
imdb,genre,genre,TEXT,no,
imdb,classification,id,INT,yes,
imdb,classification,msid,INT,no,copyright.msid
imdb,classification,gid,INT,no,genre.gid
imdb,company,id,INT,yes,
imdb,company,name,TEXT,no,
imdb,company,country code,TEXT,no,
imdb,director,did,INT,yes,
imdb,director,gender,TEXT,no,
imdb,director,name,TEXT,no,
imdb,director,nationality,TEXT,no,
imdb,director,birth city,TEXT,no,
imdb,director,birth year,INT,no,
imdb,producer,pid,INT,yes,
imdb,producer,gender,TEXT,no,
imdb,producer,name,TEXT,no,
imdb,producer,nationality,TEXT,no,
imdb,producer,birth city,TEXT,no,
imdb,producer,birth year,INT,no,
imdb,directed by,id,INT,yes,
imdb,directed by,msid,INT,no,copyright.msid
imdb,directed by,did,INT,no,director.did
imdb,keyword,id,INT,yes,
imdb,keyword,keyword,TEXT,no,
imdb,made by,id,INT,yes,
imdb,made by,msid,INT,no,copyright.msid
imdb,made by,pid,INT,no,producer.pid
imdb,movie,mid,INT,yes,
imdb,movie,title,TEXT,no,
imdb,movie,release year,INT,no,
imdb,movie,title aka,TEXT,no,
imdb,movie,budget,TEXT,no,
imdb,tags,id,INT,yes,
imdb,tags,msid,INT,no,copyright.msid
imdb,tags,kid,INT,no,
imdb,tv series,sid,INT,yes,
imdb,tv series,title,TEXT,no,
imdb,tv series,release year,INT,no,
imdb,tv series,num of seasons,INT,no,
imdb,tv series,num of episodes,INT,no,
imdb,tv series,title aka,TEXT,no,
imdb,tv series,budget,TEXT,no,
imdb,writer,wid,INT,yes,
imdb,writer,gender,TEXT,no,
imdb,writer,name,INT,no,
imdb,writer,nationality,INT,no,
imdb,writer,num of episodes,INT,no,
imdb,writer,birth city,TEXT,no,
imdb,writer,birth year,INT,no,
imdb,written by,id,INT,no,
imdb,written by,msid,INT,no,copyright.msid
imdb,written by,wid,INT,no,writer.wid
products_for_hire,discount coupons,coupon id,INT,yes,
products_for_hire,discount coupons,date issued,TEXT,no,
products_for_hire,discount coupons,coupon amount,INT,no,
products_for_hire,customers,customer id,INT,yes,
products_for_hire,customers,coupon id,INT,no,discount coupons.coupon id
products_for_hire,customers,good or bad customer,TEXT,no,
products_for_hire,customers,first name,TEXT,no,
products_for_hire,customers,last name,TEXT,no,
products_for_hire,customers,gender,TEXT,no,
products_for_hire,customers,date became customer,TEXT,no,
products_for_hire,customers,date last hire,TEXT,no,
products_for_hire,bookings,booking id,INT,yes,
products_for_hire,bookings,customer id,INT,no,customers.customer id
products_for_hire,bookings,booking status code,TEXT,no,
products_for_hire,bookings,returned damaged yes or no,TEXT,no,
products_for_hire,bookings,booking start date,TEXT,no,
products_for_hire,bookings,booking end date,TEXT,no,
products_for_hire,bookings,count hired,TEXT,no,
products_for_hire,bookings,amount payable,INT,no,
products_for_hire,bookings,amount of discount,INT,no,
products_for_hire,bookings,amount outstanding,INT,no,
products_for_hire,bookings,amount of refund,INT,no,
products_for_hire,products for hire,product id,INT,yes,
products_for_hire,products for hire,product type code,TEXT,no,
products_for_hire,products for hire,daily hire cost,INT,no,
products_for_hire,products for hire,product name,TEXT,no,
products_for_hire,products for hire,product description,TEXT,no,
products_for_hire,payments,payment id,INT,yes,
products_for_hire,payments,booking id,INT,no,bookings.booking id
products_for_hire,payments,customer id,INT,no,customers.customer id
products_for_hire,payments,payment type code,TEXT,no,
products_for_hire,payments,amount paid in full yn,TEXT,no,
products_for_hire,payments,payment date,TEXT,no,
products_for_hire,payments,amount due,INT,no,
products_for_hire,payments,amount paid,INT,no,
products_for_hire,products booked,booking id,INT,yes,bookings.booking id
products_for_hire,products booked,product id,INT,no,products for hire.product id
products_for_hire,products booked,returned yes or no,TEXT,no,
products_for_hire,products booked,returned late yes or no,TEXT,no,
products_for_hire,products booked,booked count,INT,no,
products_for_hire,products booked,booked amount,INT,no,
products_for_hire,view product availability,product id,INT,no,products for hire.product id
products_for_hire,view product availability,booking id,INT,no,bookings.booking id
products_for_hire,view product availability,status date,TEXT,yes,
products_for_hire,view product availability,available yes or no,TEXT,no,
candidate_poll,candidate,candidate id,INT,yes,
candidate_poll,candidate,people id,INT,no,people.people id
candidate_poll,candidate,poll source,TEXT,no,
candidate_poll,candidate,date,TEXT,no,
candidate_poll,candidate,support rate,INT,no,
candidate_poll,candidate,consider rate,INT,no,
candidate_poll,candidate,oppose rate,INT,no,
candidate_poll,candidate,unsure rate,INT,no,
candidate_poll,people,people id,INT,yes,
candidate_poll,people,sex,TEXT,no,
candidate_poll,people,name,TEXT,no,
candidate_poll,people,date of birth,TEXT,no,
candidate_poll,people,height,INT,no,
candidate_poll,people,weight,INT,no,
chinook_1,album,album id,INT,yes,
chinook_1,album,title,TEXT,no,
chinook_1,album,artist id,INT,no,artist.artist id
chinook_1,artist,artist id,INT,yes,
chinook_1,artist,name,TEXT,no,
chinook_1,customer,customer id,INT,yes,
chinook_1,customer,first name,TEXT,no,
chinook_1,customer,last name,TEXT,no,
chinook_1,customer,company,TEXT,no,
chinook_1,customer,address,TEXT,no,
chinook_1,customer,city,TEXT,no,
chinook_1,customer,state,TEXT,no,
chinook_1,customer,country,TEXT,no,
chinook_1,customer,postal code,TEXT,no,
chinook_1,customer,phone,TEXT,no,
chinook_1,customer,fax,TEXT,no,
chinook_1,customer,email,TEXT,no,
chinook_1,customer,support representative id,INT,no,employee.employee id
chinook_1,employee,employee id,INT,yes,
chinook_1,employee,last name,TEXT,no,
chinook_1,employee,first name,TEXT,no,
chinook_1,employee,title,TEXT,no,
chinook_1,employee,reports to,INT,no,employee.employee id
chinook_1,employee,birth date,TEXT,no,
chinook_1,employee,hire date,TEXT,no,
chinook_1,employee,address,TEXT,no,
chinook_1,employee,city,TEXT,no,
chinook_1,employee,state,TEXT,no,
chinook_1,employee,country,TEXT,no,
chinook_1,employee,postal code,TEXT,no,
chinook_1,employee,phone,TEXT,no,
chinook_1,employee,fax,TEXT,no,
chinook_1,employee,email,TEXT,no,
chinook_1,genre,genre id,INT,yes,
chinook_1,genre,name,TEXT,no,
chinook_1,invoice,invoice id,INT,yes,
chinook_1,invoice,customer id,INT,no,customer.customer id
chinook_1,invoice,invoice date,TEXT,no,
chinook_1,invoice,billing address,TEXT,no,
chinook_1,invoice,billing city,TEXT,no,
chinook_1,invoice,billing state,TEXT,no,
chinook_1,invoice,billing country,TEXT,no,
chinook_1,invoice,billing postal code,TEXT,no,
chinook_1,invoice,total,INT,no,
chinook_1,invoice line,invoice line id,INT,yes,
chinook_1,invoice line,invoice id,INT,no,invoice.invoice id
chinook_1,invoice line,track id,INT,no,track.track id
chinook_1,invoice line,unit price,INT,no,
chinook_1,invoice line,quantity,INT,no,
chinook_1,media type,media type id,INT,yes,
chinook_1,media type,name,TEXT,no,
chinook_1,playlist,play list id,INT,yes,
chinook_1,playlist,name,TEXT,no,
chinook_1,playlist track,play list id,INT,yes,playlist.play list id
chinook_1,playlist track,track id,INT,no,track.track id
chinook_1,track,track id,INT,yes,
chinook_1,track,name,TEXT,no,
chinook_1,track,album id,INT,no,album.album id
chinook_1,track,media type id,INT,no,media type.media type id
chinook_1,track,genre id,INT,no,genre.genre id
chinook_1,track,composer,TEXT,no,
chinook_1,track,milliseconds,INT,no,
chinook_1,track,bytes,INT,no,
chinook_1,track,unit price,INT,no,
flight_4,routes,route id,INT,yes,
flight_4,routes,destination airport id,INT,no,airports.airport id
flight_4,routes,destination airport,TEXT,no,
flight_4,routes,source airport id,INT,no,airports.airport id
flight_4,routes,source airport,TEXT,no,
flight_4,routes,airline id,INT,no,airlines.airline id
flight_4,routes,airline,TEXT,no,
flight_4,routes,code share,TEXT,no,
flight_4,airports,airport id,INT,yes,
flight_4,airports,name,TEXT,no,
flight_4,airports,city,TEXT,no,
flight_4,airports,country,TEXT,no,
flight_4,airports,x,INT,no,
flight_4,airports,y,INT,no,
flight_4,airports,elevation,INT,no,
flight_4,airports,iata,TEXT,no,
flight_4,airports,icao,TEXT,no,
flight_4,airlines,airline id,INT,yes,
flight_4,airlines,name,TEXT,no,
flight_4,airlines,iata,TEXT,no,
flight_4,airlines,icao,TEXT,no,
flight_4,airlines,call sign,TEXT,no,
flight_4,airlines,country,TEXT,no,
flight_4,airlines,active,TEXT,no,
pets_1,student,student id,INT,yes,
pets_1,student,last name,TEXT,no,
pets_1,student,first name,TEXT,no,
pets_1,student,age,INT,no,
pets_1,student,sex,TEXT,no,
pets_1,student,major,INT,no,
pets_1,student,advisor,INT,no,
pets_1,student,city code,TEXT,no,
pets_1,has pet,student id,INT,no,student.student id
pets_1,has pet,pet id,INT,no,pets.pet id
pets_1,pets,pet id,INT,yes,
pets_1,pets,pet type,TEXT,no,
pets_1,pets,pet age,INT,no,
pets_1,pets,weight,INT,no,
dorm_1,student,student id,INT,yes,
dorm_1,student,last name,TEXT,no,
dorm_1,student,first name,TEXT,no,
dorm_1,student,age,INT,no,
dorm_1,student,sex,TEXT,no,
dorm_1,student,major,INT,no,
dorm_1,student,advisor,INT,no,
dorm_1,student,city code,TEXT,no,
dorm_1,dorm,dorm id,INT,no,
dorm_1,dorm,dorm name,TEXT,no,
dorm_1,dorm,student capacity,INT,no,
dorm_1,dorm,gender,TEXT,no,
dorm_1,dorm amenity,amenity id,INT,no,
dorm_1,dorm amenity,amenity name,TEXT,no,
dorm_1,has amenity,dorm id,INT,no,dorm.dorm id
dorm_1,has amenity,amenity id,INT,no,dorm amenity.amenity id
dorm_1,lives in,student id,INT,no,student.student id
dorm_1,lives in,dorm id,INT,no,dorm.dorm id
dorm_1,lives in,room number,INT,no,
journal_committee,journal,journal id,INT,yes,
journal_committee,journal,date,TEXT,no,
journal_committee,journal,theme,TEXT,no,
journal_committee,journal,sales,INT,no,
journal_committee,editor,editor id,INT,yes,
journal_committee,editor,name,TEXT,no,
journal_committee,editor,age,INT,no,
journal_committee,journal committee,editor id,INT,yes,editor.editor id
journal_committee,journal committee,journal id,INT,no,journal.journal id
journal_committee,journal committee,work type,TEXT,no,
flight_1,flight,flight number,INT,yes,
flight_1,flight,origin,TEXT,no,
flight_1,flight,destination,TEXT,no,
flight_1,flight,distance,INT,no,
flight_1,flight,departure date,TEXT,no,
flight_1,flight,arrival date,TEXT,no,
flight_1,flight,price,INT,no,
flight_1,flight,airline id,INT,no,aircraft.airline id
flight_1,aircraft,airline id,INT,yes,
flight_1,aircraft,name,TEXT,no,
flight_1,aircraft,distance,INT,no,
flight_1,employee,employee id,INT,yes,
flight_1,employee,name,TEXT,no,
flight_1,employee,salary,INT,no,
flight_1,certificate,employee id,INT,yes,employee.employee id
flight_1,certificate,airline id,INT,no,aircraft.airline id
medicine_enzyme_interaction,medicine,id,INT,yes,
medicine_enzyme_interaction,medicine,name,TEXT,no,
medicine_enzyme_interaction,medicine,trade name,TEXT,no,
medicine_enzyme_interaction,medicine,fda approved,TEXT,no,
medicine_enzyme_interaction,enzyme,id,INT,yes,
medicine_enzyme_interaction,enzyme,name,TEXT,no,
medicine_enzyme_interaction,enzyme,location,TEXT,no,
medicine_enzyme_interaction,enzyme,product,TEXT,no,
medicine_enzyme_interaction,enzyme,chromosome,TEXT,no,
medicine_enzyme_interaction,enzyme,omim,INT,no,
medicine_enzyme_interaction,enzyme,porphyria,TEXT,no,
medicine_enzyme_interaction,medicine enzyme interaction,enzyme id,INT,yes,enzyme.id
medicine_enzyme_interaction,medicine enzyme interaction,medicine id,INT,no,medicine.id
medicine_enzyme_interaction,medicine enzyme interaction,interaction type,TEXT,no,
local_govt_and_lot,customers,customer id,INT,yes,
local_govt_and_lot,customers,customer details,TEXT,no,
local_govt_and_lot,properties,property id,INT,yes,
local_govt_and_lot,properties,property type code,TEXT,no,
local_govt_and_lot,properties,property address,TEXT,no,
local_govt_and_lot,properties,other details,TEXT,no,
local_govt_and_lot,residents,resident id,INT,yes,
local_govt_and_lot,residents,property id,INT,no,properties.property id
local_govt_and_lot,residents,date moved in,TEXT,no,
local_govt_and_lot,residents,date moved out,TEXT,no,
local_govt_and_lot,residents,other details,TEXT,no,
local_govt_and_lot,organizations,organization id,INT,yes,
local_govt_and_lot,organizations,parent organization id,INT,no,
local_govt_and_lot,organizations,organization details,TEXT,no,
local_govt_and_lot,services,service id,INT,yes,
local_govt_and_lot,services,organization id,INT,no,organizations.organization id
local_govt_and_lot,services,service type code,TEXT,no,
local_govt_and_lot,services,service details,TEXT,no,
local_govt_and_lot,residents services,resident id,INT,yes,residents.resident id
local_govt_and_lot,residents services,service id,INT,no,services.service id
local_govt_and_lot,residents services,date moved in,TEXT,no,residents.date moved in
local_govt_and_lot,residents services,property id,INT,no,residents.property id
local_govt_and_lot,residents services,date requested,TEXT,no,
local_govt_and_lot,residents services,date provided,TEXT,no,
local_govt_and_lot,residents services,other details,TEXT,no,
local_govt_and_lot,things,thing id,INT,yes,
local_govt_and_lot,things,organization id,INT,no,organizations.organization id
local_govt_and_lot,things,type of thing code,TEXT,no,
local_govt_and_lot,things,service type code,TEXT,no,
local_govt_and_lot,things,service details,TEXT,no,
local_govt_and_lot,customer events,customer event id,INT,yes,
local_govt_and_lot,customer events,customer id,INT,no,customers.customer id
local_govt_and_lot,customer events,date moved in,TEXT,no,residents.date moved in
local_govt_and_lot,customer events,property id,INT,no,residents.property id
local_govt_and_lot,customer events,resident id,INT,no,residents.resident id
local_govt_and_lot,customer events,thing id,INT,no,things.thing id
local_govt_and_lot,customer event notes,customer event note id,INT,yes,
local_govt_and_lot,customer event notes,customer event id,INT,no,customer events.customer event id
local_govt_and_lot,customer event notes,service type code,TEXT,no,
local_govt_and_lot,customer event notes,resident id,INT,no,
local_govt_and_lot,customer event notes,property id,INT,no,
local_govt_and_lot,customer event notes,date moved in,TEXT,no,
local_govt_and_lot,timed status of things,thing id,INT,yes,things.thing id
local_govt_and_lot,timed status of things,date and date,TEXT,no,
local_govt_and_lot,timed status of things,status of thing code,TEXT,no,
local_govt_and_lot,timed locations of things,thing id,INT,yes,things.thing id
local_govt_and_lot,timed locations of things,date and time,TEXT,no,
local_govt_and_lot,timed locations of things,location code,TEXT,no,
station_weather,train,id,INT,yes,
station_weather,train,train number,INT,no,
station_weather,train,name,TEXT,no,
station_weather,train,origin,TEXT,no,
station_weather,train,destination,TEXT,no,
station_weather,train,time,TEXT,no,
station_weather,train,interval,TEXT,no,
station_weather,station,id,INT,yes,
station_weather,station,network name,TEXT,no,
station_weather,station,services,TEXT,no,
station_weather,station,local authority,TEXT,no,
station_weather,route,train id,INT,yes,train.id
station_weather,route,station id,INT,no,station.id
station_weather,weekly weather,station id,INT,yes,station.id
station_weather,weekly weather,day of week,TEXT,no,
station_weather,weekly weather,high temperature,INT,no,
station_weather,weekly weather,low temperature,INT,no,
station_weather,weekly weather,precipitation,INT,no,
station_weather,weekly weather,wind speed mph,INT,no,
shop_membership,member,member id,INT,yes,
shop_membership,member,card number,TEXT,no,
shop_membership,member,name,TEXT,no,
shop_membership,member,hometown,TEXT,no,
shop_membership,member,level,INT,no,
shop_membership,branch,branch id,INT,yes,
shop_membership,branch,name,TEXT,no,
shop_membership,branch,open year,TEXT,no,
shop_membership,branch,address road,TEXT,no,
shop_membership,branch,city,TEXT,no,
shop_membership,branch,membership amount,TEXT,no,
shop_membership,membership register branch,member id,INT,yes,member.member id
shop_membership,membership register branch,branch id,TEXT,no,branch.branch id
shop_membership,membership register branch,register year,TEXT,no,
shop_membership,purchase,member id,INT,yes,member.member id
shop_membership,purchase,branch id,TEXT,no,branch.branch id
shop_membership,purchase,year,TEXT,no,
shop_membership,purchase,total pounds,INT,no,
driving_school,addresses,address id,INT,yes,
driving_school,addresses,line 1 number building,TEXT,no,
driving_school,addresses,city,TEXT,no,
driving_school,addresses,zip postcode,TEXT,no,
driving_school,addresses,state province county,TEXT,no,
driving_school,addresses,country,TEXT,no,
driving_school,staff,staff id,INT,yes,
driving_school,staff,staff address id,INT,no,addresses.address id
driving_school,staff,nickname,TEXT,no,
driving_school,staff,first name,TEXT,no,
driving_school,staff,middle name,TEXT,no,
driving_school,staff,last name,TEXT,no,
driving_school,staff,date of birth,TEXT,no,
driving_school,staff,date joined staff,TEXT,no,
driving_school,staff,date left staff,TEXT,no,
driving_school,vehicles,vehicle id,INT,yes,
driving_school,vehicles,vehicle details,TEXT,no,
driving_school,customers,customer id,INT,yes,
driving_school,customers,customer address id,INT,no,addresses.address id
driving_school,customers,customer status code,TEXT,no,
driving_school,customers,date became customer,TEXT,no,
driving_school,customers,date of birth,TEXT,no,
driving_school,customers,first name,TEXT,no,
driving_school,customers,last name,TEXT,no,
driving_school,customers,amount outstanding,INT,no,
driving_school,customers,email address,TEXT,no,
driving_school,customers,phone number,TEXT,no,
driving_school,customers,cell mobile phone number,TEXT,no,
driving_school,customer payments,customer id,INT,yes,customers.customer id
driving_school,customer payments,datetime payment,TEXT,no,
driving_school,customer payments,payment method code,TEXT,no,
driving_school,customer payments,amount payment,INT,no,
driving_school,lessons,lesson id,INT,yes,
driving_school,lessons,customer id,INT,no,customers.customer id
driving_school,lessons,lesson status code,TEXT,no,
driving_school,lessons,staff id,INT,no,staff.staff id
driving_school,lessons,vehicle id,INT,no,vehicles.vehicle id
driving_school,lessons,lesson date,TEXT,no,
driving_school,lessons,lesson time,TEXT,no,
driving_school,lessons,price,INT,no,
concert_singer,stadium,stadium id,INT,yes,
concert_singer,stadium,location,TEXT,no,
concert_singer,stadium,name,TEXT,no,
concert_singer,stadium,capacity,INT,no,
concert_singer,stadium,highest,INT,no,
concert_singer,stadium,lowest,INT,no,
concert_singer,stadium,average,INT,no,
concert_singer,singer,singer id,INT,yes,
concert_singer,singer,name,TEXT,no,
concert_singer,singer,country,TEXT,no,
concert_singer,singer,song name,TEXT,no,
concert_singer,singer,song release year,TEXT,no,
concert_singer,singer,age,INT,no,
concert_singer,singer,is male,TEXT,no,
concert_singer,concert,concert id,INT,yes,
concert_singer,concert,concert name,TEXT,no,
concert_singer,concert,theme,TEXT,no,
concert_singer,concert,stadium id,TEXT,no,stadium.stadium id
concert_singer,concert,year,TEXT,no,
concert_singer,singer in concert,concert id,INT,yes,concert.concert id
concert_singer,singer in concert,singer id,TEXT,no,singer.singer id
music_2,songs,song id,INT,yes,
music_2,songs,title,TEXT,no,
music_2,albums,aid,INT,yes,
music_2,albums,title,TEXT,no,
music_2,albums,year,INT,no,
music_2,albums,label,TEXT,no,
music_2,albums,type,TEXT,no,
music_2,band,id,INT,yes,
music_2,band,first name,TEXT,no,
music_2,band,last name,TEXT,no,
music_2,instruments,song id,INT,yes,songs.song id
music_2,instruments,bandmate id,INT,no,band.id
music_2,instruments,instrument,TEXT,no,
music_2,performance,song id,INT,yes,songs.song id
music_2,performance,bandmate,INT,no,band.id
music_2,performance,stage position,TEXT,no,
music_2,track lists,album id,INT,yes,albums.aid
music_2,track lists,position,INT,no,
music_2,track lists,song id,INT,no,songs.song id
music_2,vocals,song id,INT,yes,songs.song id
music_2,vocals,bandmate,INT,no,band.id
music_2,vocals,type,TEXT,no,
sports_competition,club,club id,INT,yes,
sports_competition,club,name,TEXT,no,
sports_competition,club,region,TEXT,no,
sports_competition,club,start year,TEXT,no,
sports_competition,club rank,rank,INT,yes,
sports_competition,club rank,club id,INT,no,club.club id
sports_competition,club rank,gold,INT,no,
sports_competition,club rank,silver,INT,no,
sports_competition,club rank,bronze,INT,no,
sports_competition,club rank,total,INT,no,
sports_competition,player,player id,INT,yes,
sports_competition,player,name,TEXT,no,
sports_competition,player,position,TEXT,no,
sports_competition,player,club id,INT,no,club.club id
sports_competition,player,apps,INT,no,
sports_competition,player,tries,INT,no,
sports_competition,player,goals,TEXT,no,
sports_competition,player,points,INT,no,
sports_competition,competition,competition id,INT,yes,
sports_competition,competition,year,INT,no,
sports_competition,competition,competition type,TEXT,no,
sports_competition,competition,country,TEXT,no,
sports_competition,competition result,competition id,INT,yes,competition.competition id
sports_competition,competition result,club id 1,INT,no,club.club id
sports_competition,competition result,club id 2,INT,no,club.club id
sports_competition,competition result,score,TEXT,no,
railway,railway,railway id,INT,yes,
railway,railway,railway,TEXT,no,
railway,railway,builder,TEXT,no,
railway,railway,built,TEXT,no,
railway,railway,wheels,TEXT,no,
railway,railway,location,TEXT,no,
railway,railway,objectnumber,TEXT,no,
railway,train,train id,INT,yes,
railway,train,train num,TEXT,no,
railway,train,name,TEXT,no,
railway,train,from,TEXT,no,
railway,train,arrival,TEXT,no,
railway,train,railway id,INT,no,railway.railway id
railway,manager,manager id,INT,yes,
railway,manager,name,TEXT,no,
railway,manager,country,TEXT,no,
railway,manager,working year starts,TEXT,no,
railway,manager,age,INT,no,
railway,manager,level,INT,no,
railway,railway manage,railway id,INT,yes,railway.railway id
railway,railway manage,manager id,INT,no,manager.manager id
railway,railway manage,from year,TEXT,no,
inn_1,rooms,room id,TEXT,yes,
inn_1,rooms,room name,TEXT,no,
inn_1,rooms,beds,INT,no,
inn_1,rooms,bed type,TEXT,no,
inn_1,rooms,max occupancy,INT,no,
inn_1,rooms,base price,INT,no,
inn_1,rooms,decor,TEXT,no,
inn_1,reservations,code,INT,yes,
inn_1,reservations,room,TEXT,no,rooms.room id
inn_1,reservations,check in,TEXT,no,
inn_1,reservations,check out,TEXT,no,
inn_1,reservations,rate,INT,no,
inn_1,reservations,last name,TEXT,no,
inn_1,reservations,first name,TEXT,no,
inn_1,reservations,adults,INT,no,
inn_1,reservations,kids,INT,no,
museum_visit,museum,museum id,INT,yes,
museum_visit,museum,name,TEXT,no,
museum_visit,museum,num of staff,INT,no,
museum_visit,museum,open year,TEXT,no,
museum_visit,customer,customer id,INT,yes,
museum_visit,customer,name,TEXT,no,
museum_visit,customer,level of membership,INT,no,
museum_visit,customer,age,INT,no,
museum_visit,visit,museum id,INT,yes,museum.museum id
museum_visit,visit,customer id,TEXT,no,customer.customer id
museum_visit,visit,num of ticket,INT,no,
museum_visit,visit,total spent,INT,no,
browser_web,web client accelerator,id,INT,yes,
browser_web,web client accelerator,name,TEXT,no,
browser_web,web client accelerator,operating system,TEXT,no,
browser_web,web client accelerator,client,TEXT,no,
browser_web,web client accelerator,connection,TEXT,no,
browser_web,browser,id,INT,yes,
browser_web,browser,name,TEXT,no,
browser_web,browser,market share,INT,no,
browser_web,accelerator compatible browser,accelerator id,INT,yes,web client accelerator.id
browser_web,accelerator compatible browser,browser id,INT,no,browser.id
browser_web,accelerator compatible browser,compatible since year,INT,no,
baseball_1,all star,player id,TEXT,no,player.player id
baseball_1,all star,year,INT,no,
baseball_1,all star,game num,INT,no,
baseball_1,all star,game id,TEXT,no,
baseball_1,all star,team id,TEXT,no,
baseball_1,all star,league id,TEXT,no,
baseball_1,all star,gp,INT,no,
baseball_1,all star,starting pos,INT,no,
baseball_1,appearances,year,INT,no,
baseball_1,appearances,team id,TEXT,no,team.team id
baseball_1,appearances,league id,TEXT,no,
baseball_1,appearances,player id,TEXT,no,player.player id
baseball_1,appearances,g all,INT,no,
baseball_1,appearances,gs,INT,no,
baseball_1,appearances,g batting,INT,no,
baseball_1,appearances,g defense,INT,no,
baseball_1,appearances,g p,INT,no,
baseball_1,appearances,g c,INT,no,
baseball_1,appearances,g 1b,INT,no,
baseball_1,appearances,g 2b,INT,no,
baseball_1,appearances,g 3b,INT,no,
baseball_1,appearances,g ss,INT,no,
baseball_1,appearances,g lf,INT,no,
baseball_1,appearances,g cf,INT,no,
baseball_1,appearances,g rf,INT,no,
baseball_1,appearances,g of,INT,no,
baseball_1,appearances,g dh,INT,no,
baseball_1,appearances,g ph,INT,no,
baseball_1,appearances,g pr,INT,no,
baseball_1,manager award,player id,TEXT,no,player.player id
baseball_1,manager award,award id,TEXT,no,
baseball_1,manager award,year,INT,no,
baseball_1,manager award,league id,TEXT,no,
baseball_1,manager award,tie,TEXT,no,
baseball_1,manager award,notes,INT,no,
baseball_1,player award,player id,TEXT,no,player.player id
baseball_1,player award,award id,TEXT,no,
baseball_1,player award,year,INT,no,
baseball_1,player award,league id,TEXT,no,
baseball_1,player award,tie,TEXT,no,
baseball_1,player award,notes,TEXT,no,
baseball_1,manager award vote,award id,TEXT,no,
baseball_1,manager award vote,year,INT,no,
baseball_1,manager award vote,league id,TEXT,no,
baseball_1,manager award vote,player id,TEXT,no,
baseball_1,manager award vote,points won,INT,no,
baseball_1,manager award vote,points max,INT,no,
baseball_1,manager award vote,votes first,INT,no,
baseball_1,player award vote,award id,TEXT,no,
baseball_1,player award vote,year,INT,no,
baseball_1,player award vote,league id,TEXT,no,
baseball_1,player award vote,player id,TEXT,no,player.player id
baseball_1,player award vote,points won,INT,no,
baseball_1,player award vote,points max,INT,no,
baseball_1,player award vote,votes first,INT,no,
baseball_1,batting,player id,TEXT,no,player.player id
baseball_1,batting,year,INT,no,
baseball_1,batting,stint,INT,no,
baseball_1,batting,team id,TEXT,no,
baseball_1,batting,league id,TEXT,no,
baseball_1,batting,g,INT,no,
baseball_1,batting,ab,INT,no,
baseball_1,batting,r,INT,no,
baseball_1,batting,h,INT,no,
baseball_1,batting,double,INT,no,
baseball_1,batting,triple,INT,no,
baseball_1,batting,hr,INT,no,
baseball_1,batting,rbi,INT,no,
baseball_1,batting,sb,INT,no,
baseball_1,batting,cs,INT,no,
baseball_1,batting,bb,INT,no,
baseball_1,batting,so,INT,no,
baseball_1,batting,ibb,INT,no,
baseball_1,batting,hbp,INT,no,
baseball_1,batting,sh,INT,no,
baseball_1,batting,sf,INT,no,
baseball_1,batting,g idp,INT,no,
baseball_1,batting postseason,year,INT,no,
baseball_1,batting postseason,round,TEXT,no,
baseball_1,batting postseason,player id,TEXT,no,player.player id
baseball_1,batting postseason,team id,TEXT,no,team.team id
baseball_1,batting postseason,league id,TEXT,no,
baseball_1,batting postseason,g,INT,no,
baseball_1,batting postseason,ab,INT,no,
baseball_1,batting postseason,r,INT,no,
baseball_1,batting postseason,h,INT,no,
baseball_1,batting postseason,double,INT,no,
baseball_1,batting postseason,triple,INT,no,
baseball_1,batting postseason,hr,INT,no,
baseball_1,batting postseason,rbi,INT,no,
baseball_1,batting postseason,sb,INT,no,
baseball_1,batting postseason,cs,INT,no,
baseball_1,batting postseason,bb,INT,no,
baseball_1,batting postseason,so,INT,no,
baseball_1,batting postseason,ibb,INT,no,
baseball_1,batting postseason,hbp,INT,no,
baseball_1,batting postseason,sh,INT,no,
baseball_1,batting postseason,sf,INT,no,
baseball_1,batting postseason,g idp,INT,no,
baseball_1,player college,player id,TEXT,no,player.player id
baseball_1,player college,college id,TEXT,no,college.college id
baseball_1,player college,year,INT,no,
baseball_1,fielding,player id,TEXT,no,player.player id
baseball_1,fielding,year,INT,no,
baseball_1,fielding,stint,INT,no,
baseball_1,fielding,team id,TEXT,no,
baseball_1,fielding,league id,TEXT,no,
baseball_1,fielding,pos,TEXT,no,
baseball_1,fielding,g,INT,no,
baseball_1,fielding,gs,INT,no,
baseball_1,fielding,inn outs,INT,no,
baseball_1,fielding,po,INT,no,
baseball_1,fielding,a,INT,no,
baseball_1,fielding,e,INT,no,
baseball_1,fielding,dp,INT,no,
baseball_1,fielding,pb,INT,no,
baseball_1,fielding,wp,INT,no,
baseball_1,fielding,sb,INT,no,
baseball_1,fielding,cs,INT,no,
baseball_1,fielding,zr,INT,no,
baseball_1,fielding outfield,player id,TEXT,no,player.player id
baseball_1,fielding outfield,year,INT,no,
baseball_1,fielding outfield,stint,INT,no,
baseball_1,fielding outfield,glf,INT,no,
baseball_1,fielding outfield,gcf,INT,no,
baseball_1,fielding outfield,grf,INT,no,
baseball_1,fielding postseason,player id,TEXT,no,player.player id
baseball_1,fielding postseason,year,INT,no,
baseball_1,fielding postseason,team id,TEXT,no,
baseball_1,fielding postseason,league id,TEXT,no,
baseball_1,fielding postseason,round,TEXT,no,
baseball_1,fielding postseason,pos,TEXT,no,
baseball_1,fielding postseason,g,INT,no,
baseball_1,fielding postseason,gs,INT,no,
baseball_1,fielding postseason,inn outs,INT,no,
baseball_1,fielding postseason,po,INT,no,
baseball_1,fielding postseason,a,INT,no,
baseball_1,fielding postseason,e,INT,no,
baseball_1,fielding postseason,dp,INT,no,
baseball_1,fielding postseason,tp,INT,no,
baseball_1,fielding postseason,pb,INT,no,
baseball_1,fielding postseason,sb,INT,no,
baseball_1,fielding postseason,cs,INT,no,
baseball_1,hall of fame,player id,TEXT,no,player.player id
baseball_1,hall of fame,yearid,INT,no,
baseball_1,hall of fame,votedby,TEXT,no,
baseball_1,hall of fame,ballots,INT,no,
baseball_1,hall of fame,needed,INT,no,
baseball_1,hall of fame,votes,INT,no,
baseball_1,hall of fame,inducted,TEXT,no,
baseball_1,hall of fame,category,TEXT,no,
baseball_1,hall of fame,needed note,TEXT,no,
baseball_1,home game,year,INT,no,
baseball_1,home game,league id,TEXT,no,
baseball_1,home game,team id,TEXT,no,team.team id
baseball_1,home game,park id,TEXT,no,park.park id
baseball_1,home game,span first,TEXT,no,
baseball_1,home game,span last,TEXT,no,
baseball_1,home game,games,INT,no,
baseball_1,home game,openings,INT,no,
baseball_1,home game,attendance,INT,no,
baseball_1,manager,player id,TEXT,no,
baseball_1,manager,year,INT,no,
baseball_1,manager,team id,TEXT,no,team.team id
baseball_1,manager,league id,TEXT,no,
baseball_1,manager,inseason,INT,no,
baseball_1,manager,g,INT,no,
baseball_1,manager,w,INT,no,
baseball_1,manager,l,INT,no,
baseball_1,manager,rank,INT,no,
baseball_1,manager,plyr mgr,TEXT,no,
baseball_1,manager half,player id,TEXT,no,
baseball_1,manager half,year,INT,no,
baseball_1,manager half,team id,TEXT,no,team.team id
baseball_1,manager half,league id,TEXT,no,
baseball_1,manager half,inseason,INT,no,
baseball_1,manager half,half,INT,no,
baseball_1,manager half,g,INT,no,
baseball_1,manager half,w,INT,no,
baseball_1,manager half,l,INT,no,
baseball_1,manager half,rank,INT,no,
baseball_1,player,player id,TEXT,no,
baseball_1,player,birth year,INT,no,
baseball_1,player,birth month,INT,no,
baseball_1,player,birth day,INT,no,
baseball_1,player,birth country,TEXT,no,
baseball_1,player,birth state,TEXT,no,
baseball_1,player,birth city,TEXT,no,
baseball_1,player,death year,INT,no,
baseball_1,player,death month,INT,no,
baseball_1,player,death day,INT,no,
baseball_1,player,death country,TEXT,no,
baseball_1,player,death state,TEXT,no,
baseball_1,player,death city,TEXT,no,
baseball_1,player,name first,TEXT,no,
baseball_1,player,name last,TEXT,no,
baseball_1,player,name given,TEXT,no,
baseball_1,player,weight,INT,no,
baseball_1,player,height,INT,no,
baseball_1,player,bats,TEXT,no,
baseball_1,player,throws,TEXT,no,
baseball_1,player,debut,TEXT,no,
baseball_1,player,final game,TEXT,no,
baseball_1,player,retro id,TEXT,no,
baseball_1,player,bbref id,TEXT,no,
baseball_1,park,park id,TEXT,no,
baseball_1,park,park name,TEXT,no,
baseball_1,park,park alias,TEXT,no,
baseball_1,park,city,TEXT,no,
baseball_1,park,state,TEXT,no,
baseball_1,park,country,TEXT,no,
baseball_1,pitching,player id,TEXT,no,
baseball_1,pitching,year,INT,no,
baseball_1,pitching,stint,INT,no,
baseball_1,pitching,team id,TEXT,no,
baseball_1,pitching,league id,TEXT,no,
baseball_1,pitching,w,INT,no,
baseball_1,pitching,l,INT,no,
baseball_1,pitching,g,INT,no,
baseball_1,pitching,gs,INT,no,
baseball_1,pitching,cg,INT,no,
baseball_1,pitching,sho,INT,no,
baseball_1,pitching,sv,INT,no,
baseball_1,pitching,ipouts,INT,no,
baseball_1,pitching,h,INT,no,
baseball_1,pitching,er,INT,no,
baseball_1,pitching,hr,INT,no,
baseball_1,pitching,bb,INT,no,
baseball_1,pitching,so,INT,no,
baseball_1,pitching,baopp,INT,no,
baseball_1,pitching,era,INT,no,
baseball_1,pitching,ibb,INT,no,
baseball_1,pitching,wp,INT,no,
baseball_1,pitching,hbp,INT,no,
baseball_1,pitching,bk,INT,no,
baseball_1,pitching,bfp,INT,no,
baseball_1,pitching,gf,INT,no,
baseball_1,pitching,r,INT,no,
baseball_1,pitching,sh,INT,no,
baseball_1,pitching,sf,INT,no,
baseball_1,pitching,g idp,INT,no,
baseball_1,pitching postseason,player id,TEXT,no,
baseball_1,pitching postseason,year,INT,no,
baseball_1,pitching postseason,round,TEXT,no,
baseball_1,pitching postseason,team id,TEXT,no,
baseball_1,pitching postseason,league id,TEXT,no,
baseball_1,pitching postseason,w,INT,no,
baseball_1,pitching postseason,l,INT,no,
baseball_1,pitching postseason,g,INT,no,
baseball_1,pitching postseason,gs,INT,no,
baseball_1,pitching postseason,cg,INT,no,
baseball_1,pitching postseason,sho,INT,no,
baseball_1,pitching postseason,sv,INT,no,
baseball_1,pitching postseason,ipouts,INT,no,
baseball_1,pitching postseason,h,INT,no,
baseball_1,pitching postseason,er,INT,no,
baseball_1,pitching postseason,hr,INT,no,
baseball_1,pitching postseason,bb,INT,no,
baseball_1,pitching postseason,so,INT,no,
baseball_1,pitching postseason,baopp,TEXT,no,
baseball_1,pitching postseason,era,INT,no,
baseball_1,pitching postseason,ibb,INT,no,
baseball_1,pitching postseason,wp,INT,no,
baseball_1,pitching postseason,hbp,INT,no,
baseball_1,pitching postseason,bk,INT,no,
baseball_1,pitching postseason,bfp,INT,no,
baseball_1,pitching postseason,gf,INT,no,
baseball_1,pitching postseason,r,INT,no,
baseball_1,pitching postseason,sh,INT,no,
baseball_1,pitching postseason,sf,INT,no,
baseball_1,pitching postseason,g idp,INT,no,
baseball_1,salary,year,INT,no,
baseball_1,salary,team id,TEXT,no,
baseball_1,salary,league id,TEXT,no,
baseball_1,salary,player id,TEXT,no,
baseball_1,salary,salary,INT,no,
baseball_1,college,college id,TEXT,no,
baseball_1,college,name full,TEXT,no,
baseball_1,college,city,TEXT,no,
baseball_1,college,state,TEXT,no,
baseball_1,college,country,TEXT,no,
baseball_1,postseason,year,INT,no,
baseball_1,postseason,round,TEXT,no,
baseball_1,postseason,team id winner,TEXT,no,
baseball_1,postseason,league id winner,TEXT,no,
baseball_1,postseason,team id loser,TEXT,no,
baseball_1,postseason,league id loser,TEXT,no,
baseball_1,postseason,wins,INT,no,
baseball_1,postseason,losses,INT,no,
baseball_1,postseason,ties,INT,no,
baseball_1,team,year,INT,no,
baseball_1,team,league id,TEXT,no,
baseball_1,team,team id,TEXT,no,
baseball_1,team,franchise id,TEXT,no,
baseball_1,team,div id,TEXT,no,
baseball_1,team,rank,INT,no,
baseball_1,team,g,INT,no,
baseball_1,team,ghome,INT,no,
baseball_1,team,w,INT,no,
baseball_1,team,l,INT,no,
baseball_1,team,div win,TEXT,no,
baseball_1,team,wc win,TEXT,no,
baseball_1,team,lg win,TEXT,no,
baseball_1,team,ws win,TEXT,no,
baseball_1,team,r,INT,no,
baseball_1,team,ab,INT,no,
baseball_1,team,h,INT,no,
baseball_1,team,double,INT,no,
baseball_1,team,triple,INT,no,
baseball_1,team,hr,INT,no,
baseball_1,team,bb,INT,no,
baseball_1,team,so,INT,no,
baseball_1,team,sb,INT,no,
baseball_1,team,cs,INT,no,
baseball_1,team,hbp,INT,no,
baseball_1,team,sf,INT,no,
baseball_1,team,ra,INT,no,
baseball_1,team,er,INT,no,
baseball_1,team,era,INT,no,
baseball_1,team,cg,INT,no,
baseball_1,team,sho,INT,no,
baseball_1,team,sv,INT,no,
baseball_1,team,ipouts,INT,no,
baseball_1,team,ha,INT,no,
baseball_1,team,hra,INT,no,
baseball_1,team,bba,INT,no,
baseball_1,team,soa,INT,no,
baseball_1,team,e,INT,no,
baseball_1,team,dp,INT,no,
baseball_1,team,fp,INT,no,
baseball_1,team,name,TEXT,no,
baseball_1,team,park,TEXT,no,
baseball_1,team,attendance,INT,no,
baseball_1,team,bpf,INT,no,
baseball_1,team,ppf,INT,no,
baseball_1,team,team id br,TEXT,no,
baseball_1,team,team id lahman45,TEXT,no,
baseball_1,team,team id retro,TEXT,no,
baseball_1,team franchise,franchise id,TEXT,no,
baseball_1,team franchise,franchise name,TEXT,no,
baseball_1,team franchise,active,TEXT,no,
baseball_1,team franchise,na assoc,TEXT,no,
baseball_1,team half,year,INT,no,
baseball_1,team half,league id,TEXT,no,
baseball_1,team half,team id,TEXT,no,
baseball_1,team half,half,INT,no,
baseball_1,team half,div id,TEXT,no,
baseball_1,team half,div win,TEXT,no,
baseball_1,team half,rank,INT,no,
baseball_1,team half,g,INT,no,
baseball_1,team half,w,INT,no,
baseball_1,team half,l,INT,no,
architecture,architect,id,TEXT,yes,
architecture,architect,name,TEXT,no,
architecture,architect,nationality,TEXT,no,
architecture,architect,gender,TEXT,no,
architecture,bridge,architect id,INT,no,architect.id
architecture,bridge,id,INT,yes,
architecture,bridge,name,TEXT,no,
architecture,bridge,location,TEXT,no,
architecture,bridge,length meters,INT,no,
architecture,bridge,length feet,INT,no,
architecture,mill,architect id,INT,no,architect.id
architecture,mill,id,INT,yes,
architecture,mill,location,TEXT,no,
architecture,mill,name,TEXT,no,
architecture,mill,type,TEXT,no,
architecture,mill,built year,INT,no,
architecture,mill,notes,TEXT,no,
csu_1,campuses,id,INT,yes,
csu_1,campuses,campus,TEXT,no,
csu_1,campuses,location,TEXT,no,
csu_1,campuses,county,TEXT,no,
csu_1,campuses,year,INT,no,
csu_1,csu fees,campus,INT,yes,campuses.id
csu_1,csu fees,year,INT,no,
csu_1,csu fees,campus fee,INT,no,
csu_1,degrees,year,INT,yes,
csu_1,degrees,campus,INT,no,campuses.id
csu_1,degrees,degrees,INT,no,
csu_1,discipline enrollments,campus,INT,yes,campuses.id
csu_1,discipline enrollments,discipline,INT,no,
csu_1,discipline enrollments,year,INT,no,
csu_1,discipline enrollments,undergraduate,INT,no,
csu_1,discipline enrollments,graduate,INT,no,
csu_1,enrollments,campus,INT,yes,campuses.id
csu_1,enrollments,year,INT,no,
csu_1,enrollments,totalenrollment ay,INT,no,
csu_1,enrollments,fte ay,INT,no,
csu_1,faculty,campus,INT,no,campuses.id
csu_1,faculty,year,INT,no,
csu_1,faculty,faculty,INT,no,
tracking_orders,customers,customer id,INT,yes,
tracking_orders,customers,customer name,TEXT,no,
tracking_orders,customers,customer details,TEXT,no,
tracking_orders,invoices,invoice number,INT,yes,
tracking_orders,invoices,invoice date,TEXT,no,
tracking_orders,invoices,invoice details,TEXT,no,
tracking_orders,orders,order id,INT,yes,
tracking_orders,orders,customer id,INT,no,customers.customer id
tracking_orders,orders,order status,TEXT,no,
tracking_orders,orders,date order placed,TEXT,no,
tracking_orders,orders,order details,TEXT,no,
tracking_orders,products,product id,INT,yes,
tracking_orders,products,product name,TEXT,no,
tracking_orders,products,product details,TEXT,no,
tracking_orders,order items,order item id,INT,yes,
tracking_orders,order items,product id,INT,no,products.product id
tracking_orders,order items,order id,INT,no,orders.order id
tracking_orders,order items,order item status,TEXT,no,
tracking_orders,order items,order item details,TEXT,no,
tracking_orders,shipments,shipment id,INT,yes,
tracking_orders,shipments,order id,INT,no,orders.order id
tracking_orders,shipments,invoice number,INT,no,invoices.invoice number
tracking_orders,shipments,shipment tracking number,TEXT,no,
tracking_orders,shipments,shipment date,TEXT,no,
tracking_orders,shipments,other shipment details,TEXT,no,
tracking_orders,shipment items,shipment id,INT,no,shipments.shipment id
tracking_orders,shipment items,order item id,INT,no,order items.order item id
insurance_policies,customers,customer id,INT,yes,
insurance_policies,customers,customer details,TEXT,no,
insurance_policies,customer policies,policy id,INT,yes,
insurance_policies,customer policies,customer id,INT,no,customers.customer id
insurance_policies,customer policies,policy type code,TEXT,no,
insurance_policies,customer policies,start date,TEXT,no,
insurance_policies,customer policies,end date,TEXT,no,
insurance_policies,claims,claim id,INT,yes,
insurance_policies,claims,policy id,INT,no,customer policies.policy id
insurance_policies,claims,date claim made,TEXT,no,
insurance_policies,claims,date claim settled,TEXT,no,
insurance_policies,claims,amount claimed,INT,no,
insurance_policies,claims,amount settled,INT,no,
insurance_policies,settlements,settlement id,INT,yes,
insurance_policies,settlements,claim id,INT,no,claims.claim id
insurance_policies,settlements,date claim made,TEXT,no,
insurance_policies,settlements,date claim settled,TEXT,no,
insurance_policies,settlements,amount claimed,INT,no,
insurance_policies,settlements,amount settled,INT,no,
insurance_policies,settlements,customer policy id,INT,no,
insurance_policies,payments,payment id,INT,yes,
insurance_policies,payments,settlement id,INT,no,settlements.settlement id
insurance_policies,payments,payment method code,TEXT,no,
insurance_policies,payments,date payment made,TEXT,no,
insurance_policies,payments,amount payment,INT,no,
gas_company,company,company id,INT,yes,
gas_company,company,rank,INT,no,
gas_company,company,company,TEXT,no,
gas_company,company,headquarters,TEXT,no,
gas_company,company,main industry,TEXT,no,
gas_company,company,sales billion,INT,no,
gas_company,company,profits billion,INT,no,
gas_company,company,assets billion,INT,no,
gas_company,company,market value,INT,no,
gas_company,gas station,station id,INT,yes,
gas_company,gas station,open year,INT,no,
gas_company,gas station,location,TEXT,no,
gas_company,gas station,manager name,TEXT,no,
gas_company,gas station,vice manager name,TEXT,no,
gas_company,gas station,representative name,TEXT,no,
gas_company,station company,station id,INT,yes,gas station.station id
gas_company,station company,company id,INT,no,company.company id
gas_company,station company,rank of the year,INT,no,
e_government,addresses,address id,INT,yes,
e_government,addresses,line 1 number building,TEXT,no,
e_government,addresses,town city,TEXT,no,
e_government,addresses,zip postcode,TEXT,no,
e_government,addresses,state province county,TEXT,no,
e_government,addresses,country,TEXT,no,
e_government,services,service id,INT,yes,
e_government,services,service type code,TEXT,no,
e_government,services,service name,TEXT,no,
e_government,services,service descriptio,TEXT,no,
e_government,forms,form id,INT,yes,
e_government,forms,form type code,TEXT,no,
e_government,forms,service id,INT,no,services.service id
e_government,forms,form number,TEXT,no,
e_government,forms,form name,TEXT,no,
e_government,forms,form description,TEXT,no,
e_government,individuals,individual id,INT,yes,
e_government,individuals,individual first name,TEXT,no,
e_government,individuals,individual middle name,TEXT,no,
e_government,individuals,inidividual phone,TEXT,no,
e_government,individuals,individual email,TEXT,no,
e_government,individuals,individual address,TEXT,no,
e_government,individuals,individual last name,TEXT,no,
e_government,organizations,organization id,INT,yes,
e_government,organizations,date formed,TEXT,no,
e_government,organizations,organization name,TEXT,no,
e_government,organizations,uk vat number,TEXT,no,
e_government,parties,party id,INT,yes,
e_government,parties,payment method code,TEXT,no,
e_government,parties,party phone,TEXT,no,
e_government,parties,party email,TEXT,no,
e_government,organization contact individuals,individual id,INT,yes,individuals.individual id
e_government,organization contact individuals,organization id,INT,no,organizations.organization id
e_government,organization contact individuals,date contact from,TEXT,no,
e_government,organization contact individuals,date contact to,TEXT,no,
e_government,party addresses,party id,INT,yes,parties.party id
e_government,party addresses,address id,INT,no,addresses.address id
e_government,party addresses,date address from,TEXT,no,
e_government,party addresses,address type code,TEXT,no,
e_government,party addresses,date address to,TEXT,no,
e_government,party forms,party id,INT,yes,parties.party id
e_government,party forms,form id,INT,no,forms.form id
e_government,party forms,date completion started,TEXT,no,
e_government,party forms,form status code,TEXT,no,
e_government,party forms,date fully completed,TEXT,no,
e_government,party services,booking id,INT,no,
e_government,party services,customer id,INT,no,parties.party id
e_government,party services,service id,INT,no,services.service id
e_government,party services,service datetime,TEXT,no,
e_government,party services,booking made date,TEXT,no,
school_bus,driver,driver id,INT,yes,
school_bus,driver,name,TEXT,no,
school_bus,driver,party,TEXT,no,
school_bus,driver,home city,TEXT,no,
school_bus,driver,age,INT,no,
school_bus,school,school id,INT,yes,
school_bus,school,grade,TEXT,no,
school_bus,school,school,TEXT,no,
school_bus,school,location,TEXT,no,
school_bus,school,type,TEXT,no,
school_bus,school bus,school id,INT,yes,school.school id
school_bus,school bus,driver id,INT,no,driver.driver id
school_bus,school bus,years working,INT,no,
school_bus,school bus,if full time,TEXT,no,
machine_repair,repair,repair id,INT,yes,
machine_repair,repair,name,TEXT,no,
machine_repair,repair,launch date,TEXT,no,
machine_repair,repair,notes,TEXT,no,
machine_repair,machine,machine id,INT,yes,
machine_repair,machine,making year,INT,no,
machine_repair,machine,class,TEXT,no,
machine_repair,machine,team,TEXT,no,
machine_repair,machine,machine series,TEXT,no,
machine_repair,machine,value points,INT,no,
machine_repair,machine,quality rank,INT,no,
machine_repair,technician,technician id,INT,yes,
machine_repair,technician,name,TEXT,no,
machine_repair,technician,team,TEXT,no,
machine_repair,technician,starting year,INT,no,
machine_repair,technician,age,INT,no,
machine_repair,repair assignment,technician id,INT,yes,technician.technician id
machine_repair,repair assignment,repair id,INT,no,repair.repair id
machine_repair,repair assignment,machine id,INT,no,machine.machine id
theme_gallery,artist,artist id,INT,yes,
theme_gallery,artist,name,TEXT,no,
theme_gallery,artist,country,TEXT,no,
theme_gallery,artist,year join,INT,no,
theme_gallery,artist,age,INT,no,
theme_gallery,exhibition,exhibition id,INT,yes,
theme_gallery,exhibition,year,INT,no,
theme_gallery,exhibition,theme,TEXT,no,
theme_gallery,exhibition,artist id,INT,no,artist.artist id
theme_gallery,exhibition,ticket price,INT,no,
theme_gallery,exhibition record,exhibition id,INT,yes,exhibition.exhibition id
theme_gallery,exhibition record,date,TEXT,no,
theme_gallery,exhibition record,attendance,INT,no,
film_rank,film,film id,INT,yes,
film_rank,film,title,TEXT,no,
film_rank,film,studio,TEXT,no,
film_rank,film,director,TEXT,no,
film_rank,film,gross in dollar,INT,no,
film_rank,market,market id,INT,yes,
film_rank,market,country,TEXT,no,
film_rank,market,number cities,INT,no,
film_rank,film market estimation,estimation id,INT,yes,
film_rank,film market estimation,low estimate,INT,no,
film_rank,film market estimation,high estimate,INT,no,
film_rank,film market estimation,film id,INT,no,film.film id
film_rank,film market estimation,type,TEXT,no,
film_rank,film market estimation,market id,INT,no,market.market id
film_rank,film market estimation,year,INT,no,
party_people,region,region id,INT,yes,
party_people,region,region name,TEXT,no,
party_people,region,date,TEXT,no,
party_people,region,label,TEXT,no,
party_people,region,format,TEXT,no,
party_people,region,catalogue,TEXT,no,
party_people,party,party id,INT,yes,
party_people,party,minister,TEXT,no,
party_people,party,took office,TEXT,no,
party_people,party,left office,TEXT,no,
party_people,party,region id,INT,no,region.region id
party_people,party,party name,TEXT,no,
party_people,member,member id,INT,yes,
party_people,member,member name,TEXT,no,
party_people,member,party id,TEXT,no,party.party id
party_people,member,in office,TEXT,no,
party_people,party events,event id,INT,yes,
party_people,party events,event name,TEXT,no,
party_people,party events,party id,INT,no,party.party id
party_people,party events,member in charge id,INT,no,member.member id
hospital_1,physician,employee id,INT,yes,
hospital_1,physician,name,TEXT,no,
hospital_1,physician,position,TEXT,no,
hospital_1,physician,ssn,INT,no,
hospital_1,department,departmentid,INT,yes,
hospital_1,department,name,TEXT,no,
hospital_1,department,head,INT,no,physician.employee id
hospital_1,affiliated with,physician,INT,yes,physician.employee id
hospital_1,affiliated with,department,INT,no,department.departmentid
hospital_1,affiliated with,primary affiliation,INT,no,
hospital_1,procedures,code,INT,yes,
hospital_1,procedures,name,TEXT,no,
hospital_1,procedures,cost,INT,no,
hospital_1,trained in,physician,INT,yes,physician.employee id
hospital_1,trained in,treatment,INT,no,procedures.code
hospital_1,trained in,certification date,TEXT,no,
hospital_1,trained in,certification expires,TEXT,no,
hospital_1,patient,ssn,INT,yes,
hospital_1,patient,name,TEXT,no,
hospital_1,patient,address,TEXT,no,
hospital_1,patient,phone,TEXT,no,
hospital_1,patient,insurance id,INT,no,
hospital_1,patient,pcp,INT,no,physician.employee id
hospital_1,nurse,employee id,INT,yes,
hospital_1,nurse,name,TEXT,no,
hospital_1,nurse,position,TEXT,no,
hospital_1,nurse,registered,INT,no,
hospital_1,nurse,ssn,INT,no,
hospital_1,appointment,appointment id,INT,yes,
hospital_1,appointment,patient,INT,no,patient.ssn
hospital_1,appointment,prep nurse,INT,no,nurse.employee id
hospital_1,appointment,physician,INT,no,physician.employee id
hospital_1,appointment,start,TEXT,no,
hospital_1,appointment,end,TEXT,no,
hospital_1,appointment,examination room,TEXT,no,
hospital_1,medication,code,INT,yes,
hospital_1,medication,name,TEXT,no,
hospital_1,medication,brand,TEXT,no,
hospital_1,medication,description,TEXT,no,
hospital_1,prescribes,physician,INT,yes,physician.employee id
hospital_1,prescribes,patient,INT,no,patient.ssn
hospital_1,prescribes,medication,INT,no,medication.code
hospital_1,prescribes,date,TEXT,no,
hospital_1,prescribes,appointment,INT,no,appointment.appointment id
hospital_1,prescribes,dose,TEXT,no,
hospital_1,block,block floor,INT,yes,
hospital_1,block,block code,INT,no,
hospital_1,room,roomnumber,INT,yes,
hospital_1,room,room type,TEXT,no,
hospital_1,room,block floor,INT,no,block.block floor
hospital_1,room,block code,INT,no,block.block code
hospital_1,room,unavailable,INT,no,
hospital_1,on call,nurse,INT,yes,nurse.employee id
hospital_1,on call,block floor,INT,no,block.block floor
hospital_1,on call,block code,INT,no,block.block code
hospital_1,on call,oncall start,TEXT,no,
hospital_1,on call,oncall end,TEXT,no,
hospital_1,stay,stay id,INT,yes,
hospital_1,stay,patient,INT,no,patient.ssn
hospital_1,stay,room,INT,no,room.roomnumber
hospital_1,stay,stay start,TEXT,no,
hospital_1,stay,stay end,TEXT,no,
hospital_1,undergoes,patient,INT,yes,patient.ssn
hospital_1,undergoes,procedures,INT,no,procedures.code
hospital_1,undergoes,stay,INT,no,stay.stay id
hospital_1,undergoes,date undergoes,TEXT,no,
hospital_1,undergoes,physician,INT,no,physician.employee id
hospital_1,undergoes,assisting nurse,INT,no,nurse.employee id
customers_campaigns_ecommerce,premises,premise id,INT,yes,
customers_campaigns_ecommerce,premises,premises type,TEXT,no,
customers_campaigns_ecommerce,premises,premise details,TEXT,no,
customers_campaigns_ecommerce,products,product id,INT,yes,
customers_campaigns_ecommerce,products,product category,TEXT,no,
customers_campaigns_ecommerce,products,product name,TEXT,no,
customers_campaigns_ecommerce,customers,customer id,INT,yes,
customers_campaigns_ecommerce,customers,payment method,TEXT,no,
customers_campaigns_ecommerce,customers,customer name,TEXT,no,
customers_campaigns_ecommerce,customers,customer phone,TEXT,no,
customers_campaigns_ecommerce,customers,customer email,TEXT,no,
customers_campaigns_ecommerce,customers,customer address,TEXT,no,
customers_campaigns_ecommerce,customers,customer login,TEXT,no,
customers_campaigns_ecommerce,customers,customer password,TEXT,no,
customers_campaigns_ecommerce,mailshot campaigns,mailshot id,INT,yes,
customers_campaigns_ecommerce,mailshot campaigns,product category,TEXT,no,
customers_campaigns_ecommerce,mailshot campaigns,mailshot name,TEXT,no,
customers_campaigns_ecommerce,mailshot campaigns,mailshot start date,TEXT,no,
customers_campaigns_ecommerce,mailshot campaigns,mailshot end date,TEXT,no,
customers_campaigns_ecommerce,customer addresses,customer id,INT,no,customers.customer id
customers_campaigns_ecommerce,customer addresses,premise id,INT,no,premises.premise id
customers_campaigns_ecommerce,customer addresses,date address from,TEXT,no,
customers_campaigns_ecommerce,customer addresses,address type code,TEXT,no,
customers_campaigns_ecommerce,customer addresses,date address to,TEXT,no,
customers_campaigns_ecommerce,customer orders,order id,INT,yes,
customers_campaigns_ecommerce,customer orders,customer id,INT,no,customers.customer id
customers_campaigns_ecommerce,customer orders,order status code,TEXT,no,
customers_campaigns_ecommerce,customer orders,shipping method code,TEXT,no,
customers_campaigns_ecommerce,customer orders,order placed datetime,TEXT,no,
customers_campaigns_ecommerce,customer orders,order delivered datetime,TEXT,no,
customers_campaigns_ecommerce,customer orders,order shipping charges,TEXT,no,
customers_campaigns_ecommerce,mailshot customers,mailshot id,INT,no,mailshot campaigns.mailshot id
customers_campaigns_ecommerce,mailshot customers,customer id,INT,no,customers.customer id
customers_campaigns_ecommerce,mailshot customers,outcome code,TEXT,no,
customers_campaigns_ecommerce,mailshot customers,mailshot customer date,TEXT,no,
customers_campaigns_ecommerce,order items,item id,INT,no,
customers_campaigns_ecommerce,order items,order item status code,TEXT,no,
customers_campaigns_ecommerce,order items,order id,INT,no,customer orders.order id
customers_campaigns_ecommerce,order items,product id,INT,no,products.product id
customers_campaigns_ecommerce,order items,item status code,TEXT,no,
customers_campaigns_ecommerce,order items,item delivered datetime,TEXT,no,
customers_campaigns_ecommerce,order items,item order quantity,TEXT,no,
gymnast,gymnast,gymnast id,INT,yes,people.people id
gymnast,gymnast,floor exercise points,INT,no,
gymnast,gymnast,pommel horse points,INT,no,
gymnast,gymnast,rings points,INT,no,
gymnast,gymnast,vault points,INT,no,
gymnast,gymnast,parallel bars points,INT,no,
gymnast,gymnast,horizontal bar points,INT,no,
gymnast,gymnast,total points,INT,no,
gymnast,people,people id,INT,yes,
gymnast,people,name,TEXT,no,
gymnast,people,age,INT,no,
gymnast,people,height,INT,no,
gymnast,people,hometown,TEXT,no,
restaurants,geographic,city name,TEXT,yes,
restaurants,geographic,county,TEXT,no,
restaurants,geographic,region,TEXT,no,
restaurants,restaurant,id,INT,yes,
restaurants,restaurant,name,TEXT,no,
restaurants,restaurant,food type,TEXT,no,
restaurants,restaurant,city name,TEXT,no,geographic.city name
restaurants,restaurant,rating,INT,no,
restaurants,location,restaurant id,INT,yes,
restaurants,location,house number,INT,no,
restaurants,location,street name,TEXT,no,
restaurants,location,city name,TEXT,no,geographic.city name
mountain_photos,mountain,id,INT,yes,
mountain_photos,mountain,name,TEXT,no,
mountain_photos,mountain,height,INT,no,
mountain_photos,mountain,prominence,INT,no,
mountain_photos,mountain,range,TEXT,no,
mountain_photos,mountain,country,TEXT,no,
mountain_photos,camera lens,id,INT,yes,
mountain_photos,camera lens,brand,TEXT,no,
mountain_photos,camera lens,name,TEXT,no,
mountain_photos,camera lens,focal length mm,INT,no,
mountain_photos,camera lens,max aperture,INT,no,
mountain_photos,photos,id,INT,yes,
mountain_photos,photos,camera lens id,INT,no,camera lens.id
mountain_photos,photos,mountain id,INT,no,mountain.id
mountain_photos,photos,color,TEXT,no,
mountain_photos,photos,name,TEXT,no,
battle_death,battle,id,INT,yes,
battle_death,battle,name,TEXT,no,
battle_death,battle,date,TEXT,no,
battle_death,battle,bulgarian commander,TEXT,no,
battle_death,battle,latin commander,TEXT,no,
battle_death,battle,result,TEXT,no,
battle_death,ship,lost in battle,INT,no,battle.id
battle_death,ship,id,INT,yes,
battle_death,ship,name,TEXT,no,
battle_death,ship,tonnage,TEXT,no,
battle_death,ship,ship type,TEXT,no,
battle_death,ship,location,TEXT,no,
battle_death,ship,disposition of ship,TEXT,no,
battle_death,death,caused by ship id,INT,no,ship.id
battle_death,death,id,INT,yes,
battle_death,death,note,TEXT,no,
battle_death,death,killed,INT,no,
battle_death,death,injured,INT,no,
cre_Doc_Control_Systems,reference document types,document type code,TEXT,yes,
cre_Doc_Control_Systems,reference document types,document type description,TEXT,no,
cre_Doc_Control_Systems,roles,role code,TEXT,yes,
cre_Doc_Control_Systems,roles,role description,TEXT,no,
cre_Doc_Control_Systems,addresses,address id,INT,yes,
cre_Doc_Control_Systems,addresses,address details,TEXT,no,
cre_Doc_Control_Systems,reference document status,document status code,TEXT,yes,
cre_Doc_Control_Systems,reference document status,document status description,TEXT,no,
cre_Doc_Control_Systems,reference shipping agents,shipping agent code,TEXT,yes,
cre_Doc_Control_Systems,reference shipping agents,shipping agent name,TEXT,no,
cre_Doc_Control_Systems,reference shipping agents,shipping agent description,TEXT,no,
cre_Doc_Control_Systems,documents,document id,INT,yes,
cre_Doc_Control_Systems,documents,document status code,TEXT,no,reference document status.document status code
cre_Doc_Control_Systems,documents,document type code,TEXT,no,reference document types.document type code
cre_Doc_Control_Systems,documents,shipping agent code,TEXT,no,reference shipping agents.shipping agent code
cre_Doc_Control_Systems,documents,receipt date,TEXT,no,
cre_Doc_Control_Systems,documents,receipt number,TEXT,no,
cre_Doc_Control_Systems,documents,other details,TEXT,no,
cre_Doc_Control_Systems,employees,employee id,INT,yes,
cre_Doc_Control_Systems,employees,role code,TEXT,no,roles.role code
cre_Doc_Control_Systems,employees,employee name,TEXT,no,
cre_Doc_Control_Systems,employees,other details,TEXT,no,
cre_Doc_Control_Systems,document drafts,document id,INT,yes,documents.document id
cre_Doc_Control_Systems,document drafts,draft number,INT,no,
cre_Doc_Control_Systems,document drafts,draft details,TEXT,no,
cre_Doc_Control_Systems,draft copies,document id,INT,yes,document drafts.document id
cre_Doc_Control_Systems,draft copies,draft number,INT,no,document drafts.draft number
cre_Doc_Control_Systems,draft copies,copy number,INT,no,
cre_Doc_Control_Systems,circulation history,document id,INT,yes,draft copies.document id
cre_Doc_Control_Systems,circulation history,draft number,INT,no,draft copies.draft number
cre_Doc_Control_Systems,circulation history,copy number,INT,no,draft copies.copy number
cre_Doc_Control_Systems,circulation history,employee id,INT,no,employees.employee id
cre_Doc_Control_Systems,documents mailed,document id,INT,yes,documents.document id
cre_Doc_Control_Systems,documents mailed,mailed to address id,INT,no,addresses.address id
cre_Doc_Control_Systems,documents mailed,mailing date,TEXT,no,
tracking_share_transactions,investors,investor id,INT,yes,
tracking_share_transactions,investors,investor details,TEXT,no,
tracking_share_transactions,lots,lot id,INT,yes,
tracking_share_transactions,lots,investor id,INT,no,investors.investor id
tracking_share_transactions,lots,lot details,TEXT,no,
tracking_share_transactions,reference transaction types,transaction type code,TEXT,yes,
tracking_share_transactions,reference transaction types,transaction type description,TEXT,no,
tracking_share_transactions,transactions,transaction id,INT,yes,
tracking_share_transactions,transactions,investor id,INT,no,investors.investor id
tracking_share_transactions,transactions,transaction type code,TEXT,no,reference transaction types.transaction type code
tracking_share_transactions,transactions,date of transaction,TEXT,no,
tracking_share_transactions,transactions,amount of transaction,INT,no,
tracking_share_transactions,transactions,share count,TEXT,no,
tracking_share_transactions,transactions,other details,TEXT,no,
tracking_share_transactions,sales,sales transaction id,INT,yes,transactions.transaction id
tracking_share_transactions,sales,sales details,TEXT,no,
tracking_share_transactions,purchases,purchase transaction id,INT,no,transactions.transaction id
tracking_share_transactions,purchases,purchase details,TEXT,no,
tracking_share_transactions,transactions lots,transaction id,INT,no,transactions.transaction id
tracking_share_transactions,transactions lots,lot id,INT,no,lots.lot id
apartment_rentals,apartment buildings,building id,INT,yes,
apartment_rentals,apartment buildings,building short name,TEXT,no,
apartment_rentals,apartment buildings,building full name,TEXT,no,
apartment_rentals,apartment buildings,building description,TEXT,no,
apartment_rentals,apartment buildings,building address,TEXT,no,
apartment_rentals,apartment buildings,building manager,TEXT,no,
apartment_rentals,apartment buildings,building phone,TEXT,no,
apartment_rentals,apartments,apartment id,INT,yes,
apartment_rentals,apartments,building id,INT,no,apartment buildings.building id
apartment_rentals,apartments,apartment type code,TEXT,no,
apartment_rentals,apartments,apartment number,TEXT,no,
apartment_rentals,apartments,bathroom count,INT,no,
apartment_rentals,apartments,bedroom count,INT,no,
apartment_rentals,apartments,room count,TEXT,no,
apartment_rentals,apartment facilities,apartment id,INT,yes,apartments.apartment id
apartment_rentals,apartment facilities,facility code,TEXT,no,
apartment_rentals,guests,guest id,INT,yes,
apartment_rentals,guests,gender code,TEXT,no,
apartment_rentals,guests,guest first name,TEXT,no,
apartment_rentals,guests,guest last name,TEXT,no,
apartment_rentals,guests,date of birth,TEXT,no,
apartment_rentals,apartment bookings,apartment booking id,INT,yes,
apartment_rentals,apartment bookings,apartment id,INT,no,apartments.apartment id
apartment_rentals,apartment bookings,guest id,INT,no,guests.guest id
apartment_rentals,apartment bookings,booking status code,TEXT,no,
apartment_rentals,apartment bookings,booking start date,TEXT,no,
apartment_rentals,apartment bookings,booking end date,TEXT,no,
apartment_rentals,view unit status,apartment id,INT,no,apartments.apartment id
apartment_rentals,view unit status,apartment booking id,INT,no,apartment bookings.apartment booking id
apartment_rentals,view unit status,status date,TEXT,yes,
apartment_rentals,view unit status,available yes or no,TEXT,no,
student_transcripts_tracking,addresses,address id,INT,yes,
student_transcripts_tracking,addresses,line 1,TEXT,no,
student_transcripts_tracking,addresses,line 2,TEXT,no,
student_transcripts_tracking,addresses,line 3,TEXT,no,
student_transcripts_tracking,addresses,city,TEXT,no,
student_transcripts_tracking,addresses,zip postcode,TEXT,no,
student_transcripts_tracking,addresses,state province county,TEXT,no,
student_transcripts_tracking,addresses,country,TEXT,no,
student_transcripts_tracking,addresses,other address details,TEXT,no,
student_transcripts_tracking,courses,course id,INT,yes,
student_transcripts_tracking,courses,course name,TEXT,no,
student_transcripts_tracking,courses,course description,TEXT,no,
student_transcripts_tracking,courses,other details,TEXT,no,
student_transcripts_tracking,departments,department id,INT,yes,
student_transcripts_tracking,departments,department name,TEXT,no,
student_transcripts_tracking,departments,department description,TEXT,no,
student_transcripts_tracking,departments,other details,TEXT,no,
student_transcripts_tracking,degree programs,degree program id,INT,yes,
student_transcripts_tracking,degree programs,department id,INT,no,departments.department id
student_transcripts_tracking,degree programs,degree summary name,TEXT,no,
student_transcripts_tracking,degree programs,degree summary description,TEXT,no,
student_transcripts_tracking,degree programs,other details,TEXT,no,
student_transcripts_tracking,sections,section id,INT,yes,
student_transcripts_tracking,sections,course id,INT,no,courses.course id
student_transcripts_tracking,sections,section name,TEXT,no,
student_transcripts_tracking,sections,section description,TEXT,no,
student_transcripts_tracking,sections,other details,TEXT,no,
student_transcripts_tracking,semesters,semester id,INT,yes,
student_transcripts_tracking,semesters,semester name,TEXT,no,
student_transcripts_tracking,semesters,semester description,TEXT,no,
student_transcripts_tracking,semesters,other details,TEXT,no,
student_transcripts_tracking,students,student id,INT,yes,
student_transcripts_tracking,students,current address id,INT,no,addresses.address id
student_transcripts_tracking,students,permanent address id,INT,no,addresses.address id
student_transcripts_tracking,students,first name,TEXT,no,
student_transcripts_tracking,students,middle name,TEXT,no,
student_transcripts_tracking,students,last name,TEXT,no,
student_transcripts_tracking,students,cell mobile number,TEXT,no,
student_transcripts_tracking,students,email address,TEXT,no,
student_transcripts_tracking,students,ssn,TEXT,no,
student_transcripts_tracking,students,date first registered,TEXT,no,
student_transcripts_tracking,students,date left,TEXT,no,
student_transcripts_tracking,students,other student details,TEXT,no,
student_transcripts_tracking,student enrolment,student enrolment id,INT,yes,
student_transcripts_tracking,student enrolment,degree program id,INT,no,degree programs.degree program id
student_transcripts_tracking,student enrolment,semester id,INT,no,semesters.semester id
student_transcripts_tracking,student enrolment,student id,INT,no,students.student id
student_transcripts_tracking,student enrolment,other details,TEXT,no,
student_transcripts_tracking,student enrolment courses,student course id,INT,yes,
student_transcripts_tracking,student enrolment courses,course id,INT,no,courses.course id
student_transcripts_tracking,student enrolment courses,student enrolment id,INT,no,student enrolment.student enrolment id
student_transcripts_tracking,transcripts,transcript id,INT,yes,
student_transcripts_tracking,transcripts,transcript date,TEXT,no,
student_transcripts_tracking,transcripts,other details,TEXT,no,
student_transcripts_tracking,transcript contents,student course id,INT,no,student enrolment courses.student course id
student_transcripts_tracking,transcript contents,transcript id,INT,no,transcripts.transcript id
cre_Docs_and_Epenses,reference document types,document type code,TEXT,yes,
cre_Docs_and_Epenses,reference document types,document type name,TEXT,no,
cre_Docs_and_Epenses,reference document types,document type description,TEXT,no,
cre_Docs_and_Epenses,reference budget codes,budget type code,TEXT,yes,
cre_Docs_and_Epenses,reference budget codes,budget type description,TEXT,no,
cre_Docs_and_Epenses,projects,project id,INT,yes,
cre_Docs_and_Epenses,projects,project details,TEXT,no,
cre_Docs_and_Epenses,documents,document id,INT,yes,
cre_Docs_and_Epenses,documents,document type code,TEXT,no,reference document types.document type code
cre_Docs_and_Epenses,documents,project id,INT,no,projects.project id
cre_Docs_and_Epenses,documents,document date,TEXT,no,
cre_Docs_and_Epenses,documents,document name,TEXT,no,
cre_Docs_and_Epenses,documents,document description,TEXT,no,
cre_Docs_and_Epenses,documents,other details,TEXT,no,
cre_Docs_and_Epenses,statements,statement id,INT,yes,documents.document id
cre_Docs_and_Epenses,statements,statement details,TEXT,no,
cre_Docs_and_Epenses,documents with expenses,document id,INT,yes,documents.document id
cre_Docs_and_Epenses,documents with expenses,budget type code,TEXT,no,reference budget codes.budget type code
cre_Docs_and_Epenses,documents with expenses,document details,TEXT,no,
cre_Docs_and_Epenses,accounts,account id,INT,yes,
cre_Docs_and_Epenses,accounts,statement id,INT,no,statements.statement id
cre_Docs_and_Epenses,accounts,account details,TEXT,no,
ship_mission,mission,mission id,INT,yes,
ship_mission,mission,ship id,INT,no,ship.ship id
ship_mission,mission,code,TEXT,no,
ship_mission,mission,launched year,INT,no,
ship_mission,mission,location,TEXT,no,
ship_mission,mission,speed knots,INT,no,
ship_mission,mission,fate,TEXT,no,
ship_mission,ship,ship id,INT,yes,
ship_mission,ship,name,TEXT,no,
ship_mission,ship,type,TEXT,no,
ship_mission,ship,nationality,TEXT,no,
ship_mission,ship,tonnage,INT,no,
company_office,buildings,id,INT,yes,
company_office,buildings,name,TEXT,no,
company_office,buildings,city,TEXT,no,
company_office,buildings,height,INT,no,
company_office,buildings,stories,INT,no,
company_office,buildings,status,TEXT,no,
company_office,companies,id,INT,yes,
company_office,companies,name,TEXT,no,
company_office,companies,headquarters,TEXT,no,
company_office,companies,industry,TEXT,no,
company_office,companies,sales billion,INT,no,
company_office,companies,profits billion,INT,no,
company_office,companies,assets billion,INT,no,
company_office,companies,market value billion,TEXT,no,
company_office,office locations,building id,INT,yes,buildings.id
company_office,office locations,company id,INT,no,companies.id
company_office,office locations,move in year,INT,no,
tracking_software_problems,problem category codes,problem category code,TEXT,yes,
tracking_software_problems,problem category codes,problem category description,TEXT,no,
tracking_software_problems,problem log,problem log id,INT,yes,
tracking_software_problems,problem log,assigned to staff id,INT,no,staff.staff id
tracking_software_problems,problem log,problem id,INT,no,problems.problem id
tracking_software_problems,problem log,problem category code,TEXT,no,problem category codes.problem category code
tracking_software_problems,problem log,problem status code,TEXT,no,problem status codes.problem status code
tracking_software_problems,problem log,log entry date,TEXT,no,
tracking_software_problems,problem log,log entry description,TEXT,no,
tracking_software_problems,problem log,log entry fix,TEXT,no,
tracking_software_problems,problem log,other log details,TEXT,no,
tracking_software_problems,problem status codes,problem status code,TEXT,yes,
tracking_software_problems,problem status codes,problem status description,TEXT,no,
tracking_software_problems,product,product id,INT,yes,
tracking_software_problems,product,product name,TEXT,no,
tracking_software_problems,product,product details,TEXT,no,
tracking_software_problems,staff,staff id,INT,yes,
tracking_software_problems,staff,staff first name,TEXT,no,
tracking_software_problems,staff,staff last name,TEXT,no,
tracking_software_problems,staff,other staff details,TEXT,no,
tracking_software_problems,problems,problem id,INT,yes,
tracking_software_problems,problems,product id,INT,no,product.product id
tracking_software_problems,problems,closure authorised by staff id,INT,no,staff.staff id
tracking_software_problems,problems,reported by staff id,INT,no,staff.staff id
tracking_software_problems,problems,date problem reported,TEXT,no,
tracking_software_problems,problems,date problem closed,TEXT,no,
tracking_software_problems,problems,problem description,TEXT,no,
tracking_software_problems,problems,other problem details,TEXT,no,
products_gen_characteristics,reference characteristic types,characteristic type code,TEXT,yes,
products_gen_characteristics,reference characteristic types,characteristic type description,TEXT,no,
products_gen_characteristics,reference colors,color code,TEXT,yes,
products_gen_characteristics,reference colors,color description,TEXT,no,
products_gen_characteristics,reference product categories,product category code,TEXT,yes,
products_gen_characteristics,reference product categories,product category description,TEXT,no,
products_gen_characteristics,reference product categories,unit of measure,TEXT,no,
products_gen_characteristics,characteristics,characteristic id,INT,yes,
products_gen_characteristics,characteristics,characteristic type code,TEXT,no,reference characteristic types.characteristic type code
products_gen_characteristics,characteristics,characteristic data type,TEXT,no,
products_gen_characteristics,characteristics,characteristic name,TEXT,no,
products_gen_characteristics,characteristics,other characteristic details,TEXT,no,
products_gen_characteristics,products,product id,INT,yes,
products_gen_characteristics,products,color code,TEXT,no,reference colors.color code
products_gen_characteristics,products,product category code,TEXT,no,reference product categories.product category code
products_gen_characteristics,products,product name,TEXT,no,
products_gen_characteristics,products,typical buying price,TEXT,no,
products_gen_characteristics,products,typical selling price,TEXT,no,
products_gen_characteristics,products,product description,TEXT,no,
products_gen_characteristics,products,other product details,TEXT,no,
products_gen_characteristics,product characteristics,product id,INT,no,products.product id
products_gen_characteristics,product characteristics,characteristic id,INT,no,characteristics.characteristic id
products_gen_characteristics,product characteristics,product characteristic value,TEXT,no,
coffee_shop,shop,shop id,INT,yes,
coffee_shop,shop,address,TEXT,no,
coffee_shop,shop,num of staff,TEXT,no,
coffee_shop,shop,score,INT,no,
coffee_shop,shop,open year,TEXT,no,
coffee_shop,member,member id,INT,yes,
coffee_shop,member,name,TEXT,no,
coffee_shop,member,membership card,TEXT,no,
coffee_shop,member,age,INT,no,
coffee_shop,member,time of purchase,INT,no,
coffee_shop,member,level of membership,INT,no,
coffee_shop,member,address,TEXT,no,
coffee_shop,happy hour,hh id,INT,yes,
coffee_shop,happy hour,shop id,INT,no,shop.shop id
coffee_shop,happy hour,month,TEXT,no,
coffee_shop,happy hour,num of shaff in charge,INT,no,
coffee_shop,happy hour member,hh id,INT,yes,
coffee_shop,happy hour member,member id,INT,no,member.member id
coffee_shop,happy hour member,total amount,INT,no,
riding_club,player,player id,INT,yes,
riding_club,player,sponsor name,TEXT,no,
riding_club,player,player name,TEXT,no,
riding_club,player,gender,TEXT,no,
riding_club,player,residence,TEXT,no,
riding_club,player,occupation,TEXT,no,
riding_club,player,votes,INT,no,
riding_club,player,rank,TEXT,no,
riding_club,club,club id,INT,yes,
riding_club,club,club name,TEXT,no,
riding_club,club,region,TEXT,no,
riding_club,club,start year,INT,no,
riding_club,coach,coach id,INT,yes,
riding_club,coach,player name,TEXT,no,
riding_club,coach,gender,TEXT,no,
riding_club,coach,club id,INT,no,club.club id
riding_club,coach,rank,INT,no,
riding_club,player coach,player id,INT,yes,player.player id
riding_club,player coach,coach id,INT,no,coach.coach id
riding_club,player coach,starting year,INT,no,
riding_club,match result,rank,INT,yes,
riding_club,match result,club id,INT,no,club.club id
riding_club,match result,gold,INT,no,
riding_club,match result,big silver,INT,no,
riding_club,match result,small silver,INT,no,
riding_club,match result,bronze,INT,no,
riding_club,match result,points,INT,no,
customers_card_transactions,accounts,account id,INT,yes,
customers_card_transactions,accounts,customer id,INT,no,
customers_card_transactions,accounts,account name,TEXT,no,
customers_card_transactions,accounts,other account details,TEXT,no,
customers_card_transactions,customers,customer id,INT,yes,
customers_card_transactions,customers,customer first name,TEXT,no,
customers_card_transactions,customers,customer last name,TEXT,no,
customers_card_transactions,customers,customer address,TEXT,no,
customers_card_transactions,customers,customer phone,TEXT,no,
customers_card_transactions,customers,customer email,TEXT,no,
customers_card_transactions,customers,other customer details,TEXT,no,
customers_card_transactions,customers cards,card id,INT,yes,
customers_card_transactions,customers cards,customer id,INT,no,
customers_card_transactions,customers cards,card type code,TEXT,no,
customers_card_transactions,customers cards,card number,TEXT,no,
customers_card_transactions,customers cards,date valid from,TEXT,no,
customers_card_transactions,customers cards,date valid to,TEXT,no,
customers_card_transactions,customers cards,other card details,TEXT,no,
customers_card_transactions,financial transactions,transaction id,INT,no,
customers_card_transactions,financial transactions,previous transaction id,INT,no,
customers_card_transactions,financial transactions,account id,INT,no,accounts.account id
customers_card_transactions,financial transactions,card id,INT,no,customers cards.card id
customers_card_transactions,financial transactions,transaction type,TEXT,no,
customers_card_transactions,financial transactions,transaction date,TEXT,no,
customers_card_transactions,financial transactions,transaction amount,INT,no,
customers_card_transactions,financial transactions,transaction comment,TEXT,no,
customers_card_transactions,financial transactions,other transaction details,TEXT,no,
county_public_safety,county public safety,county id,INT,yes,
county_public_safety,county public safety,name,TEXT,no,
county_public_safety,county public safety,population,INT,no,
county_public_safety,county public safety,police officers,INT,no,
county_public_safety,county public safety,residents per officer,INT,no,
county_public_safety,county public safety,case burden,INT,no,
county_public_safety,county public safety,crime rate,INT,no,
county_public_safety,county public safety,police force,TEXT,no,
county_public_safety,county public safety,location,TEXT,no,
county_public_safety,city,city id,INT,yes,
county_public_safety,city,county id,INT,no,county public safety.county id
county_public_safety,city,name,TEXT,no,
county_public_safety,city,white,INT,no,
county_public_safety,city,black,INT,no,
county_public_safety,city,amerindian,INT,no,
county_public_safety,city,asian,INT,no,
county_public_safety,city,multiracial,INT,no,
county_public_safety,city,hispanic,INT,no,
performance_attendance,member,member id,TEXT,yes,
performance_attendance,member,name,TEXT,no,
performance_attendance,member,nationality,TEXT,no,
performance_attendance,member,role,TEXT,no,
performance_attendance,performance,performance id,INT,yes,
performance_attendance,performance,date,TEXT,no,
performance_attendance,performance,host,TEXT,no,
performance_attendance,performance,location,TEXT,no,
performance_attendance,performance,attendance,INT,no,
performance_attendance,member attendance,member id,INT,yes,member.member id
performance_attendance,member attendance,performance id,INT,no,performance.performance id
performance_attendance,member attendance,num of pieces,INT,no,
club_1,student,student id,INT,yes,
club_1,student,last name,TEXT,no,
club_1,student,first name,TEXT,no,
club_1,student,age,INT,no,
club_1,student,sex,TEXT,no,
club_1,student,major,INT,no,
club_1,student,advisor,INT,no,
club_1,student,city code,TEXT,no,
club_1,club,club id,INT,yes,
club_1,club,club name,TEXT,no,
club_1,club,club description,TEXT,no,
club_1,club,club location,TEXT,no,
club_1,member of club,student id,INT,no,student.student id
club_1,member of club,club id,INT,no,club.club id
club_1,member of club,position,TEXT,no,
singer,singer,singer id,INT,yes,
singer,singer,name,TEXT,no,
singer,singer,birth year,INT,no,
singer,singer,net worth millions,INT,no,
singer,singer,citizenship,TEXT,no,
singer,song,song id,INT,yes,
singer,song,title,TEXT,no,
singer,song,singer id,INT,no,singer.singer id
singer,song,sales,INT,no,
singer,song,highest position,INT,no,
culture_company,book club,book club id,INT,yes,
culture_company,book club,year,INT,no,
culture_company,book club,author or editor,TEXT,no,
culture_company,book club,book title,TEXT,no,
culture_company,book club,publisher,TEXT,no,
culture_company,book club,category,TEXT,no,
culture_company,book club,result,TEXT,no,
culture_company,movie,movie id,INT,yes,
culture_company,movie,title,TEXT,no,
culture_company,movie,year,INT,no,
culture_company,movie,director,TEXT,no,
culture_company,movie,budget million,INT,no,
culture_company,movie,gross worldwide,INT,no,
culture_company,culture company,company name,TEXT,yes,
culture_company,culture company,type,TEXT,no,
culture_company,culture company,incorporated in,TEXT,no,
culture_company,culture company,group equity shareholding,INT,no,
culture_company,culture company,book club id,TEXT,no,book club.book club id
culture_company,culture company,movie id,TEXT,no,movie.movie id
cre_Doc_Template_Mgt,reference template types,template type code,TEXT,yes,
cre_Doc_Template_Mgt,reference template types,template type description,TEXT,no,
cre_Doc_Template_Mgt,templates,template id,INT,yes,
cre_Doc_Template_Mgt,templates,version number,INT,no,
cre_Doc_Template_Mgt,templates,template type code,TEXT,no,reference template types.template type code
cre_Doc_Template_Mgt,templates,date effective from,TEXT,no,
cre_Doc_Template_Mgt,templates,date effective to,TEXT,no,
cre_Doc_Template_Mgt,templates,template details,TEXT,no,
cre_Doc_Template_Mgt,documents,document id,INT,yes,
cre_Doc_Template_Mgt,documents,template id,INT,no,templates.template id
cre_Doc_Template_Mgt,documents,document name,TEXT,no,
cre_Doc_Template_Mgt,documents,document description,TEXT,no,
cre_Doc_Template_Mgt,documents,other details,TEXT,no,
cre_Doc_Template_Mgt,paragraphs,paragraph id,INT,yes,
cre_Doc_Template_Mgt,paragraphs,document id,INT,no,documents.document id
cre_Doc_Template_Mgt,paragraphs,paragraph text,TEXT,no,
cre_Doc_Template_Mgt,paragraphs,other details,TEXT,no,
musical,musical,musical id,INT,yes,
musical,musical,name,TEXT,no,
musical,musical,year,INT,no,
musical,musical,award,TEXT,no,
musical,musical,category,TEXT,no,
musical,musical,nominee,TEXT,no,
musical,musical,result,TEXT,no,
musical,actor,actor id,INT,yes,
musical,actor,name,TEXT,no,
musical,actor,musical id,INT,no,actor.actor id
musical,actor,character,TEXT,no,
musical,actor,duration,TEXT,no,
musical,actor,age,INT,no,
world_1,city,id,INT,yes,
world_1,city,name,TEXT,no,
world_1,city,country code,TEXT,no,country.code
world_1,city,district,TEXT,no,
world_1,city,population,INT,no,
world_1,sqlite sequence,name,TEXT,no,
world_1,sqlite sequence,seq,TEXT,no,
world_1,country,code,TEXT,yes,
world_1,country,name,TEXT,no,
world_1,country,continent,TEXT,no,
world_1,country,region,TEXT,no,
world_1,country,surface area,INT,no,
world_1,country,indepdent year,INT,no,
world_1,country,population,INT,no,
world_1,country,life expectancy,INT,no,
world_1,country,gnp,INT,no,
world_1,country,gnp old,INT,no,
world_1,country,local name,TEXT,no,
world_1,country,government form,TEXT,no,
world_1,country,head of state,TEXT,no,
world_1,country,capital,INT,no,
world_1,country,code2,TEXT,no,
world_1,countrylanguage,countrycode,TEXT,yes,country.code
world_1,countrylanguage,language,TEXT,no,
world_1,countrylanguage,is official,TEXT,no,
world_1,countrylanguage,percentage,INT,no,
device,device,device id,INT,yes,
device,device,device,TEXT,no,
device,device,carrier,TEXT,no,
device,device,package version,TEXT,no,
device,device,applications,TEXT,no,
device,device,software platform,TEXT,no,
device,shop,shop id,INT,yes,
device,shop,shop name,TEXT,no,
device,shop,location,TEXT,no,
device,shop,open date,TEXT,no,
device,shop,open year,INT,no,
device,stock,shop id,INT,yes,shop.shop id
device,stock,device id,INT,no,device.device id
device,stock,quantity,INT,no,
tracking_grants_for_research,document types,document type code,TEXT,yes,
tracking_grants_for_research,document types,document description,TEXT,no,
tracking_grants_for_research,documents,document id,INT,yes,
tracking_grants_for_research,documents,document type code,TEXT,no,document types.document type code
tracking_grants_for_research,documents,grant id,INT,no,grants.grant id
tracking_grants_for_research,documents,sent date,TEXT,no,
tracking_grants_for_research,documents,response received date,TEXT,no,
tracking_grants_for_research,documents,other details,TEXT,no,
tracking_grants_for_research,grants,grant id,INT,yes,
tracking_grants_for_research,grants,organisation id,INT,no,organisations.organisation id
tracking_grants_for_research,grants,grant amount,INT,no,
tracking_grants_for_research,grants,grant start date,TEXT,no,
tracking_grants_for_research,grants,grant end date,TEXT,no,
tracking_grants_for_research,grants,other details,TEXT,no,
tracking_grants_for_research,organisation types,organisation type,TEXT,yes,
tracking_grants_for_research,organisation types,organisation type description,TEXT,no,
tracking_grants_for_research,organisations,organisation id,INT,yes,
tracking_grants_for_research,organisations,organisation type,TEXT,no,organisation types.organisation type
tracking_grants_for_research,organisations,organisation details,TEXT,no,
tracking_grants_for_research,project outcomes,project id,INT,no,projects.project id
tracking_grants_for_research,project outcomes,outcome code,TEXT,no,research outcomes.outcome code
tracking_grants_for_research,project outcomes,outcome details,TEXT,no,
tracking_grants_for_research,project staff,staff id,INT,yes,
tracking_grants_for_research,project staff,project id,INT,no,projects.project id
tracking_grants_for_research,project staff,role code,TEXT,no,staff roles.role code
tracking_grants_for_research,project staff,date from,TEXT,no,
tracking_grants_for_research,project staff,date to,TEXT,no,
tracking_grants_for_research,project staff,other details,TEXT,no,
tracking_grants_for_research,projects,project id,INT,yes,
tracking_grants_for_research,projects,organisation id,INT,no,organisations.organisation id
tracking_grants_for_research,projects,project details,TEXT,no,
tracking_grants_for_research,research outcomes,outcome code,TEXT,yes,
tracking_grants_for_research,research outcomes,outcome description,TEXT,no,
tracking_grants_for_research,research staff,staff id,INT,yes,
tracking_grants_for_research,research staff,employer organisation id,INT,no,organisations.organisation id
tracking_grants_for_research,research staff,staff details,TEXT,no,
tracking_grants_for_research,staff roles,role code,TEXT,yes,
tracking_grants_for_research,staff roles,role description,TEXT,no,
tracking_grants_for_research,tasks,task id,INT,yes,
tracking_grants_for_research,tasks,project id,INT,no,projects.project id
tracking_grants_for_research,tasks,task details,TEXT,no,
tracking_grants_for_research,tasks,eg agree objectives,TEXT,no,
employee_hire_evaluation,employee,employee id,INT,yes,
employee_hire_evaluation,employee,name,TEXT,no,
employee_hire_evaluation,employee,age,INT,no,
employee_hire_evaluation,employee,city,TEXT,no,
employee_hire_evaluation,shop,shop id,INT,yes,
employee_hire_evaluation,shop,name,TEXT,no,
employee_hire_evaluation,shop,location,TEXT,no,
employee_hire_evaluation,shop,district,TEXT,no,
employee_hire_evaluation,shop,number products,INT,no,
employee_hire_evaluation,shop,manager name,TEXT,no,
employee_hire_evaluation,hiring,shop id,INT,no,shop.shop id
employee_hire_evaluation,hiring,employee id,INT,yes,employee.employee id
employee_hire_evaluation,hiring,start from,TEXT,no,
employee_hire_evaluation,hiring,is full time,TEXT,no,
employee_hire_evaluation,evaluation,employee id,TEXT,yes,employee.employee id
employee_hire_evaluation,evaluation,year awarded,TEXT,no,
employee_hire_evaluation,evaluation,bonus,INT,no,
movie_1,movie,movie id,INT,yes,
movie_1,movie,title,TEXT,no,
movie_1,movie,year,INT,no,
movie_1,movie,director,TEXT,no,
movie_1,reviewer,reviewer id,INT,yes,
movie_1,reviewer,name,TEXT,no,
movie_1,rating,reviewer id,INT,no,reviewer.reviewer id
movie_1,rating,movie id,INT,no,movie.movie id
movie_1,rating,rating stars,INT,no,
movie_1,rating,rating date,TEXT,no,
network_1,high schooler,id,INT,yes,
network_1,high schooler,name,TEXT,no,
network_1,high schooler,grade,INT,no,
network_1,friend,student id,INT,yes,high schooler.id
network_1,friend,friend id,INT,no,high schooler.id
network_1,likes,student id,INT,yes,high schooler.id
network_1,likes,liked id,INT,no,high schooler.id
poker_player,poker player,poker player id,INT,yes,
poker_player,poker player,people id,INT,no,people.people id
poker_player,poker player,final table made,INT,no,
poker_player,poker player,best finish,INT,no,
poker_player,poker player,money rank,INT,no,
poker_player,poker player,earnings,INT,no,
poker_player,people,people id,INT,yes,
poker_player,people,nationality,TEXT,no,
poker_player,people,name,TEXT,no,
poker_player,people,birth date,TEXT,no,
poker_player,people,height,INT,no,
program_share,program,program id,INT,yes,
program_share,program,name,TEXT,no,
program_share,program,origin,TEXT,no,
program_share,program,launch,INT,no,
program_share,program,owner,TEXT,no,
program_share,channel,channel id,INT,yes,
program_share,channel,name,TEXT,no,
program_share,channel,owner,TEXT,no,
program_share,channel,share in percent,INT,no,
program_share,channel,rating in percent,INT,no,
program_share,broadcast,channel id,INT,yes,channel.channel id
program_share,broadcast,program id,INT,no,program.program id
program_share,broadcast,time of day,TEXT,no,
program_share,broadcast share,channel id,INT,yes,channel.channel id
program_share,broadcast share,program id,INT,no,program.program id
program_share,broadcast share,date,TEXT,no,
program_share,broadcast share,share in percent,INT,no,
aircraft,pilot,pilot id,INT,yes,
aircraft,pilot,name,TEXT,no,
aircraft,pilot,age,INT,no,
aircraft,aircraft,aircraft id,INT,yes,
aircraft,aircraft,aircraft,TEXT,no,
aircraft,aircraft,description,TEXT,no,
aircraft,aircraft,max gross weight,TEXT,no,
aircraft,aircraft,total disk area,TEXT,no,
aircraft,aircraft,max disk loading,TEXT,no,
aircraft,match,round,INT,yes,
aircraft,match,location,TEXT,no,
aircraft,match,country,TEXT,no,
aircraft,match,date,TEXT,no,
aircraft,match,fastest qualifying,TEXT,no,
aircraft,match,winning pilot,TEXT,no,pilot.pilot id
aircraft,match,winning aircraft,TEXT,no,aircraft.aircraft id
aircraft,airport,airport id,INT,yes,
aircraft,airport,airport name,TEXT,no,
aircraft,airport,total passengers,INT,no,
aircraft,airport,% change 2007,TEXT,no,
aircraft,airport,international passengers,INT,no,
aircraft,airport,domestic passengers,INT,no,
aircraft,airport,transit passengers,INT,no,
aircraft,airport,aircraft movements,INT,no,
aircraft,airport,freight metric tonnes,INT,no,
aircraft,airport aircraft,id,INT,no,
aircraft,airport aircraft,airport id,INT,yes,airport.airport id
aircraft,airport aircraft,aircraft id,INT,no,aircraft.aircraft id
restaurant_1,student,student id,INT,yes,
restaurant_1,student,last name,TEXT,no,
restaurant_1,student,first name,TEXT,no,
restaurant_1,student,age,INT,no,
restaurant_1,student,sex,TEXT,no,
restaurant_1,student,major,INT,no,
restaurant_1,student,advisor,INT,no,
restaurant_1,student,city code,TEXT,no,
restaurant_1,restaurant,restaurant id,INT,yes,
restaurant_1,restaurant,restaurant name,TEXT,no,
restaurant_1,restaurant,address,TEXT,no,
restaurant_1,restaurant,rating,INT,no,
restaurant_1,type of restaurant,restaurant id,INT,no,restaurant.restaurant id
restaurant_1,type of restaurant,restaurant type id,INT,no,restaurant type.restaurant type id
restaurant_1,restaurant type,restaurant type id,INT,yes,
restaurant_1,restaurant type,restaurant type name,TEXT,no,
restaurant_1,restaurant type,restaurant type description,TEXT,no,
restaurant_1,visits restaurant,student id,INT,no,student.student id
restaurant_1,visits restaurant,restaurant id,INT,no,restaurant.restaurant id
restaurant_1,visits restaurant,time,TEXT,no,
restaurant_1,visits restaurant,spent,INT,no,
customers_and_invoices,customers,customer id,INT,yes,
customers_and_invoices,customers,customer first name,TEXT,no,
customers_and_invoices,customers,customer middle initial,TEXT,no,
customers_and_invoices,customers,customer last name,TEXT,no,
customers_and_invoices,customers,gender,TEXT,no,
customers_and_invoices,customers,email address,TEXT,no,
customers_and_invoices,customers,login name,TEXT,no,
customers_and_invoices,customers,login password,TEXT,no,
customers_and_invoices,customers,phone number,TEXT,no,
customers_and_invoices,customers,town city,TEXT,no,
customers_and_invoices,customers,state county province,TEXT,no,
customers_and_invoices,customers,country,TEXT,no,
customers_and_invoices,orders,order id,INT,yes,
customers_and_invoices,orders,customer id,INT,no,customers.customer id
customers_and_invoices,orders,date order placed,TEXT,no,
customers_and_invoices,orders,order details,TEXT,no,
customers_and_invoices,invoices,invoice number,INT,yes,
customers_and_invoices,invoices,order id,INT,no,orders.order id
customers_and_invoices,invoices,invoice date,TEXT,no,
customers_and_invoices,accounts,account id,INT,yes,
customers_and_invoices,accounts,customer id,INT,no,customers.customer id
customers_and_invoices,accounts,date account opened,TEXT,no,
customers_and_invoices,accounts,account name,TEXT,no,
customers_and_invoices,accounts,other account details,TEXT,no,
customers_and_invoices,product categories,production type code,TEXT,yes,
customers_and_invoices,product categories,product type description,TEXT,no,
customers_and_invoices,product categories,vat rating,INT,no,
customers_and_invoices,products,product id,INT,yes,
customers_and_invoices,products,parent product id,INT,no,
customers_and_invoices,products,production type code,TEXT,no,product categories.production type code
customers_and_invoices,products,unit price,INT,no,
customers_and_invoices,products,product name,TEXT,no,
customers_and_invoices,products,product color,TEXT,no,
customers_and_invoices,products,product size,TEXT,no,
customers_and_invoices,financial transactions,transaction id,INT,no,
customers_and_invoices,financial transactions,account id,INT,no,accounts.account id
customers_and_invoices,financial transactions,invoice number,INT,no,invoices.invoice number
customers_and_invoices,financial transactions,transaction type,TEXT,no,
customers_and_invoices,financial transactions,transaction date,TEXT,no,
customers_and_invoices,financial transactions,transaction amount,INT,no,
customers_and_invoices,financial transactions,transaction comment,TEXT,no,
customers_and_invoices,financial transactions,other transaction details,TEXT,no,
customers_and_invoices,order items,order item id,INT,yes,
customers_and_invoices,order items,order id,INT,no,orders.order id
customers_and_invoices,order items,product id,INT,no,products.product id
customers_and_invoices,order items,product quantity,TEXT,no,
customers_and_invoices,order items,other order item details,TEXT,no,
customers_and_invoices,invoice line items,order item id,INT,no,order items.order item id
customers_and_invoices,invoice line items,invoice number,INT,no,invoices.invoice number
customers_and_invoices,invoice line items,product id,INT,no,products.product id
customers_and_invoices,invoice line items,product title,TEXT,no,
customers_and_invoices,invoice line items,product quantity,TEXT,no,
customers_and_invoices,invoice line items,product price,INT,no,
customers_and_invoices,invoice line items,derived product cost,INT,no,
customers_and_invoices,invoice line items,derived vat payable,INT,no,
customers_and_invoices,invoice line items,derived total cost,INT,no,
insurance_and_eClaims,customers,customer id,INT,yes,
insurance_and_eClaims,customers,customer details,TEXT,no,
insurance_and_eClaims,staff,staff id,INT,yes,
insurance_and_eClaims,staff,staff details,TEXT,no,
insurance_and_eClaims,policies,policy id,INT,yes,
insurance_and_eClaims,policies,customer id,INT,no,customers.customer id
insurance_and_eClaims,policies,policy type code,TEXT,no,
insurance_and_eClaims,policies,start date,TEXT,no,
insurance_and_eClaims,policies,end date,TEXT,no,
insurance_and_eClaims,claim headers,claim header id,INT,yes,
insurance_and_eClaims,claim headers,claim status code,TEXT,no,
insurance_and_eClaims,claim headers,claim type code,TEXT,no,
insurance_and_eClaims,claim headers,policy id,INT,no,policies.policy id
insurance_and_eClaims,claim headers,date of claim,TEXT,no,
insurance_and_eClaims,claim headers,date of settlement,TEXT,no,
insurance_and_eClaims,claim headers,amount claimed,INT,no,
insurance_and_eClaims,claim headers,amount piad,INT,no,
insurance_and_eClaims,claims documents,claim id,INT,yes,claim headers.claim header id
insurance_and_eClaims,claims documents,document type code,TEXT,no,
insurance_and_eClaims,claims documents,created by staff id,INT,no,staff.staff id
insurance_and_eClaims,claims documents,created date,INT,no,
insurance_and_eClaims,claims processing stages,claim stage id,INT,yes,
insurance_and_eClaims,claims processing stages,next claim stage id,INT,no,
insurance_and_eClaims,claims processing stages,claim status name,TEXT,no,
insurance_and_eClaims,claims processing stages,claim status description,TEXT,no,
insurance_and_eClaims,claims processing,claim processing id,INT,yes,
insurance_and_eClaims,claims processing,claim id,INT,no,claim headers.claim header id
insurance_and_eClaims,claims processing,claim outcome code,TEXT,no,
insurance_and_eClaims,claims processing,claim stage id,INT,no,
insurance_and_eClaims,claims processing,staff id,INT,no,staff.staff id
college_1,class,class code,TEXT,yes,
college_1,class,course code,TEXT,no,course.course code
college_1,class,class section,TEXT,no,
college_1,class,class time,TEXT,no,
college_1,class,class room,TEXT,no,
college_1,class,professor employee number,INT,no,employee.employee number
college_1,course,course code,TEXT,yes,
college_1,course,department code,TEXT,no,department.department code
college_1,course,course description,TEXT,no,
college_1,course,course credit,INT,no,
college_1,department,department code,TEXT,yes,
college_1,department,department name,TEXT,no,
college_1,department,school code,TEXT,no,
college_1,department,employee number,INT,no,employee.employee number
college_1,department,department address,TEXT,no,
college_1,department,department extension,TEXT,no,
college_1,employee,employee number,INT,yes,
college_1,employee,employee last name,TEXT,no,
college_1,employee,employee first name,TEXT,no,
college_1,employee,employee initial,TEXT,no,
college_1,employee,employee job code,TEXT,no,
college_1,employee,employee hire date,TEXT,no,
college_1,employee,employee date of birth,TEXT,no,
college_1,enroll,class code,TEXT,no,class.class code
college_1,enroll,student number,INT,no,student.student num
college_1,enroll,enroll grade,TEXT,no,
college_1,professor,employee number,INT,no,employee.employee number
college_1,professor,department code,TEXT,no,department.department code
college_1,professor,professor office,TEXT,no,
college_1,professor,professor extension,TEXT,no,
college_1,professor,professor high degree,TEXT,no,
college_1,student,student num,INT,yes,
college_1,student,student last name,TEXT,no,
college_1,student,student first name,TEXT,no,
college_1,student,student init,TEXT,no,
college_1,student,student date of birth,TEXT,no,
college_1,student,student class hours took,INT,no,
college_1,student,student class,TEXT,no,
college_1,student,student gpa,INT,no,
college_1,student,student transfer,INT,no,
college_1,student,department code,TEXT,no,department.department code
college_1,student,student phone,TEXT,no,
college_1,student,professor number,INT,no,
local_govt_mdm,customer master index,master customer id,INT,yes,
local_govt_mdm,customer master index,cmi details,TEXT,no,
local_govt_mdm,cmi cross references,cmi cross reference id,INT,yes,
local_govt_mdm,cmi cross references,master customer id,INT,no,customer master index.master customer id
local_govt_mdm,cmi cross references,source system code,TEXT,no,
local_govt_mdm,council tax,council tax id,INT,yes,
local_govt_mdm,council tax,cmi cross reference id,INT,no,cmi cross references.cmi cross reference id
local_govt_mdm,business rates,business rates id,INT,yes,
local_govt_mdm,business rates,cmi cross reference id,INT,no,cmi cross references.cmi cross reference id
local_govt_mdm,benefits overpayments,council tax id,INT,yes,
local_govt_mdm,benefits overpayments,cmi cross ref id,INT,no,cmi cross references.cmi cross reference id
local_govt_mdm,parking fines,council tax id,INT,yes,
local_govt_mdm,parking fines,cmi cross reference id,INT,no,cmi cross references.cmi cross reference id
local_govt_mdm,rent arrears,council tax id,INT,yes,
local_govt_mdm,rent arrears,cmi cross reference id,INT,no,cmi cross references.cmi cross reference id
local_govt_mdm,electoral register,electoral register id,INT,yes,
local_govt_mdm,electoral register,cmi cross reference id,INT,no,cmi cross references.cmi cross reference id
book_2,publication,publication id,INT,yes,
book_2,publication,book id,INT,no,book.book id
book_2,publication,publisher,TEXT,no,
book_2,publication,publication date,TEXT,no,
book_2,publication,price,INT,no,
book_2,book,book id,INT,yes,
book_2,book,title,TEXT,no,
book_2,book,issues,INT,no,
book_2,book,writer,TEXT,no,
hr_1,regions,region id,INT,yes,
hr_1,regions,region name,TEXT,no,
hr_1,countries,country id,TEXT,yes,
hr_1,countries,country name,TEXT,no,
hr_1,countries,region id,INT,no,regions.region id
hr_1,departments,department id,INT,yes,
hr_1,departments,department name,TEXT,no,
hr_1,departments,manager id,INT,no,
hr_1,departments,location id,INT,no,
hr_1,jobs,job id,TEXT,yes,
hr_1,jobs,job title,TEXT,no,
hr_1,jobs,min salary,INT,no,
hr_1,jobs,max salary,INT,no,
hr_1,employees,employee id,INT,yes,
hr_1,employees,first name,TEXT,no,
hr_1,employees,last name,TEXT,no,
hr_1,employees,email,TEXT,no,
hr_1,employees,phone number,TEXT,no,
hr_1,employees,hire date,TEXT,no,
hr_1,employees,job id,TEXT,no,jobs.job id
hr_1,employees,salary,INT,no,
hr_1,employees,commission pct,INT,no,
hr_1,employees,manager id,INT,no,
hr_1,employees,department id,INT,no,departments.department id
hr_1,job history,employee id,INT,yes,employees.employee id
hr_1,job history,start date,TEXT,no,
hr_1,job history,end date,TEXT,no,
hr_1,job history,job id,TEXT,no,jobs.job id
hr_1,job history,department id,INT,no,departments.department id
hr_1,locations,location id,INT,yes,
hr_1,locations,street address,TEXT,no,
hr_1,locations,postal code,TEXT,no,
hr_1,locations,city,TEXT,no,
hr_1,locations,state province,TEXT,no,
hr_1,locations,country id,TEXT,no,countries.country id
soccer_1,player attributes,id,INT,yes,
soccer_1,player attributes,player fifa api id,INT,no,player.player fifa api id
soccer_1,player attributes,player api id,INT,no,player.player api id
soccer_1,player attributes,date,TEXT,no,
soccer_1,player attributes,overall rating,INT,no,
soccer_1,player attributes,potential,INT,no,
soccer_1,player attributes,preferred foot,TEXT,no,
soccer_1,player attributes,attacking work rate,TEXT,no,
soccer_1,player attributes,defensive work rate,TEXT,no,
soccer_1,player attributes,crossing,INT,no,
soccer_1,player attributes,finishing,INT,no,
soccer_1,player attributes,heading accuracy,INT,no,
soccer_1,player attributes,short passing,INT,no,
soccer_1,player attributes,volleys,INT,no,
soccer_1,player attributes,dribbling,INT,no,
soccer_1,player attributes,curve,INT,no,
soccer_1,player attributes,free kick accuracy,INT,no,
soccer_1,player attributes,long passing,INT,no,
soccer_1,player attributes,ball control,INT,no,
soccer_1,player attributes,acceleration,INT,no,
soccer_1,player attributes,sprint speed,INT,no,
soccer_1,player attributes,agility,INT,no,
soccer_1,player attributes,reactions,INT,no,
soccer_1,player attributes,balance,INT,no,
soccer_1,player attributes,shot power,INT,no,
soccer_1,player attributes,jumping,INT,no,
soccer_1,player attributes,stamina,INT,no,
soccer_1,player attributes,strength,INT,no,
soccer_1,player attributes,long shots,INT,no,
soccer_1,player attributes,aggression,INT,no,
soccer_1,player attributes,interceptions,INT,no,
soccer_1,player attributes,positioning,INT,no,
soccer_1,player attributes,vision,INT,no,
soccer_1,player attributes,penalties,INT,no,
soccer_1,player attributes,marking,INT,no,
soccer_1,player attributes,standing tackle,INT,no,
soccer_1,player attributes,sliding tackle,INT,no,
soccer_1,player attributes,gk diving,INT,no,
soccer_1,player attributes,gk handling,INT,no,
soccer_1,player attributes,gk kicking,INT,no,
soccer_1,player attributes,gk positioning,INT,no,
soccer_1,player attributes,gk reflexes,INT,no,
soccer_1,sqlite sequence,name,TEXT,no,
soccer_1,sqlite sequence,seq,TEXT,no,
soccer_1,player,id,INT,yes,
soccer_1,player,player api id,INT,no,
soccer_1,player,player name,TEXT,no,
soccer_1,player,player fifa api id,INT,no,
soccer_1,player,birthday,TEXT,no,
soccer_1,player,height,INT,no,
soccer_1,player,weight,INT,no,
soccer_1,league,id,INT,yes,
soccer_1,league,country id,INT,no,country.id
soccer_1,league,name,TEXT,no,
soccer_1,country,id,INT,yes,
soccer_1,country,name,TEXT,no,
soccer_1,team,id,INT,yes,
soccer_1,team,team api id,INT,no,
soccer_1,team,team fifa api id,INT,no,
soccer_1,team,team long name,TEXT,no,
soccer_1,team,team short name,TEXT,no,
soccer_1,team attributes,id,INT,yes,
soccer_1,team attributes,team fifa api id,INT,no,team.team fifa api id
soccer_1,team attributes,team api id,INT,no,team.team api id
soccer_1,team attributes,date,TEXT,no,
soccer_1,team attributes,buildup play speed,INT,no,
soccer_1,team attributes,buildup play speed class,TEXT,no,
soccer_1,team attributes,buildup play dribbling,INT,no,
soccer_1,team attributes,buildup play dribbling class,TEXT,no,
soccer_1,team attributes,buildup play passing,INT,no,
soccer_1,team attributes,buildup play passing class,TEXT,no,
soccer_1,team attributes,buildup play positioning class,TEXT,no,
soccer_1,team attributes,chance creation passing,INT,no,
soccer_1,team attributes,chance creation passing class,TEXT,no,
soccer_1,team attributes,chance creation crossing,INT,no,
soccer_1,team attributes,chance creation crossing class,TEXT,no,
soccer_1,team attributes,chance creation shooting,INT,no,
soccer_1,team attributes,chance creation shooting class,TEXT,no,
soccer_1,team attributes,chance creation positioning class,TEXT,no,
soccer_1,team attributes,defence pressure,INT,no,
soccer_1,team attributes,defence pressure class,TEXT,no,
soccer_1,team attributes,defence aggression,INT,no,
soccer_1,team attributes,defence aggression class,TEXT,no,
soccer_1,team attributes,defence team width,INT,no,
soccer_1,team attributes,defence team width class,TEXT,no,
soccer_1,team attributes,defence defender line class,TEXT,no,
sakila_1,actor,actor id,INT,yes,
sakila_1,actor,first name,TEXT,no,
sakila_1,actor,last name,TEXT,no,
sakila_1,actor,last update,TEXT,no,
sakila_1,address,address id,INT,yes,
sakila_1,address,address,TEXT,no,
sakila_1,address,address2,TEXT,no,
sakila_1,address,district,TEXT,no,
sakila_1,address,city id,INT,no,city.city id
sakila_1,address,postal code,TEXT,no,
sakila_1,address,phone,TEXT,no,
sakila_1,address,last update,TEXT,no,
sakila_1,category,category id,INT,yes,
sakila_1,category,name,TEXT,no,
sakila_1,category,last update,TEXT,no,
sakila_1,city,city id,INT,yes,
sakila_1,city,city,TEXT,no,
sakila_1,city,country id,INT,no,country.country id
sakila_1,city,last update,TEXT,no,
sakila_1,country,country id,INT,yes,
sakila_1,country,country,TEXT,no,
sakila_1,country,last update,TEXT,no,
sakila_1,customer,customer id,INT,yes,
sakila_1,customer,store id,INT,no,store.store id
sakila_1,customer,first name,TEXT,no,
sakila_1,customer,last name,TEXT,no,
sakila_1,customer,email,TEXT,no,
sakila_1,customer,address id,INT,no,address.address id
sakila_1,customer,active,INT,no,
sakila_1,customer,create date,TEXT,no,
sakila_1,customer,last update,TEXT,no,
sakila_1,film,film id,INT,yes,
sakila_1,film,title,TEXT,no,
sakila_1,film,description,TEXT,no,
sakila_1,film,release year,TEXT,no,
sakila_1,film,language id,INT,no,language.language id
sakila_1,film,original language id,INT,no,language.language id
sakila_1,film,rental duration,INT,no,
sakila_1,film,rental rate,INT,no,
sakila_1,film,length,INT,no,
sakila_1,film,replacement cost,INT,no,
sakila_1,film,rating,TEXT,no,
sakila_1,film,special features,TEXT,no,
sakila_1,film,last update,TEXT,no,
sakila_1,film actor,actor id,INT,yes,actor.actor id
sakila_1,film actor,film id,INT,no,film.film id
sakila_1,film actor,last update,TEXT,no,
sakila_1,film category,film id,INT,yes,film.film id
sakila_1,film category,category id,INT,no,category.category id
sakila_1,film category,last update,TEXT,no,
sakila_1,film text,film id,INT,yes,
sakila_1,film text,title,TEXT,no,
sakila_1,film text,description,TEXT,no,
sakila_1,inventory,inventory id,INT,yes,
sakila_1,inventory,film id,INT,no,film.film id
sakila_1,inventory,store id,INT,no,store.store id
sakila_1,inventory,last update,TEXT,no,
sakila_1,language,language id,INT,yes,
sakila_1,language,name,TEXT,no,
sakila_1,language,last update,TEXT,no,
sakila_1,payment,payment id,INT,yes,
sakila_1,payment,customer id,INT,no,customer.customer id
sakila_1,payment,staff id,INT,no,staff.staff id
sakila_1,payment,rental id,INT,no,rental.rental id
sakila_1,payment,amount,INT,no,
sakila_1,payment,payment date,TEXT,no,
sakila_1,payment,last update,TEXT,no,
sakila_1,rental,rental id,INT,yes,
sakila_1,rental,rental date,TEXT,no,
sakila_1,rental,inventory id,INT,no,inventory.inventory id
sakila_1,rental,customer id,INT,no,customer.customer id
sakila_1,rental,return date,TEXT,no,
sakila_1,rental,staff id,INT,no,staff.staff id
sakila_1,rental,last update,TEXT,no,
sakila_1,staff,staff id,INT,yes,
sakila_1,staff,first name,TEXT,no,
sakila_1,staff,last name,TEXT,no,
sakila_1,staff,address id,INT,no,address.address id
sakila_1,staff,picture,TEXT,no,
sakila_1,staff,email,TEXT,no,
sakila_1,staff,store id,INT,no,
sakila_1,staff,active,INT,no,
sakila_1,staff,username,TEXT,no,
sakila_1,staff,password,TEXT,no,
sakila_1,staff,last update,TEXT,no,
sakila_1,store,store id,INT,yes,
sakila_1,store,manager staff id,INT,no,staff.staff id
sakila_1,store,address id,INT,no,address.address id
sakila_1,store,last update,TEXT,no,
real_estate_properties,reference feature types,feature type code,TEXT,yes,
real_estate_properties,reference feature types,feature type name,TEXT,no,
real_estate_properties,reference property types,property type code,TEXT,yes,
real_estate_properties,reference property types,property type description,TEXT,no,
real_estate_properties,other available features,feature id,INT,yes,
real_estate_properties,other available features,feature type code,TEXT,no,reference feature types.feature type code
real_estate_properties,other available features,feature name,TEXT,no,
real_estate_properties,other available features,feature description,TEXT,no,
real_estate_properties,properties,property id,INT,yes,
real_estate_properties,properties,property type code,TEXT,no,reference property types.property type code
real_estate_properties,properties,date on market,TEXT,no,
real_estate_properties,properties,date sold,TEXT,no,
real_estate_properties,properties,property name,TEXT,no,
real_estate_properties,properties,property address,TEXT,no,
real_estate_properties,properties,room count,INT,no,
real_estate_properties,properties,vendor requested price,INT,no,
real_estate_properties,properties,buyer offered price,INT,no,
real_estate_properties,properties,agreed selling price,INT,no,
real_estate_properties,properties,apt feature 1,TEXT,no,
real_estate_properties,properties,apt feature 2,TEXT,no,
real_estate_properties,properties,apt feature 3,TEXT,no,
real_estate_properties,properties,fld feature 1,TEXT,no,
real_estate_properties,properties,fld feature 2,TEXT,no,
real_estate_properties,properties,fld feature 3,TEXT,no,
real_estate_properties,properties,hse feature 1,TEXT,no,
real_estate_properties,properties,hse feature 2,TEXT,no,
real_estate_properties,properties,hse feature 3,TEXT,no,
real_estate_properties,properties,oth feature 1,TEXT,no,
real_estate_properties,properties,oth feature 2,TEXT,no,
real_estate_properties,properties,oth feature 3,TEXT,no,
real_estate_properties,properties,shp feature 1,TEXT,no,
real_estate_properties,properties,shp feature 2,TEXT,no,
real_estate_properties,properties,shp feature 3,TEXT,no,
real_estate_properties,properties,other property details,TEXT,no,
real_estate_properties,other property features,property id,INT,no,properties.property id
real_estate_properties,other property features,feature id,INT,no,other available features.feature id
real_estate_properties,other property features,property feature description,TEXT,no,
college_3,student,student id,INT,yes,
college_3,student,last name,TEXT,no,
college_3,student,first name,TEXT,no,
college_3,student,age,INT,no,
college_3,student,sex,TEXT,no,
college_3,student,major,INT,no,
college_3,student,advisor,INT,no,
college_3,student,city code,TEXT,no,
college_3,faculty,faculty id,INT,yes,
college_3,faculty,last name,TEXT,no,
college_3,faculty,first name,TEXT,no,
college_3,faculty,rank,TEXT,no,
college_3,faculty,sex,TEXT,no,
college_3,faculty,phone,INT,no,
college_3,faculty,room,TEXT,no,
college_3,faculty,building,TEXT,no,
college_3,department,department number,INT,yes,
college_3,department,division,TEXT,no,
college_3,department,department name,TEXT,no,
college_3,department,room,TEXT,no,
college_3,department,building,TEXT,no,
college_3,department,department phone,INT,no,
college_3,member of,faculty id,INT,no,faculty.faculty id
college_3,member of,department number,INT,no,department.department number
college_3,member of,appt type,TEXT,no,
college_3,course,course id,TEXT,yes,
college_3,course,course name,TEXT,no,
college_3,course,credits,INT,no,
college_3,course,instructor,INT,no,faculty.faculty id
college_3,course,days,TEXT,no,
college_3,course,hours,TEXT,no,
college_3,course,department number,INT,no,department.department number
college_3,minor in,student id,INT,no,student.student id
college_3,minor in,department number,INT,no,department.department number
college_3,enrolled in,student id,INT,no,student.student id
college_3,enrolled in,course id,TEXT,no,course.course id
college_3,enrolled in,grade,TEXT,no,grade conversion.letter grade
college_3,grade conversion,letter grade,TEXT,yes,
college_3,grade conversion,grade point,INT,no,
course_teach,course,course id,INT,yes,
course_teach,course,staring date,TEXT,no,
course_teach,course,course,TEXT,no,
course_teach,teacher,teacher id,INT,yes,
course_teach,teacher,name,TEXT,no,
course_teach,teacher,age,TEXT,no,
course_teach,teacher,hometown,TEXT,no,
course_teach,course arrange,course id,INT,yes,course.course id
course_teach,course arrange,teacher id,INT,no,teacher.teacher id
course_teach,course arrange,grade,INT,no,
roller_coaster,roller coaster,roller coaster id,INT,yes,
roller_coaster,roller coaster,name,TEXT,no,
roller_coaster,roller coaster,park,TEXT,no,
roller_coaster,roller coaster,country id,INT,no,country.country id
roller_coaster,roller coaster,length,INT,no,
roller_coaster,roller coaster,height,INT,no,
roller_coaster,roller coaster,speed,TEXT,no,
roller_coaster,roller coaster,opened,TEXT,no,
roller_coaster,roller coaster,status,TEXT,no,
roller_coaster,country,country id,INT,yes,
roller_coaster,country,name,TEXT,no,
roller_coaster,country,population,INT,no,
roller_coaster,country,area,INT,no,
roller_coaster,country,languages,TEXT,no,
customer_deliveries,products,product id,INT,yes,
customer_deliveries,products,product name,TEXT,no,
customer_deliveries,products,product price,INT,no,
customer_deliveries,products,product description,TEXT,no,
customer_deliveries,addresses,address id,INT,yes,
customer_deliveries,addresses,address details,TEXT,no,
customer_deliveries,addresses,city,TEXT,no,
customer_deliveries,addresses,zip postcode,TEXT,no,
customer_deliveries,addresses,state province county,TEXT,no,
customer_deliveries,addresses,country,TEXT,no,
customer_deliveries,customers,customer id,INT,yes,
customer_deliveries,customers,payment method,TEXT,no,
customer_deliveries,customers,customer name,TEXT,no,
customer_deliveries,customers,customer phone,TEXT,no,
customer_deliveries,customers,customer email,TEXT,no,
customer_deliveries,customers,date became customer,TEXT,no,
customer_deliveries,regular orders,regular order id,INT,yes,
customer_deliveries,regular orders,distributer id,INT,no,customers.customer id
customer_deliveries,regular order products,regular order id,INT,no,regular orders.regular order id
customer_deliveries,regular order products,product id,INT,no,products.product id
customer_deliveries,actual orders,actual order id,INT,yes,
customer_deliveries,actual orders,order status code,TEXT,no,
customer_deliveries,actual orders,regular order id,INT,no,regular orders.regular order id
customer_deliveries,actual orders,actual order date,TEXT,no,
customer_deliveries,actual order products,actual order id,INT,no,actual orders.actual order id
customer_deliveries,actual order products,product id,INT,no,products.product id
customer_deliveries,customer addresses,customer id,INT,no,customers.customer id
customer_deliveries,customer addresses,address id,INT,no,addresses.address id
customer_deliveries,customer addresses,date from,TEXT,no,
customer_deliveries,customer addresses,address type,TEXT,no,
customer_deliveries,customer addresses,date to,TEXT,no,
customer_deliveries,delivery routes,route id,INT,yes,
customer_deliveries,delivery routes,route name,TEXT,no,
customer_deliveries,delivery routes,other route details,TEXT,no,
customer_deliveries,delivery route locations,location code,TEXT,yes,
customer_deliveries,delivery route locations,route id,INT,no,delivery routes.route id
customer_deliveries,delivery route locations,location address id,INT,no,addresses.address id
customer_deliveries,delivery route locations,location name,TEXT,no,
customer_deliveries,trucks,truck id,INT,yes,
customer_deliveries,trucks,truck licence number,TEXT,no,
customer_deliveries,trucks,truck details,TEXT,no,
customer_deliveries,employees,employee id,INT,yes,
customer_deliveries,employees,employee address id,INT,no,addresses.address id
customer_deliveries,employees,employee name,TEXT,no,
customer_deliveries,employees,employee phone,TEXT,no,
customer_deliveries,order deliveries,location code,TEXT,no,delivery route locations.location code
customer_deliveries,order deliveries,actual order id,INT,no,actual orders.actual order id
customer_deliveries,order deliveries,delivery status code,TEXT,no,
customer_deliveries,order deliveries,driver employee id,INT,no,employees.employee id
customer_deliveries,order deliveries,truck id,INT,no,trucks.truck id
customer_deliveries,order deliveries,delivery date,TEXT,no,
game_injury,stadium,id,INT,yes,
game_injury,stadium,name,TEXT,no,
game_injury,stadium,home games,INT,no,
game_injury,stadium,average attendance,INT,no,
game_injury,stadium,total attendance,INT,no,
game_injury,stadium,capacity percentage,INT,no,
game_injury,game,stadium id,INT,no,stadium.id
game_injury,game,id,INT,yes,
game_injury,game,season,INT,no,
game_injury,game,date,TEXT,no,
game_injury,game,home team,TEXT,no,
game_injury,game,away team,TEXT,no,
game_injury,game,score,TEXT,no,
game_injury,game,competition,TEXT,no,
game_injury,injury accident,game id,INT,no,game.id
game_injury,injury accident,id,INT,yes,
game_injury,injury accident,player,TEXT,no,
game_injury,injury accident,injury,TEXT,no,
game_injury,injury accident,number of matches,TEXT,no,
game_injury,injury accident,source,TEXT,no,
school_finance,school,school id,TEXT,yes,
school_finance,school,school name,TEXT,no,
school_finance,school,location,TEXT,no,
school_finance,school,mascot,TEXT,no,
school_finance,school,enrollment,INT,no,
school_finance,school,ihsaa class,TEXT,no,
school_finance,school,ihsaa football class,TEXT,no,
school_finance,school,county,TEXT,no,
school_finance,budget,school id,INT,yes,school.school id
school_finance,budget,year,INT,no,
school_finance,budget,budgeted,INT,no,
school_finance,budget,total budget percent budgeted,INT,no,
school_finance,budget,invested,INT,no,
school_finance,budget,total budget percent invested,INT,no,
school_finance,budget,budget invested percent,TEXT,no,
school_finance,endowment,endowment id,INT,yes,
school_finance,endowment,school id,INT,no,school.school id
school_finance,endowment,donator name,TEXT,no,
school_finance,endowment,amount,INT,no,
scholar,venue,venue id,INT,yes,
scholar,venue,venue name,TEXT,no,
scholar,author,author id,INT,yes,
scholar,author,author name,TEXT,no,
scholar,dataset,dataset id,INT,yes,
scholar,dataset,dataset name,TEXT,no,
scholar,journal,journal id,INT,yes,
scholar,journal,journal name,TEXT,no,
scholar,key phrase,key phrase id,INT,yes,
scholar,key phrase,key phrase name,TEXT,no,
scholar,paper,paper id,INT,yes,
scholar,paper,title,TEXT,no,
scholar,paper,venue id,INT,no,venue.venue id
scholar,paper,year,INT,no,
scholar,paper,number citing,INT,no,
scholar,paper,number cited by,INT,no,
scholar,paper,journal id,INT,no,journal.journal id
scholar,cite,citing paper id,INT,yes,paper.paper id
scholar,cite,cited paper id,INT,no,paper.paper id
scholar,paper dataset,paper id,INT,no,
scholar,paper dataset,dataset id,INT,yes,
scholar,paper key phrase,paper id,INT,no,paper.paper id
scholar,paper key phrase,key phrase id,INT,yes,key phrase.key phrase id
scholar,writes,paper id,INT,yes,paper.paper id
scholar,writes,author id,INT,no,author.author id
voter_1,area code state,area code,INT,yes,
voter_1,area code state,state,TEXT,no,
voter_1,contestants,contestant number,INT,yes,
voter_1,contestants,contestant name,TEXT,no,
voter_1,votes,vote id,INT,yes,
voter_1,votes,phone number,INT,no,
voter_1,votes,state,TEXT,no,area code state.state
voter_1,votes,contestant number,INT,no,contestants.contestant number
voter_1,votes,created,TEXT,no,
match_season,country,country id,INT,yes,
match_season,country,country name,TEXT,no,
match_season,country,capital,TEXT,no,
match_season,country,official native language,TEXT,no,
match_season,team,team id,INT,yes,
match_season,team,name,TEXT,no,
match_season,match season,season,INT,yes,
match_season,match season,player,TEXT,no,
match_season,match season,position,TEXT,no,
match_season,match season,country,INT,no,country.country id
match_season,match season,team,INT,no,team.team id
match_season,match season,draft pick number,INT,no,
match_season,match season,draft class,TEXT,no,
match_season,match season,college,TEXT,no,
match_season,player,player id,INT,yes,
match_season,player,player,TEXT,no,
match_season,player,years played,TEXT,no,
match_season,player,total wl,TEXT,no,
match_season,player,singles wl,TEXT,no,
match_season,player,doubles wl,TEXT,no,
match_season,player,team,INT,no,team.team id
small_bank_1,accounts,customer id,INT,yes,
small_bank_1,accounts,name,TEXT,no,
small_bank_1,savings,customer id,INT,yes,accounts.customer id
small_bank_1,savings,balance,INT,no,
small_bank_1,checking,customer id,INT,yes,accounts.customer id
small_bank_1,checking,balance,INT,no,
wta_1,players,player id,INT,yes,
wta_1,players,first name,TEXT,no,
wta_1,players,last name,TEXT,no,
wta_1,players,hand,TEXT,no,
wta_1,players,birth date,TEXT,no,
wta_1,players,country code,TEXT,no,
wta_1,matches,best of,INT,no,
wta_1,matches,draw size,INT,no,
wta_1,matches,loser age,INT,no,
wta_1,matches,loser entry,TEXT,no,
wta_1,matches,loser hand,TEXT,no,
wta_1,matches,loser ht,INT,no,
wta_1,matches,loser id,INT,no,players.player id
wta_1,matches,loser ioc,TEXT,no,
wta_1,matches,loser name,TEXT,no,
wta_1,matches,loser rank,INT,no,
wta_1,matches,loser rank points,INT,no,
wta_1,matches,loser seed,INT,no,
wta_1,matches,match num,INT,no,
wta_1,matches,minutes,INT,no,
wta_1,matches,round,TEXT,no,
wta_1,matches,score,TEXT,no,
wta_1,matches,surface,TEXT,no,
wta_1,matches,tourney date,TEXT,no,
wta_1,matches,tourney id,TEXT,no,
wta_1,matches,tourney level,TEXT,no,
wta_1,matches,tourney name,TEXT,no,
wta_1,matches,winner age,INT,no,
wta_1,matches,winner entry,TEXT,no,
wta_1,matches,winner hand,TEXT,no,
wta_1,matches,winner ht,INT,no,
wta_1,matches,winner id,INT,no,players.player id
wta_1,matches,winner ioc,TEXT,no,
wta_1,matches,winner name,TEXT,no,
wta_1,matches,winner rank,INT,no,
wta_1,matches,winner rank points,INT,no,
wta_1,matches,winner seed,INT,no,
wta_1,matches,year,INT,no,
wta_1,rankings,ranking date,TEXT,no,
wta_1,rankings,ranking,INT,no,
wta_1,rankings,player id,INT,no,players.player id
wta_1,rankings,ranking points,INT,no,
wta_1,rankings,tours,INT,no,
yelp,business,bid,INT,yes,
yelp,business,business id,TEXT,no,
yelp,business,name,TEXT,no,
yelp,business,full address,TEXT,no,
yelp,business,city,TEXT,no,
yelp,business,latitude,TEXT,no,
yelp,business,longitude,TEXT,no,
yelp,business,review count,INT,no,
yelp,business,is open,INT,no,
yelp,business,rating,INT,no,
yelp,business,state,TEXT,no,
yelp,category,id,INT,yes,
yelp,category,business id,TEXT,no,business.business id
yelp,category,category name,TEXT,no,
yelp,user,uid,INT,yes,
yelp,user,user id,TEXT,no,
yelp,user,name,TEXT,no,
yelp,checkin,cid,INT,yes,
yelp,checkin,business id,TEXT,no,business.business id
yelp,checkin,count,INT,no,
yelp,checkin,day,TEXT,no,
yelp,neighbourhood,id,INT,yes,
yelp,neighbourhood,business id,TEXT,no,business.business id
yelp,neighbourhood,neighbourhood name,TEXT,no,
yelp,review,rid,INT,yes,
yelp,review,business id,TEXT,no,business.business id
yelp,review,user id,TEXT,no,user.user id
yelp,review,rating,INT,no,
yelp,review,text,TEXT,no,
yelp,review,year,INT,no,
yelp,review,month,TEXT,no,
yelp,tip,tip id,INT,yes,
yelp,tip,business id,TEXT,no,business.business id
yelp,tip,text,TEXT,no,
yelp,tip,user id,TEXT,no,user.user id
yelp,tip,likes,INT,no,
yelp,tip,year,INT,no,
yelp,tip,month,TEXT,no,
student_1,list,last name,TEXT,yes,
student_1,list,first name,TEXT,no,
student_1,list,grade,INT,no,
student_1,list,class room,INT,no,
student_1,teachers,last name,TEXT,yes,
student_1,teachers,first name,TEXT,no,
student_1,teachers,class room,INT,no,
manufacturer,manufacturer,manufacturer id,INT,yes,
manufacturer,manufacturer,open year,INT,no,
manufacturer,manufacturer,name,TEXT,no,
manufacturer,manufacturer,num of factories,INT,no,
manufacturer,manufacturer,num of shops,INT,no,
manufacturer,furniture,furniture id,INT,yes,
manufacturer,furniture,name,TEXT,no,
manufacturer,furniture,num of component,INT,no,
manufacturer,furniture,market rate,INT,no,
manufacturer,furniture manufacte,manufacturer id,INT,yes,manufacturer.manufacturer id
manufacturer,furniture manufacte,furniture id,INT,no,furniture.furniture id
manufacturer,furniture manufacte,price in dollar,INT,no,
store_1,sqlite sequence,name,INT,yes,
store_1,sqlite sequence,seq,TEXT,no,
store_1,artists,id,TEXT,no,
store_1,artists,name,TEXT,no,
store_1,albums,id,INT,yes,
store_1,albums,title,TEXT,no,
store_1,albums,artist id,INT,no,sqlite sequence.name
store_1,employees,id,INT,yes,
store_1,employees,last name,TEXT,no,
store_1,employees,first name,TEXT,no,
store_1,employees,title,TEXT,no,
store_1,employees,reports to,INT,no,employees.id
store_1,employees,birth date,TEXT,no,
store_1,employees,hire date,TEXT,no,
store_1,employees,address,TEXT,no,
store_1,employees,city,TEXT,no,
store_1,employees,state,TEXT,no,
store_1,employees,country,TEXT,no,
store_1,employees,postal code,TEXT,no,
store_1,employees,phone,TEXT,no,
store_1,employees,fax,TEXT,no,
store_1,employees,email,TEXT,no,
store_1,customers,id,INT,yes,
store_1,customers,first name,TEXT,no,
store_1,customers,last name,TEXT,no,
store_1,customers,company,TEXT,no,
store_1,customers,address,TEXT,no,
store_1,customers,city,TEXT,no,
store_1,customers,state,TEXT,no,
store_1,customers,country,TEXT,no,
store_1,customers,postal code,TEXT,no,
store_1,customers,phone,TEXT,no,
store_1,customers,fax,TEXT,no,
store_1,customers,email,TEXT,no,
store_1,customers,support rep id,INT,no,employees.id
store_1,genres,id,INT,yes,
store_1,genres,name,TEXT,no,
store_1,invoices,id,INT,yes,
store_1,invoices,customer id,INT,no,customers.id
store_1,invoices,invoice date,TEXT,no,
store_1,invoices,billing address,TEXT,no,
store_1,invoices,billing city,TEXT,no,
store_1,invoices,billing state,TEXT,no,
store_1,invoices,billing country,TEXT,no,
store_1,invoices,billing postal code,TEXT,no,
store_1,invoices,total,INT,no,
store_1,media types,id,INT,yes,
store_1,media types,name,TEXT,no,
store_1,tracks,id,INT,yes,
store_1,tracks,name,TEXT,no,
store_1,tracks,album id,INT,no,albums.id
store_1,tracks,media type id,INT,no,media types.id
store_1,tracks,genre id,INT,no,genres.id
store_1,tracks,composer,TEXT,no,
store_1,tracks,milliseconds,INT,no,
store_1,tracks,bytes,INT,no,
store_1,tracks,unit price,INT,no,
store_1,invoice lines,id,INT,yes,
store_1,invoice lines,invoice id,INT,no,invoices.id
store_1,invoice lines,track id,INT,no,tracks.id
store_1,invoice lines,unit price,INT,no,
store_1,invoice lines,quantity,INT,no,
store_1,playlists,id,INT,yes,
store_1,playlists,name,TEXT,no,
store_1,playlist tracks,playlist id,INT,yes,playlists.id
store_1,playlist tracks,track id,INT,no,tracks.id
train_station,station,station id,INT,yes,
train_station,station,name,TEXT,no,
train_station,station,annual entry exit,INT,no,
train_station,station,annual interchanges,INT,no,
train_station,station,total passengers,INT,no,
train_station,station,location,TEXT,no,
train_station,station,main services,TEXT,no,
train_station,station,number of platforms,INT,no,
train_station,train,train id,INT,yes,
train_station,train,name,TEXT,no,
train_station,train,time,TEXT,no,
train_station,train,service,TEXT,no,
train_station,train station,train id,INT,yes,train.train id
train_station,train station,station id,INT,no,station.station id
document_management,roles,role code,TEXT,yes,
document_management,roles,role description,TEXT,no,
document_management,users,user id,INT,yes,
document_management,users,role code,TEXT,no,roles.role code
document_management,users,user name,TEXT,no,
document_management,users,user login,TEXT,no,
document_management,users,password,TEXT,no,
document_management,document structures,document structure code,TEXT,yes,
document_management,document structures,parent document structure code,TEXT,no,
document_management,document structures,document structure description,TEXT,no,
document_management,functional areas,functional area code,TEXT,yes,
document_management,functional areas,parent functional area code,TEXT,no,
document_management,functional areas,functional area description,TEXT,no,
document_management,images,image id,INT,yes,
document_management,images,image alt text,TEXT,no,
document_management,images,image name,TEXT,no,
document_management,images,image url,TEXT,no,
document_management,documents,document code,TEXT,yes,
document_management,documents,document structure code,TEXT,no,document structures.document structure code
document_management,documents,document type code,TEXT,no,
document_management,documents,access count,INT,no,
document_management,documents,document name,TEXT,no,
document_management,document functional areas,document code,TEXT,no,documents.document code
document_management,document functional areas,functional area code,TEXT,no,functional areas.functional area code
document_management,document sections,section id,INT,yes,
document_management,document sections,document code,TEXT,no,documents.document code
document_management,document sections,section sequence,INT,no,
document_management,document sections,section code,TEXT,no,
document_management,document sections,section title,TEXT,no,
document_management,document sections images,section id,INT,yes,document sections.section id
document_management,document sections images,image id,INT,no,images.image id
formula_1,circuits,circuit id,INT,yes,
formula_1,circuits,circuit reference,TEXT,no,
formula_1,circuits,name,TEXT,no,
formula_1,circuits,location,TEXT,no,
formula_1,circuits,country,TEXT,no,
formula_1,circuits,latitude,INT,no,
formula_1,circuits,longitude,INT,no,
formula_1,circuits,altitude,INT,no,
formula_1,circuits,url,TEXT,no,
formula_1,races,race id,INT,yes,
formula_1,races,year,INT,no,
formula_1,races,round,INT,no,
formula_1,races,circuit id,INT,no,circuits.circuit id
formula_1,races,name,TEXT,no,
formula_1,races,date,TEXT,no,
formula_1,races,time,TEXT,no,
formula_1,races,url,TEXT,no,
formula_1,drivers,driver id,INT,yes,
formula_1,drivers,driver reference,TEXT,no,
formula_1,drivers,number,INT,no,
formula_1,drivers,code,TEXT,no,
formula_1,drivers,forename,TEXT,no,
formula_1,drivers,surname,TEXT,no,
formula_1,drivers,dob,TEXT,no,
formula_1,drivers,nationality,TEXT,no,
formula_1,drivers,url,TEXT,no,
formula_1,status,status id,INT,yes,
formula_1,status,status,TEXT,no,
formula_1,seasons,year,INT,yes,
formula_1,seasons,url,TEXT,no,
formula_1,constructors,constructor id,INT,yes,
formula_1,constructors,constructor reference,TEXT,no,
formula_1,constructors,name,TEXT,no,
formula_1,constructors,nationality,TEXT,no,
formula_1,constructors,url,TEXT,no,
formula_1,constructor standings,constructor standings id,INT,yes,
formula_1,constructor standings,race id,INT,no,races.race id
formula_1,constructor standings,constructor id,INT,no,constructors.constructor id
formula_1,constructor standings,points,INT,no,
formula_1,constructor standings,position,INT,no,
formula_1,constructor standings,position text,TEXT,no,
formula_1,constructor standings,wins,INT,no,
formula_1,results,result id,INT,yes,
formula_1,results,race id,INT,no,races.race id
formula_1,results,driver id,INT,no,drivers.driver id
formula_1,results,constructor id,INT,no,constructors.constructor id
formula_1,results,number,INT,no,
formula_1,results,grid,INT,no,
formula_1,results,position,INT,no,
formula_1,results,position text,TEXT,no,
formula_1,results,position order,INT,no,
formula_1,results,points,INT,no,
formula_1,results,laps,INT,no,
formula_1,results,time,TEXT,no,
formula_1,results,milliseconds,INT,no,
formula_1,results,fastest lap,INT,no,
formula_1,results,rank,INT,no,
formula_1,results,fastest lap time,TEXT,no,
formula_1,results,fastest lap speed,TEXT,no,
formula_1,results,status id,INT,no,
formula_1,driver standings,driver standings id,INT,yes,
formula_1,driver standings,race id,INT,no,races.race id
formula_1,driver standings,driver id,INT,no,drivers.driver id
formula_1,driver standings,points,INT,no,
formula_1,driver standings,position,INT,no,
formula_1,driver standings,position text,TEXT,no,
formula_1,driver standings,wins,INT,no,
formula_1,constructor results,constructor results id,INT,yes,
formula_1,constructor results,race id,INT,no,races.race id
formula_1,constructor results,constructor id,INT,no,constructors.constructor id
formula_1,constructor results,points,INT,no,
formula_1,constructor results,status,INT,no,
formula_1,qualifying,qualify id,INT,yes,
formula_1,qualifying,race id,INT,no,races.race id
formula_1,qualifying,driver id,INT,no,drivers.driver id
formula_1,qualifying,constructor id,INT,no,constructors.constructor id
formula_1,qualifying,number,INT,no,
formula_1,qualifying,position,INT,no,
formula_1,qualifying,q1,TEXT,no,
formula_1,qualifying,q2,TEXT,no,
formula_1,qualifying,q3,TEXT,no,
formula_1,pit stops,race id,INT,yes,races.race id
formula_1,pit stops,driver id,INT,no,drivers.driver id
formula_1,pit stops,stop,INT,no,
formula_1,pit stops,lap,INT,no,
formula_1,pit stops,time,TEXT,no,
formula_1,pit stops,duration,TEXT,no,
formula_1,pit stops,milliseconds,INT,no,
formula_1,lap times,race id,INT,yes,races.race id
formula_1,lap times,driver id,INT,no,drivers.driver id
formula_1,lap times,lap,INT,no,
formula_1,lap times,position,INT,no,
formula_1,lap times,time,TEXT,no,
formula_1,lap times,milliseconds,INT,no,
game_1,student,student id,INT,yes,
game_1,student,last name,TEXT,no,
game_1,student,first name,TEXT,no,
game_1,student,age,INT,no,
game_1,student,sex,TEXT,no,
game_1,student,major,INT,no,
game_1,student,advisor,INT,no,
game_1,student,city code,TEXT,no,
game_1,video games,game id,INT,yes,
game_1,video games,game name,TEXT,no,
game_1,video games,game type,TEXT,no,
game_1,plays games,student id,INT,no,student.student id
game_1,plays games,game id,INT,no,video games.game id
game_1,plays games,hours played,INT,no,
game_1,sports info,student id,INT,no,student.student id
game_1,sports info,sport name,TEXT,no,
game_1,sports info,hours per week,INT,no,
game_1,sports info,games played,INT,no,
game_1,sports info,on scholarship,TEXT,no,
loan_1,bank,branch id,INT,yes,
loan_1,bank,bname,TEXT,no,
loan_1,bank,no of customers,INT,no,
loan_1,bank,city,TEXT,no,
loan_1,bank,state,TEXT,no,
loan_1,customer,customer id,TEXT,yes,
loan_1,customer,customer name,TEXT,no,
loan_1,customer,account type,TEXT,no,
loan_1,customer,account balance,INT,no,
loan_1,customer,number of loans,INT,no,
loan_1,customer,credit score,INT,no,
loan_1,customer,branch id,INT,no,bank.branch id
loan_1,customer,state,TEXT,no,
loan_1,loan,loan id,TEXT,yes,
loan_1,loan,loan type,TEXT,no,
loan_1,loan,customer id,TEXT,no,
loan_1,loan,branch id,TEXT,no,bank.branch id
loan_1,loan,amount,INT,no,
bike_1,station,id,INT,yes,
bike_1,station,name,TEXT,no,
bike_1,station,latitude,INT,no,
bike_1,station,longitude,INT,no,
bike_1,station,dock count,INT,no,
bike_1,station,city,TEXT,no,
bike_1,station,installation date,TEXT,no,
bike_1,status,station id,INT,no,station.id
bike_1,status,bikes available,INT,no,
bike_1,status,docks available,INT,no,
bike_1,status,time,TEXT,no,
bike_1,trip,id,INT,yes,
bike_1,trip,duration,INT,no,
bike_1,trip,start date,TEXT,no,
bike_1,trip,start station name,TEXT,no,
bike_1,trip,start station id,INT,no,
bike_1,trip,end date,TEXT,no,
bike_1,trip,end station name,TEXT,no,
bike_1,trip,end station id,INT,no,
bike_1,trip,bike id,INT,no,
bike_1,trip,subscription type,TEXT,no,
bike_1,trip,zip code,INT,no,
bike_1,weather,date,TEXT,no,
bike_1,weather,max temperature f,INT,no,
bike_1,weather,mean temperature f,INT,no,
bike_1,weather,min temperature f,INT,no,
bike_1,weather,max dew point f,INT,no,
bike_1,weather,mean dew point f,INT,no,
bike_1,weather,min dew point f,INT,no,
bike_1,weather,max humidity,INT,no,
bike_1,weather,mean humidity,INT,no,
bike_1,weather,min humidity,INT,no,
bike_1,weather,max sea level pressure inches,INT,no,
bike_1,weather,mean sea level pressure inches,INT,no,
bike_1,weather,min sea level pressure inches,INT,no,
bike_1,weather,max visibility miles,INT,no,
bike_1,weather,mean visibility miles,INT,no,
bike_1,weather,min visibility miles,INT,no,
bike_1,weather,max wind speed mph,INT,no,
bike_1,weather,mean wind speed mph,INT,no,
bike_1,weather,max gust speed mph,INT,no,
bike_1,weather,precipitation inches,INT,no,
bike_1,weather,cloud cover,INT,no,
bike_1,weather,events,TEXT,no,
bike_1,weather,wind dir degrees,INT,no,
bike_1,weather,zip code,INT,no,
entrepreneur,entrepreneur,entrepreneur id,INT,yes,
entrepreneur,entrepreneur,people id,INT,no,people.people id
entrepreneur,entrepreneur,company,TEXT,no,
entrepreneur,entrepreneur,money requested,INT,no,
entrepreneur,entrepreneur,investor,TEXT,no,
entrepreneur,people,people id,INT,yes,
entrepreneur,people,name,TEXT,no,
entrepreneur,people,height,INT,no,
entrepreneur,people,weight,INT,no,
entrepreneur,people,date of birth,TEXT,no,
orchestra,conductor,conductor id,INT,yes,
orchestra,conductor,name,TEXT,no,
orchestra,conductor,age,INT,no,
orchestra,conductor,nationality,TEXT,no,
orchestra,conductor,year of work,INT,no,
orchestra,orchestra,orchestra id,INT,yes,
orchestra,orchestra,orchestra,TEXT,no,
orchestra,orchestra,conductor id,INT,no,conductor.conductor id
orchestra,orchestra,record company,TEXT,no,
orchestra,orchestra,year of founded,INT,no,
orchestra,orchestra,major record format,TEXT,no,
orchestra,performance,performance id,INT,yes,
orchestra,performance,orchestra id,INT,no,orchestra.orchestra id
orchestra,performance,type,TEXT,no,
orchestra,performance,date,TEXT,no,
orchestra,performance,official ratings (millions),INT,no,
orchestra,performance,weekly rank,TEXT,no,
orchestra,performance,share,TEXT,no,
orchestra,show,show id,INT,no,
orchestra,show,performance id,INT,no,performance.performance id
orchestra,show,if first show,TEXT,no,
orchestra,show,result,TEXT,no,
orchestra,show,attendance,INT,no,
cre_Drama_Workshop_Groups,reference payment methods,payment method code,TEXT,yes,
cre_Drama_Workshop_Groups,reference payment methods,payment method description,TEXT,no,
cre_Drama_Workshop_Groups,reference service types,service type code,TEXT,yes,
cre_Drama_Workshop_Groups,reference service types,parent service type code,TEXT,no,
cre_Drama_Workshop_Groups,reference service types,service type description,TEXT,no,
cre_Drama_Workshop_Groups,addresses,address id,TEXT,yes,
cre_Drama_Workshop_Groups,addresses,line 1,TEXT,no,
cre_Drama_Workshop_Groups,addresses,line 2,TEXT,no,
cre_Drama_Workshop_Groups,addresses,city town,TEXT,no,
cre_Drama_Workshop_Groups,addresses,state county,TEXT,no,
cre_Drama_Workshop_Groups,addresses,other details,TEXT,no,
cre_Drama_Workshop_Groups,products,product id,TEXT,yes,
cre_Drama_Workshop_Groups,products,product name,TEXT,no,
cre_Drama_Workshop_Groups,products,product price,INT,no,
cre_Drama_Workshop_Groups,products,product description,TEXT,no,
cre_Drama_Workshop_Groups,products,other product service details,TEXT,no,
cre_Drama_Workshop_Groups,marketing regions,marketing region code,TEXT,yes,
cre_Drama_Workshop_Groups,marketing regions,marketing region name,TEXT,no,
cre_Drama_Workshop_Groups,marketing regions,marketing region descriptrion,TEXT,no,
cre_Drama_Workshop_Groups,marketing regions,other details,TEXT,no,
cre_Drama_Workshop_Groups,clients,client id,INT,yes,
cre_Drama_Workshop_Groups,clients,address id,INT,no,addresses.address id
cre_Drama_Workshop_Groups,clients,customer email address,TEXT,no,
cre_Drama_Workshop_Groups,clients,customer name,TEXT,no,
cre_Drama_Workshop_Groups,clients,customer phone,TEXT,no,
cre_Drama_Workshop_Groups,clients,other details,TEXT,no,
cre_Drama_Workshop_Groups,drama workshop groups,workshop group id,INT,yes,
cre_Drama_Workshop_Groups,drama workshop groups,address id,INT,no,addresses.address id
cre_Drama_Workshop_Groups,drama workshop groups,currency code,TEXT,no,
cre_Drama_Workshop_Groups,drama workshop groups,marketing region code,TEXT,no,
cre_Drama_Workshop_Groups,drama workshop groups,store name,TEXT,no,
cre_Drama_Workshop_Groups,drama workshop groups,store phone,TEXT,no,
cre_Drama_Workshop_Groups,drama workshop groups,store email address,TEXT,no,
cre_Drama_Workshop_Groups,drama workshop groups,other details,TEXT,no,
cre_Drama_Workshop_Groups,performers,performer id,INT,yes,
cre_Drama_Workshop_Groups,performers,address id,INT,no,addresses.address id
cre_Drama_Workshop_Groups,performers,customer name,TEXT,no,
cre_Drama_Workshop_Groups,performers,customer phone,TEXT,no,
cre_Drama_Workshop_Groups,performers,customer email address,TEXT,no,
cre_Drama_Workshop_Groups,performers,other details,TEXT,no,
cre_Drama_Workshop_Groups,customers,customer id,TEXT,yes,
cre_Drama_Workshop_Groups,customers,address id,INT,no,addresses.address id
cre_Drama_Workshop_Groups,customers,customer name,TEXT,no,
cre_Drama_Workshop_Groups,customers,customer phone,TEXT,no,
cre_Drama_Workshop_Groups,customers,customer email address,TEXT,no,
cre_Drama_Workshop_Groups,customers,other details,TEXT,no,
cre_Drama_Workshop_Groups,stores,store id,TEXT,yes,
cre_Drama_Workshop_Groups,stores,address id,INT,no,addresses.address id
cre_Drama_Workshop_Groups,stores,marketing region code,TEXT,no,marketing regions.marketing region code
cre_Drama_Workshop_Groups,stores,store name,TEXT,no,
cre_Drama_Workshop_Groups,stores,store phone,TEXT,no,
cre_Drama_Workshop_Groups,stores,store email address,TEXT,no,
cre_Drama_Workshop_Groups,stores,other details,TEXT,no,
cre_Drama_Workshop_Groups,bookings,booking id,INT,yes,
cre_Drama_Workshop_Groups,bookings,customer id,INT,no,clients.client id
cre_Drama_Workshop_Groups,bookings,workshop group id,TEXT,no,drama workshop groups.workshop group id
cre_Drama_Workshop_Groups,bookings,status code,TEXT,no,
cre_Drama_Workshop_Groups,bookings,store id,INT,no,
cre_Drama_Workshop_Groups,bookings,order date,TEXT,no,
cre_Drama_Workshop_Groups,bookings,planned delivery date,TEXT,no,
cre_Drama_Workshop_Groups,bookings,actual delivery date,TEXT,no,
cre_Drama_Workshop_Groups,bookings,other order details,TEXT,no,
cre_Drama_Workshop_Groups,performers in bookings,order id,INT,yes,bookings.booking id
cre_Drama_Workshop_Groups,performers in bookings,performer id,INT,no,performers.performer id
cre_Drama_Workshop_Groups,customer orders,order id,INT,yes,
cre_Drama_Workshop_Groups,customer orders,customer id,INT,no,customers.customer id
cre_Drama_Workshop_Groups,customer orders,store id,INT,no,stores.store id
cre_Drama_Workshop_Groups,customer orders,order date,TEXT,no,
cre_Drama_Workshop_Groups,customer orders,planned delivery date,TEXT,no,
cre_Drama_Workshop_Groups,customer orders,actual delivery date,TEXT,no,
cre_Drama_Workshop_Groups,customer orders,other order details,TEXT,no,
cre_Drama_Workshop_Groups,order items,order item id,INT,yes,
cre_Drama_Workshop_Groups,order items,order id,INT,no,customer orders.order id
cre_Drama_Workshop_Groups,order items,product id,INT,no,products.product id
cre_Drama_Workshop_Groups,order items,order quantity,TEXT,no,
cre_Drama_Workshop_Groups,order items,other item details,TEXT,no,
cre_Drama_Workshop_Groups,invoices,invoice id,INT,yes,
cre_Drama_Workshop_Groups,invoices,order id,INT,no,customer orders.order id
cre_Drama_Workshop_Groups,invoices,payment method code,TEXT,no,reference payment methods.payment method code
cre_Drama_Workshop_Groups,invoices,product id,INT,no,
cre_Drama_Workshop_Groups,invoices,order quantity,TEXT,no,
cre_Drama_Workshop_Groups,invoices,other item details,TEXT,no,
cre_Drama_Workshop_Groups,invoices,order item id,INT,no,
cre_Drama_Workshop_Groups,services,service id,INT,yes,
cre_Drama_Workshop_Groups,services,service type code,TEXT,no,reference service types.service type code
cre_Drama_Workshop_Groups,services,workshop group id,INT,no,drama workshop groups.workshop group id
cre_Drama_Workshop_Groups,services,product description,TEXT,no,
cre_Drama_Workshop_Groups,services,product name,TEXT,no,
cre_Drama_Workshop_Groups,services,product price,INT,no,
cre_Drama_Workshop_Groups,services,other product service details,TEXT,no,
cre_Drama_Workshop_Groups,bookings services,order id,INT,yes,bookings.booking id
cre_Drama_Workshop_Groups,bookings services,product id,INT,no,services.service id
cre_Drama_Workshop_Groups,invoice items,invoice item id,INT,yes,
cre_Drama_Workshop_Groups,invoice items,invoice id,INT,no,invoices.invoice id
cre_Drama_Workshop_Groups,invoice items,order id,INT,no,bookings services.order id
cre_Drama_Workshop_Groups,invoice items,order item id,INT,no,order items.order item id
cre_Drama_Workshop_Groups,invoice items,product id,INT,no,bookings services.product id
cre_Drama_Workshop_Groups,invoice items,order quantity,INT,no,
cre_Drama_Workshop_Groups,invoice items,other item details,TEXT,no,
car_1,continents,cont id,INT,yes,
car_1,continents,continent,TEXT,no,
car_1,countries,country id,INT,yes,
car_1,countries,country name,TEXT,no,
car_1,countries,continent,INT,no,continents.cont id
car_1,car makers,id,INT,yes,
car_1,car makers,maker,TEXT,no,
car_1,car makers,full name,TEXT,no,
car_1,car makers,country,TEXT,no,countries.country id
car_1,model list,model id,INT,yes,
car_1,model list,maker,INT,no,car makers.id
car_1,model list,model,TEXT,no,
car_1,car names,make id,INT,yes,
car_1,car names,model,TEXT,no,model list.model
car_1,car names,make,TEXT,no,
car_1,cars data,id,INT,yes,car names.make id
car_1,cars data,mpg,TEXT,no,
car_1,cars data,cylinders,INT,no,
car_1,cars data,edispl,INT,no,
car_1,cars data,horsepower,TEXT,no,
car_1,cars data,weight,INT,no,
car_1,cars data,accelerate,INT,no,
car_1,cars data,year,INT,no,
geo,state,state name,TEXT,yes,
geo,state,population,INT,no,
geo,state,area,INT,no,
geo,state,country name,TEXT,no,
geo,state,capital,TEXT,no,
geo,state,density,INT,no,
geo,city,city name,TEXT,yes,
geo,city,population,INT,no,
geo,city,country name,TEXT,no,
geo,city,state name,TEXT,no,state.state name
geo,border info,state name,TEXT,no,state.state name
geo,border info,border,TEXT,yes,state.state name
geo,highlow,state name,TEXT,yes,state.state name
geo,highlow,highest elevation,TEXT,no,
geo,highlow,lowest point,TEXT,no,
geo,highlow,highest point,TEXT,no,
geo,highlow,lowest elevation,TEXT,no,
geo,lake,lake name,TEXT,no,
geo,lake,area,INT,no,
geo,lake,country name,TEXT,no,
geo,lake,state name,TEXT,no,
geo,mountain,mountain name,TEXT,yes,
geo,mountain,mountain altitude,INT,no,
geo,mountain,country name,TEXT,no,
geo,mountain,state name,TEXT,no,state.state name
geo,river,river name,TEXT,yes,
geo,river,length,INT,no,
geo,river,country name,TEXT,no,
geo,river,traverse,TEXT,no,state.state name
behavior_monitoring,reference address types,address type code,TEXT,yes,
behavior_monitoring,reference address types,address type description,TEXT,no,
behavior_monitoring,reference detention type,detention type code,TEXT,yes,
behavior_monitoring,reference detention type,detention type description,TEXT,no,
behavior_monitoring,reference incident type,incident type code,TEXT,yes,
behavior_monitoring,reference incident type,incident type description,TEXT,no,
behavior_monitoring,addresses,address id,INT,yes,
behavior_monitoring,addresses,line 1,TEXT,no,
behavior_monitoring,addresses,line 2,TEXT,no,
behavior_monitoring,addresses,line 3,TEXT,no,
behavior_monitoring,addresses,city,TEXT,no,
behavior_monitoring,addresses,zip postcode,TEXT,no,
behavior_monitoring,addresses,state province county,TEXT,no,
behavior_monitoring,addresses,country,TEXT,no,
behavior_monitoring,addresses,other address details,TEXT,no,
behavior_monitoring,students,student id,INT,yes,
behavior_monitoring,students,address id,INT,no,addresses.address id
behavior_monitoring,students,first name,TEXT,no,
behavior_monitoring,students,middle name,TEXT,no,
behavior_monitoring,students,last name,TEXT,no,
behavior_monitoring,students,cell mobile number,TEXT,no,
behavior_monitoring,students,email address,TEXT,no,
behavior_monitoring,students,date first rental,TEXT,no,
behavior_monitoring,students,date left university,TEXT,no,
behavior_monitoring,students,other student details,TEXT,no,
behavior_monitoring,teachers,teacher id,INT,yes,
behavior_monitoring,teachers,address id,INT,no,addresses.address id
behavior_monitoring,teachers,first name,TEXT,no,
behavior_monitoring,teachers,middle name,TEXT,no,
behavior_monitoring,teachers,last name,TEXT,no,
behavior_monitoring,teachers,gender,TEXT,no,
behavior_monitoring,teachers,cell mobile number,TEXT,no,
behavior_monitoring,teachers,email address,TEXT,no,
behavior_monitoring,teachers,other details,TEXT,no,
behavior_monitoring,assessment notes,notes id,INT,no,
behavior_monitoring,assessment notes,student id,INT,no,students.student id
behavior_monitoring,assessment notes,teacher id,INT,no,teachers.teacher id
behavior_monitoring,assessment notes,date of notes,TEXT,no,
behavior_monitoring,assessment notes,text of notes,TEXT,no,
behavior_monitoring,assessment notes,other details,TEXT,no,
behavior_monitoring,behavior incident,incident id,INT,yes,
behavior_monitoring,behavior incident,incident type code,TEXT,no,reference incident type.incident type code
behavior_monitoring,behavior incident,student id,INT,no,students.student id
behavior_monitoring,behavior incident,date incident start,TEXT,no,
behavior_monitoring,behavior incident,date incident end,TEXT,no,
behavior_monitoring,behavior incident,incident summary,TEXT,no,
behavior_monitoring,behavior incident,recommendations,TEXT,no,
behavior_monitoring,behavior incident,other details,TEXT,no,
behavior_monitoring,detention,detention id,INT,yes,
behavior_monitoring,detention,detention type code,TEXT,no,reference detention type.detention type code
behavior_monitoring,detention,teacher id,INT,no,teachers.teacher id
behavior_monitoring,detention,datetime detention start,TEXT,no,
behavior_monitoring,detention,datetime detention end,TEXT,no,
behavior_monitoring,detention,detention summary,TEXT,no,
behavior_monitoring,detention,other details,TEXT,no,
behavior_monitoring,student addresses,student id,INT,no,students.student id
behavior_monitoring,student addresses,address id,INT,no,addresses.address id
behavior_monitoring,student addresses,date address from,TEXT,no,
behavior_monitoring,student addresses,date address to,TEXT,no,
behavior_monitoring,student addresses,monthly rental,INT,no,
behavior_monitoring,student addresses,other details,TEXT,no,
behavior_monitoring,students in detention,student id,INT,no,students.student id
behavior_monitoring,students in detention,detention id,INT,no,detention.detention id
behavior_monitoring,students in detention,incident id,INT,no,behavior incident.incident id
cre_Doc_Tracking_DB,reference document types,document type code,TEXT,yes,
cre_Doc_Tracking_DB,reference document types,document type name,TEXT,no,
cre_Doc_Tracking_DB,reference document types,document type description,TEXT,no,
cre_Doc_Tracking_DB,reference calendar,calendar date,TEXT,yes,
cre_Doc_Tracking_DB,reference calendar,day number,INT,no,
cre_Doc_Tracking_DB,reference locations,location code,TEXT,yes,
cre_Doc_Tracking_DB,reference locations,location name,TEXT,no,
cre_Doc_Tracking_DB,reference locations,location description,TEXT,no,
cre_Doc_Tracking_DB,roles,role code,TEXT,yes,
cre_Doc_Tracking_DB,roles,role name,TEXT,no,
cre_Doc_Tracking_DB,roles,role description,TEXT,no,
cre_Doc_Tracking_DB,all documents,document id,INT,yes,
cre_Doc_Tracking_DB,all documents,date stored,TEXT,no,reference calendar.calendar date
cre_Doc_Tracking_DB,all documents,document type code,TEXT,no,reference document types.document type code
cre_Doc_Tracking_DB,all documents,document name,TEXT,no,
cre_Doc_Tracking_DB,all documents,document description,TEXT,no,
cre_Doc_Tracking_DB,all documents,other details,TEXT,no,
cre_Doc_Tracking_DB,employees,employee id,INT,yes,
cre_Doc_Tracking_DB,employees,role code,TEXT,no,roles.role code
cre_Doc_Tracking_DB,employees,employee name,TEXT,no,
cre_Doc_Tracking_DB,employees,gender mfu,TEXT,no,
cre_Doc_Tracking_DB,employees,date of birth,TEXT,no,
cre_Doc_Tracking_DB,employees,other details,TEXT,no,
cre_Doc_Tracking_DB,document locations,document id,INT,yes,all documents.document id
cre_Doc_Tracking_DB,document locations,location code,TEXT,no,reference locations.location code
cre_Doc_Tracking_DB,document locations,date in location from,TEXT,no,reference calendar.calendar date
cre_Doc_Tracking_DB,document locations,date in locaton to,TEXT,no,reference calendar.calendar date
cre_Doc_Tracking_DB,documents to be destroyed,document id,INT,yes,all documents.document id
cre_Doc_Tracking_DB,documents to be destroyed,destruction authorised by employee id,INT,no,employees.employee id
cre_Doc_Tracking_DB,documents to be destroyed,destroyed by employee id,INT,no,employees.employee id
cre_Doc_Tracking_DB,documents to be destroyed,planned destruction date,TEXT,no,reference calendar.calendar date
cre_Doc_Tracking_DB,documents to be destroyed,actual destruction date,TEXT,no,reference calendar.calendar date
cre_Doc_Tracking_DB,documents to be destroyed,other details,TEXT,no,
university_basketball,basketball match,team id,INT,yes,
university_basketball,basketball match,school id,INT,no,university.school id
university_basketball,basketball match,team name,TEXT,no,
university_basketball,basketball match,acc regular season,TEXT,no,
university_basketball,basketball match,acc percent,TEXT,no,
university_basketball,basketball match,acc home,TEXT,no,
university_basketball,basketball match,acc road,TEXT,no,
university_basketball,basketball match,all games,TEXT,no,
university_basketball,basketball match,all games percent,INT,no,
university_basketball,basketball match,all home,TEXT,no,
university_basketball,basketball match,all road,TEXT,no,
university_basketball,basketball match,all neutral,TEXT,no,
university_basketball,university,school id,INT,yes,
university_basketball,university,school,TEXT,no,
university_basketball,university,location,TEXT,no,
university_basketball,university,founded,INT,no,
university_basketball,university,affiliation,TEXT,no,
university_basketball,university,enrollment,INT,no,
university_basketball,university,nickname,TEXT,no,
university_basketball,university,primary conference,TEXT,no,
soccer_2,college,college name,TEXT,yes,
soccer_2,college,state,TEXT,no,
soccer_2,college,enrollment,INT,no,
soccer_2,player,player id,INT,yes,
soccer_2,player,player name,TEXT,no,
soccer_2,player,yes card,TEXT,no,
soccer_2,player,training hours,INT,no,
soccer_2,tryout,player id,INT,yes,player.player id
soccer_2,tryout,college name,TEXT,no,college.college name
soccer_2,tryout,player position,TEXT,no,
soccer_2,tryout,decision,TEXT,no,
activity_1,activity,activity id,INT,yes,
activity_1,activity,activity name,TEXT,no,
activity_1,participates in,student id,INT,no,student.student id
activity_1,participates in,activity id,INT,no,activity.activity id
activity_1,faculty participates in,faculty id,INT,no,faculty.faculty id
activity_1,faculty participates in,activity id,INT,no,activity.activity id
activity_1,student,student id,INT,yes,
activity_1,student,last name,TEXT,no,
activity_1,student,first name,TEXT,no,
activity_1,student,age,INT,no,
activity_1,student,sex,TEXT,no,
activity_1,student,major,INT,no,
activity_1,student,advisor,INT,no,
activity_1,student,city code,TEXT,no,
activity_1,faculty,faculty id,INT,yes,
activity_1,faculty,last name,TEXT,no,
activity_1,faculty,first name,TEXT,no,
activity_1,faculty,rank,TEXT,no,
activity_1,faculty,sex,TEXT,no,
activity_1,faculty,phone,INT,no,
activity_1,faculty,room,TEXT,no,
activity_1,faculty,building,TEXT,no,
cre_Theme_park,ref hotel star ratings,star rating code,TEXT,yes,
cre_Theme_park,ref hotel star ratings,star rating description,TEXT,no,
cre_Theme_park,locations,location id,INT,yes,
cre_Theme_park,locations,location name,TEXT,no,
cre_Theme_park,locations,address,TEXT,no,
cre_Theme_park,locations,other details,TEXT,no,
cre_Theme_park,ref attraction types,attraction type code,TEXT,yes,
cre_Theme_park,ref attraction types,attraction type description,TEXT,no,
cre_Theme_park,visitors,tourist id,INT,yes,
cre_Theme_park,visitors,tourist details,TEXT,no,
cre_Theme_park,features,feature id,INT,yes,
cre_Theme_park,features,feature details,TEXT,no,
cre_Theme_park,hotels,hotel id,INT,yes,
cre_Theme_park,hotels,star rating code,TEXT,no,ref hotel star ratings.star rating code
cre_Theme_park,hotels,pets allowed yn,TEXT,no,
cre_Theme_park,hotels,price range,INT,no,
cre_Theme_park,hotels,other hotel details,TEXT,no,
cre_Theme_park,tourist attractions,tourist attraction id,INT,yes,
cre_Theme_park,tourist attractions,attraction type code,TEXT,no,ref attraction types.attraction type code
cre_Theme_park,tourist attractions,location id,INT,no,locations.location id
cre_Theme_park,tourist attractions,how to get there,TEXT,no,
cre_Theme_park,tourist attractions,name,TEXT,no,
cre_Theme_park,tourist attractions,description,TEXT,no,
cre_Theme_park,tourist attractions,opening hours,TEXT,no,
cre_Theme_park,tourist attractions,other details,TEXT,no,
cre_Theme_park,street markets,market id,INT,yes,tourist attractions.tourist attraction id
cre_Theme_park,street markets,market details,TEXT,no,
cre_Theme_park,shops,shop id,INT,yes,tourist attractions.tourist attraction id
cre_Theme_park,shops,shop details,TEXT,no,
cre_Theme_park,museums,museum id,INT,yes,tourist attractions.tourist attraction id
cre_Theme_park,museums,museum details,TEXT,no,
cre_Theme_park,royal family,royal family id,INT,yes,tourist attractions.tourist attraction id
cre_Theme_park,royal family,royal family details,TEXT,no,
cre_Theme_park,theme parks,theme park id,INT,yes,tourist attractions.tourist attraction id
cre_Theme_park,theme parks,theme park details,TEXT,no,
cre_Theme_park,visits,visit id,INT,yes,
cre_Theme_park,visits,tourist attraction id,INT,no,tourist attractions.tourist attraction id
cre_Theme_park,visits,tourist id,INT,no,visitors.tourist id
cre_Theme_park,visits,visit date,TEXT,no,
cre_Theme_park,visits,visit details,TEXT,no,
cre_Theme_park,photos,photo id,INT,yes,
cre_Theme_park,photos,tourist attraction id,INT,no,tourist attractions.tourist attraction id
cre_Theme_park,photos,name,TEXT,no,
cre_Theme_park,photos,description,TEXT,no,
cre_Theme_park,photos,filename,TEXT,no,
cre_Theme_park,photos,other details,TEXT,no,
cre_Theme_park,staff,staff id,INT,yes,
cre_Theme_park,staff,tourist attraction id,INT,no,tourist attractions.tourist attraction id
cre_Theme_park,staff,name,TEXT,no,
cre_Theme_park,staff,other details,TEXT,no,
cre_Theme_park,tourist attraction features,tourist attraction id,INT,yes,tourist attractions.tourist attraction id
cre_Theme_park,tourist attraction features,feature id,INT,no,features.feature id
twitter_1,follows,user id,INT,yes,user profiles.uid
twitter_1,follows,follower id,INT,no,user profiles.uid
twitter_1,tweets,id,INT,yes,
twitter_1,tweets,user id,INT,no,user profiles.uid
twitter_1,tweets,text,TEXT,no,
twitter_1,tweets,create date,TEXT,no,
twitter_1,user profiles,uid,INT,yes,
twitter_1,user profiles,name,TEXT,no,
twitter_1,user profiles,email,TEXT,no,
twitter_1,user profiles,partition id,INT,no,
twitter_1,user profiles,followers,INT,no,
election_representative,election,election id,INT,yes,
election_representative,election,representative id,INT,no,representative.representative id
election_representative,election,date,TEXT,no,
election_representative,election,votes,INT,no,
election_representative,election,vote percent,INT,no,
election_representative,election,seats,INT,no,
election_representative,election,place,INT,no,
election_representative,representative,representative id,INT,yes,
election_representative,representative,name,TEXT,no,
election_representative,representative,state,TEXT,no,
election_representative,representative,party,TEXT,no,
election_representative,representative,lifespan,TEXT,no,
voter_2,student,student id,INT,yes,
voter_2,student,last name,TEXT,no,
voter_2,student,first name,TEXT,no,
voter_2,student,age,INT,no,
voter_2,student,sex,TEXT,no,
voter_2,student,major,INT,no,
voter_2,student,advisor,INT,no,
voter_2,student,city code,TEXT,no,
voter_2,voting record,student id,INT,no,student.student id
voter_2,voting record,registration date,TEXT,no,
voter_2,voting record,election cycle,TEXT,no,
voter_2,voting record,president vote,INT,no,student.student id
voter_2,voting record,vice president vote,INT,no,student.student id
voter_2,voting record,secretary vote,INT,no,student.student id
voter_2,voting record,treasurer vote,INT,no,student.student id
voter_2,voting record,class president vote,INT,no,student.student id
voter_2,voting record,class senator vote,INT,no,student.student id
wedding,people,people id,INT,yes,
wedding,people,name,TEXT,no,
wedding,people,country,TEXT,no,
wedding,people,is male,TEXT,no,
wedding,people,age,INT,no,
wedding,church,church id,INT,yes,
wedding,church,name,TEXT,no,
wedding,church,organized by,TEXT,no,
wedding,church,open date,INT,no,
wedding,church,continuation of,TEXT,no,
wedding,wedding,church id,INT,yes,church.church id
wedding,wedding,male id,INT,no,people.people id
wedding,wedding,female id,INT,no,people.people id
wedding,wedding,year,INT,no,
news_report,event,event id,INT,yes,
news_report,event,date,TEXT,no,
news_report,event,venue,TEXT,no,
news_report,event,name,TEXT,no,
news_report,event,event attendance,INT,no,
news_report,journalist,journalist id,INT,yes,
news_report,journalist,name,TEXT,no,
news_report,journalist,nationality,TEXT,no,
news_report,journalist,age,TEXT,no,
news_report,journalist,years working,INT,no,
news_report,news report,journalist id,INT,yes,journalist.journalist id
news_report,news report,event id,INT,no,event.event id
news_report,news report,work type,TEXT,no,
wine_1,grapes,id,INT,yes,
wine_1,grapes,grape,TEXT,no,
wine_1,grapes,color,TEXT,no,
wine_1,appellations,no,INT,yes,
wine_1,appellations,appelation,TEXT,no,
wine_1,appellations,county,TEXT,no,
wine_1,appellations,state,TEXT,no,
wine_1,appellations,area,TEXT,no,
wine_1,appellations,isava,TEXT,no,
wine_1,wine,no,INT,no,
wine_1,wine,grape,TEXT,no,grapes.grape
wine_1,wine,winery,TEXT,no,
wine_1,wine,appelation,TEXT,no,appellations.appelation
wine_1,wine,state,TEXT,no,
wine_1,wine,name,TEXT,no,
wine_1,wine,year,INT,no,
wine_1,wine,price,INT,no,
wine_1,wine,score,INT,no,
wine_1,wine,cases,INT,no,
wine_1,wine,drink,TEXT,no,
customers_and_addresses,addresses,address id,INT,yes,
customers_and_addresses,addresses,address content,TEXT,no,
customers_and_addresses,addresses,city,TEXT,no,
customers_and_addresses,addresses,zip postcode,TEXT,no,
customers_and_addresses,addresses,state province county,TEXT,no,
customers_and_addresses,addresses,country,TEXT,no,
customers_and_addresses,addresses,other address details,TEXT,no,
customers_and_addresses,products,product id,INT,yes,
customers_and_addresses,products,product details,TEXT,no,
customers_and_addresses,customers,customer id,INT,yes,
customers_and_addresses,customers,payment method,TEXT,no,
customers_and_addresses,customers,customer name,TEXT,no,
customers_and_addresses,customers,date became customer,TEXT,no,
customers_and_addresses,customers,other customer details,TEXT,no,
customers_and_addresses,customer addresses,customer id,INT,no,customers.customer id
customers_and_addresses,customer addresses,address id,INT,no,addresses.address id
customers_and_addresses,customer addresses,date address from,TEXT,no,
customers_and_addresses,customer addresses,address type,TEXT,no,
customers_and_addresses,customer addresses,date address to,TEXT,no,
customers_and_addresses,customer contact channels,customer id,INT,no,customers.customer id
customers_and_addresses,customer contact channels,channel code,TEXT,no,
customers_and_addresses,customer contact channels,active from date,TEXT,no,
customers_and_addresses,customer contact channels,active to date,TEXT,no,
customers_and_addresses,customer contact channels,contact number,TEXT,no,
customers_and_addresses,customer orders,order id,INT,yes,
customers_and_addresses,customer orders,customer id,INT,no,customers.customer id
customers_and_addresses,customer orders,order status,TEXT,no,
customers_and_addresses,customer orders,order date,TEXT,no,
customers_and_addresses,customer orders,order details,TEXT,no,
customers_and_addresses,order items,order id,INT,no,customer orders.order id
customers_and_addresses,order items,product id,INT,no,products.product id
customers_and_addresses,order items,order quantity,TEXT,no,
protein_institute,building,building id,TEXT,yes,
protein_institute,building,name,TEXT,no,
protein_institute,building,street address,TEXT,no,
protein_institute,building,years as tallest,TEXT,no,
protein_institute,building,height feet,INT,no,
protein_institute,building,floors,INT,no,
protein_institute,institution,institution id,TEXT,yes,
protein_institute,institution,institution,TEXT,no,
protein_institute,institution,location,TEXT,no,
protein_institute,institution,founded,INT,no,
protein_institute,institution,type,TEXT,no,
protein_institute,institution,enrollment,INT,no,
protein_institute,institution,team,TEXT,no,
protein_institute,institution,primary conference,TEXT,no,
protein_institute,institution,building id,TEXT,no,building.building id
protein_institute,protein,common name,TEXT,yes,
protein_institute,protein,protein name,TEXT,no,
protein_institute,protein,divergence from human lineage,INT,no,
protein_institute,protein,accession number,TEXT,no,
protein_institute,protein,sequence length,INT,no,
protein_institute,protein,sequence identity to human protein,TEXT,no,
protein_institute,protein,institution id,TEXT,no,institution.institution id
school_player,school,school id,INT,yes,
school_player,school,school,TEXT,no,
school_player,school,location,TEXT,no,
school_player,school,enrollment,INT,no,
school_player,school,founded,INT,no,
school_player,school,denomination,TEXT,no,
school_player,school,boys or girls,TEXT,no,
school_player,school,day or boarding,TEXT,no,
school_player,school,year entered competition,INT,no,
school_player,school,school colors,TEXT,no,
school_player,school details,school id,INT,yes,school.school id
school_player,school details,nickname,TEXT,no,
school_player,school details,colors,TEXT,no,
school_player,school details,league,TEXT,no,
school_player,school details,class,TEXT,no,
school_player,school details,division,TEXT,no,
school_player,school performance,school id,INT,yes,school.school id
school_player,school performance,school year,TEXT,no,
school_player,school performance,class a,TEXT,no,
school_player,school performance,class aa,TEXT,no,
school_player,player,player id,INT,yes,
school_player,player,player,TEXT,no,
school_player,player,team,TEXT,no,
school_player,player,age,INT,no,
school_player,player,position,TEXT,no,
school_player,player,school id,INT,no,school.school id
phone_1,chip model,model name,TEXT,yes,
phone_1,chip model,launch year,INT,no,
phone_1,chip model,ram mib,INT,no,
phone_1,chip model,rom mib,INT,no,
phone_1,chip model,slots,TEXT,no,
phone_1,chip model,wifi,TEXT,no,
phone_1,chip model,bluetooth,TEXT,no,
phone_1,screen mode,graphics mode,INT,yes,
phone_1,screen mode,char cells,TEXT,no,
phone_1,screen mode,pixels,TEXT,no,
phone_1,screen mode,hardware colours,INT,no,
phone_1,screen mode,used kb,INT,no,
phone_1,screen mode,map,TEXT,no,
phone_1,screen mode,type,TEXT,no,
phone_1,phone,company name,TEXT,no,
phone_1,phone,hardware model name,TEXT,yes,
phone_1,phone,accreditation type,TEXT,no,
phone_1,phone,accreditation level,TEXT,no,
phone_1,phone,date,TEXT,no,
phone_1,phone,chip model,TEXT,no,chip model.model name
phone_1,phone,screen mode,TEXT,no,screen mode.graphics mode
tvshow,tv channel,id,TEXT,yes,
tvshow,tv channel,series name,TEXT,no,
tvshow,tv channel,country,TEXT,no,
tvshow,tv channel,language,TEXT,no,
tvshow,tv channel,content,TEXT,no,
tvshow,tv channel,pixel aspect ratio par,TEXT,no,
tvshow,tv channel,hight definition tv,TEXT,no,
tvshow,tv channel,pay per view ppv,TEXT,no,
tvshow,tv channel,package option,TEXT,no,
tvshow,tv series,id,INT,yes,
tvshow,tv series,episode,TEXT,no,
tvshow,tv series,air date,TEXT,no,
tvshow,tv series,rating,TEXT,no,
tvshow,tv series,share,INT,no,
tvshow,tv series,18 49 rating share,TEXT,no,
tvshow,tv series,viewers m,TEXT,no,
tvshow,tv series,weekly rank,INT,no,
tvshow,tv series,channel,TEXT,no,tv channel.id
tvshow,cartoon,id,INT,yes,
tvshow,cartoon,title,TEXT,no,
tvshow,cartoon,directed by,TEXT,no,
tvshow,cartoon,written by,TEXT,no,
tvshow,cartoon,original air date,TEXT,no,
tvshow,cartoon,production code,INT,no,
tvshow,cartoon,channel,TEXT,no,tv channel.id
wrestler,wrestler,wrestler id,INT,yes,
wrestler,wrestler,name,TEXT,no,
wrestler,wrestler,reign,TEXT,no,
wrestler,wrestler,days held,TEXT,no,
wrestler,wrestler,location,TEXT,no,
wrestler,wrestler,event,TEXT,no,
wrestler,elimination,elimination id,TEXT,yes,
wrestler,elimination,wrestler id,TEXT,no,wrestler.wrestler id
wrestler,elimination,team,TEXT,no,
wrestler,elimination,eliminated by,TEXT,no,
wrestler,elimination,elimination move,TEXT,no,
wrestler,elimination,time,TEXT,no,
customer_complaints,staff,staff id,INT,yes,
customer_complaints,staff,gender,TEXT,no,
customer_complaints,staff,first name,TEXT,no,
customer_complaints,staff,last name,TEXT,no,
customer_complaints,staff,email address,TEXT,no,
customer_complaints,staff,phone number,TEXT,no,
customer_complaints,customers,customer id,INT,yes,
customer_complaints,customers,customer type code,TEXT,no,
customer_complaints,customers,address line 1,TEXT,no,
customer_complaints,customers,address line 2,TEXT,no,
customer_complaints,customers,town city,TEXT,no,
customer_complaints,customers,state,TEXT,no,
customer_complaints,customers,email address,TEXT,no,
customer_complaints,customers,phone number,TEXT,no,
customer_complaints,products,product id,INT,yes,
customer_complaints,products,parent product id,INT,no,
customer_complaints,products,product category code,TEXT,no,
customer_complaints,products,date product first available,TEXT,no,
customer_complaints,products,date product discontinued,TEXT,no,
customer_complaints,products,product name,TEXT,no,
customer_complaints,products,product description,TEXT,no,
customer_complaints,products,product price,INT,no,
customer_complaints,complaints,complaint id,INT,no,
customer_complaints,complaints,product id,INT,no,products.product id
customer_complaints,complaints,customer id,INT,no,customers.customer id
customer_complaints,complaints,complaint outcome code,TEXT,no,
customer_complaints,complaints,complaint status code,TEXT,no,
customer_complaints,complaints,complaint type code,TEXT,no,
customer_complaints,complaints,date complaint raised,TEXT,no,
customer_complaints,complaints,date complaint closed,TEXT,no,
customer_complaints,complaints,staff id,INT,no,staff.staff id
department_management,department,department id,INT,yes,
department_management,department,name,TEXT,no,
department_management,department,creation,TEXT,no,
department_management,department,ranking,INT,no,
department_management,department,budget in billions,INT,no,
department_management,department,num employees,INT,no,
department_management,head,head id,INT,yes,
department_management,head,name,TEXT,no,
department_management,head,born state,TEXT,no,
department_management,head,age,INT,no,
department_management,management,department id,INT,yes,department.department id
department_management,management,head id,INT,no,head.head id
department_management,management,temporary acting,TEXT,no,
customers_and_products_contacts,addresses,address id,INT,yes,
customers_and_products_contacts,addresses,line 1 number building,TEXT,no,
customers_and_products_contacts,addresses,city,TEXT,no,
customers_and_products_contacts,addresses,zip postcode,TEXT,no,
customers_and_products_contacts,addresses,state province county,TEXT,no,
customers_and_products_contacts,addresses,country,TEXT,no,
customers_and_products_contacts,products,product id,INT,yes,
customers_and_products_contacts,products,product type code,TEXT,no,
customers_and_products_contacts,products,product name,TEXT,no,
customers_and_products_contacts,products,product price,INT,no,
customers_and_products_contacts,customers,customer id,INT,yes,
customers_and_products_contacts,customers,payment method code,TEXT,no,
customers_and_products_contacts,customers,customer number,TEXT,no,
customers_and_products_contacts,customers,customer name,TEXT,no,
customers_and_products_contacts,customers,customer address,TEXT,no,
customers_and_products_contacts,customers,customer phone,TEXT,no,
customers_and_products_contacts,customers,customer email,TEXT,no,
customers_and_products_contacts,contacts,contact id,INT,yes,
customers_and_products_contacts,contacts,customer id,INT,no,
customers_and_products_contacts,contacts,gender,TEXT,no,
customers_and_products_contacts,contacts,first name,TEXT,no,
customers_and_products_contacts,contacts,last name,TEXT,no,
customers_and_products_contacts,contacts,contact phone,TEXT,no,
customers_and_products_contacts,customer address history,customer id,INT,no,customers.customer id
customers_and_products_contacts,customer address history,address id,INT,no,addresses.address id
customers_and_products_contacts,customer address history,date from,TEXT,no,
customers_and_products_contacts,customer address history,date to,TEXT,no,
customers_and_products_contacts,customer orders,order id,INT,yes,
customers_and_products_contacts,customer orders,customer id,INT,no,customers.customer id
customers_and_products_contacts,customer orders,order date,TEXT,no,
customers_and_products_contacts,customer orders,order status code,TEXT,no,
customers_and_products_contacts,order items,order item id,INT,no,
customers_and_products_contacts,order items,order id,INT,no,customer orders.order id
customers_and_products_contacts,order items,product id,INT,no,products.product id
customers_and_products_contacts,order items,order quantity,TEXT,no,
company_1,works on,employee ssn,INT,yes,
company_1,works on,project number,INT,no,
company_1,works on,hours,INT,no,
company_1,employee,first name,TEXT,no,
company_1,employee,minit,TEXT,no,
company_1,employee,last name,TEXT,no,
company_1,employee,ssn,INT,yes,
company_1,employee,birth date,TEXT,no,
company_1,employee,address,TEXT,no,
company_1,employee,sex,TEXT,no,
company_1,employee,salary,INT,no,
company_1,employee,super ssn,INT,no,
company_1,employee,department no,INT,no,
company_1,department,department name,TEXT,no,
company_1,department,department number,INT,yes,
company_1,department,manager ssn,INT,no,
company_1,department,manager start date,TEXT,no,
company_1,project,dependent name,TEXT,no,
company_1,project,dependent number,INT,yes,
company_1,project,dependent location,TEXT,no,
company_1,project,department number,INT,no,
company_1,dependent,employee ssn,INT,yes,
company_1,dependent,dependent name,TEXT,no,
company_1,dependent,sex,TEXT,no,
company_1,dependent,birth date,TEXT,no,
company_1,dependent,relationship,TEXT,no,
company_1,department locations,department number,INT,yes,
company_1,department locations,department location,TEXT,no,
workshop_paper,workshop,workshop id,INT,yes,
workshop_paper,workshop,date,TEXT,no,
workshop_paper,workshop,venue,TEXT,no,
workshop_paper,workshop,name,TEXT,no,
workshop_paper,submission,submission id,INT,yes,
workshop_paper,submission,scores,INT,no,
workshop_paper,submission,author,TEXT,no,
workshop_paper,submission,college,TEXT,no,
workshop_paper,acceptance,submission id,INT,yes,submission.submission id
workshop_paper,acceptance,workshop id,INT,no,workshop.workshop id
workshop_paper,acceptance,result,TEXT,no,
epinions_1,item,item id,INT,yes,
epinions_1,item,title,TEXT,no,
epinions_1,review,a id,INT,yes,
epinions_1,review,user id,INT,no,useracct.user id
epinions_1,review,item id,INT,no,item.item id
epinions_1,review,rating,INT,no,
epinions_1,review,rank,INT,no,
epinions_1,useracct,user id,INT,yes,
epinions_1,useracct,name,TEXT,no,
epinions_1,trust,source user id,INT,no,useracct.user id
epinions_1,trust,target user id,INT,no,useracct.user id
epinions_1,trust,trust,INT,no,
party_host,party,party id,INT,yes,
party_host,party,party theme,TEXT,no,
party_host,party,location,TEXT,no,
party_host,party,first year,TEXT,no,
party_host,party,last year,TEXT,no,
party_host,party,number of hosts,INT,no,
party_host,host,host id,INT,yes,
party_host,host,name,TEXT,no,
party_host,host,nationality,TEXT,no,
party_host,host,age,TEXT,no,
party_host,party host,party id,INT,yes,party.party id
party_host,party host,host id,INT,no,host.host id
party_host,party host,is main in charge,TEXT,no,
product_catalog,attribute definitions,attribute id,INT,yes,
product_catalog,attribute definitions,attribute name,TEXT,no,
product_catalog,attribute definitions,attribute data type,TEXT,no,
product_catalog,catalogs,catalog id,INT,yes,
product_catalog,catalogs,catalog name,TEXT,no,
product_catalog,catalogs,catalog publisher,TEXT,no,
product_catalog,catalogs,date of publication,TEXT,no,
product_catalog,catalogs,date of latest revision,TEXT,no,
product_catalog,catalog structure,catalog level number,INT,yes,
product_catalog,catalog structure,catalog id,INT,no,catalogs.catalog id
product_catalog,catalog structure,catalog level name,TEXT,no,
product_catalog,catalog contents,catalog entry id,INT,yes,
product_catalog,catalog contents,catalog level number,INT,no,catalog structure.catalog level number
product_catalog,catalog contents,parent entry id,INT,no,
product_catalog,catalog contents,previous entry id,INT,no,
product_catalog,catalog contents,next entry id,INT,no,
product_catalog,catalog contents,catalog entry name,TEXT,no,
product_catalog,catalog contents,product stock number,TEXT,no,
product_catalog,catalog contents,price in dollars,INT,no,
product_catalog,catalog contents,price in euros,INT,no,
product_catalog,catalog contents,price in pounds,INT,no,
product_catalog,catalog contents,capacity,TEXT,no,
product_catalog,catalog contents,length,TEXT,no,
product_catalog,catalog contents,height,TEXT,no,
product_catalog,catalog contents,width,TEXT,no,
product_catalog,catalog contents additional attributes,catalog entry id,INT,no,catalog contents.catalog entry id
product_catalog,catalog contents additional attributes,catalog level number,INT,no,catalog structure.catalog level number
product_catalog,catalog contents additional attributes,attribute id,INT,no,
product_catalog,catalog contents additional attributes,attribute value,TEXT,no,
